workerId,areaCode,ppm,at
W-1101,SRU,3.3,2026-08-25T00:00:00
W-1101,SRU,2.4,2026-08-25T00:30:00
W-1101,SRU,4.3,2026-08-25T01:00:00
W-1101,SRU,4.3,2026-08-25T01:30:00
W-1101,SRU,15.8,2026-08-25T02:00:00
W-1101,SRU,21.5,2026-08-25T02:30:00
W-1101,SRU,7.7,2026-08-25T03:00:00
W-1101,SRU,2.3,2026-08-25T03:30:00
W-1101,SRU,4.5,2026-08-25T04:00:00
W-1101,SRU,3.8,2026-08-25T04:30:00
W-1101,SRU,5.8,2026-08-25T05:00:00
W-1101,SRU,5.2,2026-08-25T05:30:00
W-1101,SRU,3.5,2026-08-25T06:00:00
W-1101,SRU,3.6,2026-08-25T06:30:00
W-1101,SRU,6.0,2026-08-25T07:00:00
W-1101,SRU,5.7,2026-08-25T07:30:00
W-1104,ARU,4.1,2026-08-25T08:00:00
W-1104,ARU,4.8,2026-08-25T08:30:00
W-1104,ARU,3.3,2026-08-25T09:00:00
W-1104,ARU,4.0,2026-08-25T09:30:00
W-1104,ARU,4.0,2026-08-25T10:00:00
W-1104,ARU,2.2,2026-08-25T10:30:00
W-1104,ARU,4.7,2026-08-25T11:00:00
W-1104,ARU,3.4,2026-08-25T11:30:00
W-1104,ARU,2.1,2026-08-25T12:00:00
W-1104,ARU,2.9,2026-08-25T12:30:00
W-1104,ARU,4.5,2026-08-25T13:00:00
W-1104,ARU,4.0,2026-08-25T13:30:00
W-1104,ARU,4.4,2026-08-25T14:00:00
W-1104,ARU,4.7,2026-08-25T14:30:00
W-1104,ARU,3.9,2026-08-25T15:00:00
W-1104,ARU,3.8,2026-08-25T15:30:00
W-1110,DCU,2.5,2026-08-25T00:00:00
W-1110,DCU,1.9,2026-08-25T00:30:00
W-1110,DCU,4.8,2026-08-25T01:00:00
W-1110,DCU,9.0,2026-08-25T01:30:00
W-1110,DCU,3.5,2026-08-25T02:00:00
W-1110,DCU,2.1,2026-08-25T02:30:00
W-1110,DCU,7.0,2026-08-25T03:00:00
W-1110,DCU,7.6,2026-08-25T03:30:00
W-1110,DCU,1.6,2026-08-25T04:00:00
W-1110,DCU,1.6,2026-08-25T04:30:00
W-1110,DCU,2.7,2026-08-25T05:00:00
W-1110,DCU,2.9,2026-08-25T05:30:00
W-1110,DCU,2.8,2026-08-25T06:00:00
W-1110,DCU,3.0,2026-08-25T06:30:00
W-1110,DCU,3.0,2026-08-25T07:00:00
W-1110,DCU,1.5,2026-08-25T07:30:00
W-1113,HCU,1.5,2026-08-25T08:00:00
W-1113,HCU,1.6,2026-08-25T08:30:00
W-1113,HCU,1.9,2026-08-25T09:00:00
W-1113,HCU,1.4,2026-08-25T09:30:00
W-1113,HCU,1.7,2026-08-25T10:00:00
W-1113,HCU,2.4,2026-08-25T10:30:00
W-1113,HCU,1.8,2026-08-25T11:00:00
W-1113,HCU,2.5,2026-08-25T11:30:00
W-1113,HCU,1.0,2026-08-25T12:00:00
W-1113,HCU,2.5,2026-08-25T12:30:00
W-1113,HCU,2.3,2026-08-25T13:00:00
W-1113,HCU,1.5,2026-08-25T13:30:00
W-1113,HCU,1.9,2026-08-25T14:00:00
W-1113,HCU,1.9,2026-08-25T14:30:00
W-1113,HCU,1.6,2026-08-25T15:00:00
W-1113,HCU,2.2,2026-08-25T15:30:00
W-1116,DHDT,0.9,2026-08-25T16:00:00
W-1116,DHDT,1.5,2026-08-25T16:30:00
W-1116,DHDT,0.8,2026-08-25T17:00:00
W-1116,DHDT,1.2,2026-08-25T17:30:00
W-1116,DHDT,1.2,2026-08-25T18:00:00
W-1116,DHDT,1.5,2026-08-25T18:30:00
W-1116,DHDT,1.3,2026-08-25T19:00:00
W-1116,DHDT,1.2,2026-08-25T19:30:00
W-1116,DHDT,0.9,2026-08-25T20:00:00
W-1116,DHDT,1.2,2026-08-25T20:30:00
W-1116,DHDT,2.2,2026-08-25T21:00:00
W-1116,DHDT,2.2,2026-08-25T21:30:00
W-1116,DHDT,1.6,2026-08-25T22:00:00
W-1116,DHDT,1.8,2026-08-25T22:30:00
W-1116,DHDT,3.8,2026-08-25T23:00:00
W-1116,DHDT,1.9,2026-08-25T23:30:00
W-1119,CDU-III,1.3,2026-08-25T00:00:00
W-1119,CDU-III,0.7,2026-08-25T00:30:00
W-1119,CDU-III,1.6,2026-08-25T01:00:00
W-1119,CDU-III,1.5,2026-08-25T01:30:00
W-1119,CDU-III,0.9,2026-08-25T02:00:00
W-1119,CDU-III,0.8,2026-08-25T02:30:00
W-1119,CDU-III,0.9,2026-08-25T03:00:00
W-1119,CDU-III,0.7,2026-08-25T03:30:00
W-1119,CDU-III,1.4,2026-08-25T04:00:00
W-1119,CDU-III,0.9,2026-08-25T04:30:00
W-1119,CDU-III,1.5,2026-08-25T05:00:00
W-1119,CDU-III,1.2,2026-08-25T05:30:00
W-1119,CDU-III,1.3,2026-08-25T06:00:00
W-1119,CDU-III,1.3,2026-08-25T06:30:00
W-1119,CDU-III,1.0,2026-08-25T07:00:00
W-1119,CDU-III,0.7,2026-08-25T07:30:00
W-1122,ETP,1.0,2026-08-25T08:00:00
W-1122,ETP,0.8,2026-08-25T08:30:00
W-1122,ETP,1.0,2026-08-25T09:00:00
W-1122,ETP,1.1,2026-08-25T09:30:00
W-1122,ETP,0.9,2026-08-25T10:00:00
W-1122,ETP,0.9,2026-08-25T10:30:00
W-1122,ETP,1.3,2026-08-25T11:00:00
W-1122,ETP,0.9,2026-08-25T11:30:00
W-1122,ETP,1.2,2026-08-25T12:00:00
W-1122,ETP,0.5,2026-08-25T12:30:00
W-1122,ETP,1.3,2026-08-25T13:00:00
W-1122,ETP,1.0,2026-08-25T13:30:00
W-1122,ETP,0.7,2026-08-25T14:00:00
W-1122,ETP,0.7,2026-08-25T14:30:00
W-1122,ETP,0.7,2026-08-25T15:00:00
W-1122,ETP,0.7,2026-08-25T15:30:00
W-1125,TF,0.4,2026-08-25T16:00:00
W-1125,TF,0.7,2026-08-25T16:30:00
W-1125,TF,0.7,2026-08-25T17:00:00
W-1125,TF,0.3,2026-08-25T17:30:00
W-1125,TF,0.7,2026-08-25T18:00:00
W-1125,TF,0.7,2026-08-25T18:30:00
W-1125,TF,0.6,2026-08-25T19:00:00
W-1125,TF,0.4,2026-08-25T19:30:00
W-1125,TF,0.6,2026-08-25T20:00:00
W-1125,TF,0.4,2026-08-25T20:30:00
W-1125,TF,0.6,2026-08-25T21:00:00
W-1125,TF,0.3,2026-08-25T21:30:00
W-1125,TF,0.6,2026-08-25T22:00:00
W-1125,TF,0.3,2026-08-25T22:30:00
W-1125,TF,1.5,2026-08-25T23:00:00
W-1125,TF,1.3,2026-08-25T23:30:00
W-1128,SRU,2.7,2026-08-25T00:00:00
W-1128,SRU,4.5,2026-08-25T00:30:00
W-1128,SRU,2.6,2026-08-25T01:00:00
W-1128,SRU,5.5,2026-08-25T01:30:00
W-1128,SRU,4.4,2026-08-25T02:00:00
W-1128,SRU,3.0,2026-08-25T02:30:00
W-1128,SRU,4.3,2026-08-25T03:00:00
W-1128,SRU,4.9,2026-08-25T03:30:00
W-1128,SRU,5.4,2026-08-25T04:00:00
W-1128,SRU,2.9,2026-08-25T04:30:00
W-1128,SRU,2.6,2026-08-25T05:00:00
W-1128,SRU,5.3,2026-08-25T05:30:00
W-1128,SRU,4.1,2026-08-25T06:00:00
W-1128,SRU,5.7,2026-08-25T06:30:00
W-1128,SRU,5.6,2026-08-25T07:00:00
W-1128,SRU,5.0,2026-08-25T07:30:00
W-1131,ARU,3.7,2026-08-25T08:00:00
W-1131,ARU,3.2,2026-08-25T08:30:00
W-1131,ARU,2.0,2026-08-25T09:00:00
W-1131,ARU,4.8,2026-08-25T09:30:00
W-1131,ARU,4.3,2026-08-25T10:00:00
W-1131,ARU,4.4,2026-08-25T10:30:00
W-1131,ARU,3.5,2026-08-25T11:00:00
W-1131,ARU,4.0,2026-08-25T11:30:00
W-1131,ARU,4.5,2026-08-25T12:00:00
W-1131,ARU,3.3,2026-08-25T12:30:00
W-1131,ARU,3.2,2026-08-25T13:00:00
W-1131,ARU,4.9,2026-08-25T13:30:00
W-1131,ARU,2.3,2026-08-25T14:00:00
W-1131,ARU,4.8,2026-08-25T14:30:00
W-1131,ARU,2.4,2026-08-25T15:00:00
W-1131,ARU,5.1,2026-08-25T15:30:00
W-1134,SWS,5.5,2026-08-25T16:00:00
W-1134,SWS,4.8,2026-08-25T16:30:00
W-1134,SWS,2.7,2026-08-25T17:00:00
W-1134,SWS,5.3,2026-08-25T17:30:00
W-1134,SWS,8.5,2026-08-25T18:00:00
W-1134,SWS,12.8,2026-08-25T18:30:00
W-1134,SWS,15.3,2026-08-25T19:00:00
W-1134,SWS,2.5,2026-08-25T19:30:00
W-1134,SWS,3.5,2026-08-25T20:00:00
W-1134,SWS,5.4,2026-08-25T20:30:00
W-1134,SWS,4.3,2026-08-25T21:00:00
W-1134,SWS,5.7,2026-08-25T21:30:00
W-1134,SWS,5.3,2026-08-25T22:00:00
W-1134,SWS,5.1,2026-08-25T22:30:00
W-1134,SWS,4.9,2026-08-25T23:00:00
W-1134,SWS,4.4,2026-08-25T23:30:00
W-1137,DCU,1.8,2026-08-25T00:00:00
W-1137,DCU,2.6,2026-08-25T00:30:00
W-1137,DCU,1.6,2026-08-25T01:00:00
W-1137,DCU,5.4,2026-08-25T01:30:00
W-1137,DCU,2.5,2026-08-25T02:00:00
W-1137,DCU,3.2,2026-08-25T02:30:00
W-1137,DCU,2.1,2026-08-25T03:00:00
W-1137,DCU,1.3,2026-08-25T03:30:00
W-1137,DCU,3.1,2026-08-25T04:00:00
W-1137,DCU,1.9,2026-08-25T04:30:00
W-1137,DCU,2.8,2026-08-25T05:00:00
W-1137,DCU,3.1,2026-08-25T05:30:00
W-1137,DCU,3.1,2026-08-25T06:00:00
W-1137,DCU,3.5,2026-08-25T06:30:00
W-1137,DCU,2.0,2026-08-25T07:00:00
W-1137,DCU,3.0,2026-08-25T07:30:00
W-1140,HCU,2.0,2026-08-25T08:00:00
W-1140,HCU,4.9,2026-08-25T08:30:00
W-1140,HCU,2.4,2026-08-25T09:00:00
W-1140,HCU,2.6,2026-08-25T09:30:00
W-1140,HCU,2.3,2026-08-25T10:00:00
W-1140,HCU,1.8,2026-08-25T10:30:00
W-1140,HCU,1.1,2026-08-25T11:00:00
W-1140,HCU,2.0,2026-08-25T11:30:00
W-1140,HCU,2.6,2026-08-25T12:00:00
W-1140,HCU,1.0,2026-08-25T12:30:00
W-1140,HCU,1.9,2026-08-25T13:00:00
W-1140,HCU,2.3,2026-08-25T13:30:00
W-1140,HCU,1.7,2026-08-25T14:00:00
W-1140,HCU,1.3,2026-08-25T14:30:00
W-1140,HCU,2.2,2026-08-25T15:00:00
W-1140,HCU,2.2,2026-08-25T15:30:00
W-1143,DHDT,1.3,2026-08-25T16:00:00
W-1143,DHDT,1.7,2026-08-25T16:30:00
W-1143,DHDT,1.6,2026-08-25T17:00:00
W-1143,DHDT,1.4,2026-08-25T17:30:00
W-1143,DHDT,1.0,2026-08-25T18:00:00
W-1143,DHDT,1.4,2026-08-25T18:30:00
W-1143,DHDT,1.0,2026-08-25T19:00:00
W-1143,DHDT,0.9,2026-08-25T19:30:00
W-1143,DHDT,1.1,2026-08-25T20:00:00
W-1143,DHDT,1.5,2026-08-25T20:30:00
W-1143,DHDT,1.0,2026-08-25T21:00:00
W-1143,DHDT,1.5,2026-08-25T21:30:00
W-1143,DHDT,1.6,2026-08-25T22:00:00
W-1143,DHDT,2.1,2026-08-25T22:30:00
W-1143,DHDT,1.4,2026-08-25T23:00:00
W-1143,DHDT,1.7,2026-08-25T23:30:00
W-1146,CDU-III,1.5,2026-08-25T00:00:00
W-1146,CDU-III,0.8,2026-08-25T00:30:00
W-1146,CDU-III,1.7,2026-08-25T01:00:00
W-1146,CDU-III,1.4,2026-08-25T01:30:00
W-1146,CDU-III,1.6,2026-08-25T02:00:00
W-1146,CDU-III,1.5,2026-08-25T02:30:00
W-1146,CDU-III,1.7,2026-08-25T03:00:00
W-1146,CDU-III,0.8,2026-08-25T03:30:00
W-1146,CDU-III,1.5,2026-08-25T04:00:00
W-1146,CDU-III,1.5,2026-08-25T04:30:00
W-1146,CDU-III,1.8,2026-08-25T05:00:00
W-1146,CDU-III,1.4,2026-08-25T05:30:00
W-1146,CDU-III,1.0,2026-08-25T06:00:00
W-1146,CDU-III,0.7,2026-08-25T06:30:00
W-1146,CDU-III,1.3,2026-08-25T07:00:00
W-1146,CDU-III,0.7,2026-08-25T07:30:00
W-1152,TF,0.3,2026-08-25T16:00:00
W-1152,TF,0.5,2026-08-25T16:30:00
W-1152,TF,0.6,2026-08-25T17:00:00
W-1152,TF,0.7,2026-08-25T17:30:00
W-1152,TF,0.6,2026-08-25T18:00:00
W-1152,TF,0.4,2026-08-25T18:30:00
W-1152,TF,0.6,2026-08-25T19:00:00
W-1152,TF,0.6,2026-08-25T19:30:00
W-1152,TF,0.6,2026-08-25T20:00:00
W-1152,TF,0.6,2026-08-25T20:30:00
W-1152,TF,0.4,2026-08-25T21:00:00
W-1152,TF,0.6,2026-08-25T21:30:00
W-1152,TF,0.6,2026-08-25T22:00:00
W-1152,TF,0.5,2026-08-25T22:30:00
W-1152,TF,0.6,2026-08-25T23:00:00
W-1152,TF,0.7,2026-08-25T23:30:00
W-1155,SRU,5.5,2026-08-25T00:00:00
W-1155,SRU,5.1,2026-08-25T00:30:00
W-1155,SRU,3.8,2026-08-25T01:00:00
W-1155,SRU,8.0,2026-08-25T01:30:00
W-1155,SRU,3.9,2026-08-25T02:00:00
W-1155,SRU,5.1,2026-08-25T02:30:00
W-1155,SRU,2.6,2026-08-25T03:00:00
W-1155,SRU,4.4,2026-08-25T03:30:00
W-1155,SRU,3.3,2026-08-25T04:00:00
W-1155,SRU,3.8,2026-08-25T04:30:00
W-1155,SRU,21.1,2026-08-25T05:00:00
W-1155,SRU,4.4,2026-08-25T05:30:00
W-1155,SRU,3.2,2026-08-25T06:00:00
W-1155,SRU,5.5,2026-08-25T06:30:00
W-1155,SRU,3.0,2026-08-25T07:00:00
W-1155,SRU,5.8,2026-08-25T07:30:00
W-1158,ARU,14.9,2026-08-25T08:00:00
W-1158,ARU,8.8,2026-08-25T08:30:00
W-1158,ARU,2.7,2026-08-25T09:00:00
W-1158,ARU,2.1,2026-08-25T09:30:00
W-1158,ARU,2.1,2026-08-25T10:00:00
W-1158,ARU,3.4,2026-08-25T10:30:00
W-1158,ARU,3.3,2026-08-25T11:00:00
W-1158,ARU,2.3,2026-08-25T11:30:00
W-1158,ARU,3.3,2026-08-25T12:00:00
W-1158,ARU,4.9,2026-08-25T12:30:00
W-1158,ARU,3.6,2026-08-25T13:00:00
W-1158,ARU,4.7,2026-08-25T13:30:00
W-1158,ARU,4.3,2026-08-25T14:00:00
W-1158,ARU,4.3,2026-08-25T14:30:00
W-1158,ARU,3.7,2026-08-25T15:00:00
W-1158,ARU,2.4,2026-08-25T15:30:00
W-1161,SWS,5.1,2026-08-25T16:00:00
W-1161,SWS,3.7,2026-08-25T16:30:00
W-1161,SWS,5.6,2026-08-25T17:00:00
W-1161,SWS,3.4,2026-08-25T17:30:00
W-1161,SWS,4.9,2026-08-25T18:00:00
W-1161,SWS,5.4,2026-08-25T18:30:00
W-1161,SWS,4.9,2026-08-25T19:00:00
W-1161,SWS,5.0,2026-08-25T19:30:00
W-1161,SWS,7.1,2026-08-25T20:00:00
W-1161,SWS,7.6,2026-08-25T20:30:00
W-1161,SWS,3.4,2026-08-25T21:00:00
W-1161,SWS,13.8,2026-08-25T21:30:00
W-1161,SWS,2.7,2026-08-25T22:00:00
W-1161,SWS,2.2,2026-08-25T22:30:00
W-1161,SWS,5.2,2026-08-25T23:00:00
W-1161,SWS,4.9,2026-08-25T23:30:00
W-1164,DCU,2.8,2026-08-25T00:00:00
W-1164,DCU,2.1,2026-08-25T00:30:00
W-1164,DCU,3.0,2026-08-25T01:00:00
W-1164,DCU,1.7,2026-08-25T01:30:00
W-1164,DCU,5.3,2026-08-25T02:00:00
W-1164,DCU,3.2,2026-08-25T02:30:00
W-1164,DCU,2.8,2026-08-25T03:00:00
W-1164,DCU,2.0,2026-08-25T03:30:00
W-1164,DCU,1.8,2026-08-25T04:00:00
W-1164,DCU,1.8,2026-08-25T04:30:00
W-1164,DCU,8.1,2026-08-25T05:00:00
W-1164,DCU,1.6,2026-08-25T05:30:00
W-1164,DCU,2.5,2026-08-25T06:00:00
W-1164,DCU,3.1,2026-08-25T06:30:00
W-1164,DCU,1.4,2026-08-25T07:00:00
W-1164,DCU,3.4,2026-08-25T07:30:00
W-1167,HCU,1.4,2026-08-25T08:00:00
W-1167,HCU,1.1,2026-08-25T08:30:00
W-1167,HCU,5.9,2026-08-25T09:00:00
W-1167,HCU,2.8,2026-08-25T09:30:00
W-1167,HCU,1.8,2026-08-25T10:00:00
W-1167,HCU,2.1,2026-08-25T10:30:00
W-1167,HCU,2.6,2026-08-25T11:00:00
W-1167,HCU,2.0,2026-08-25T11:30:00
W-1167,HCU,2.2,2026-08-25T12:00:00
W-1167,HCU,1.8,2026-08-25T12:30:00
W-1167,HCU,1.7,2026-08-25T13:00:00
W-1167,HCU,1.8,2026-08-25T13:30:00
W-1167,HCU,2.1,2026-08-25T14:00:00
W-1167,HCU,2.4,2026-08-25T14:30:00
W-1167,HCU,1.8,2026-08-25T15:00:00
W-1167,HCU,1.2,2026-08-25T15:30:00
W-1170,DHDT,0.9,2026-08-25T16:00:00
W-1170,DHDT,0.9,2026-08-25T16:30:00
W-1170,DHDT,0.8,2026-08-25T17:00:00
W-1170,DHDT,1.2,2026-08-25T17:30:00
W-1170,DHDT,1.1,2026-08-25T18:00:00
W-1170,DHDT,1.8,2026-08-25T18:30:00
W-1170,DHDT,2.2,2026-08-25T19:00:00
W-1170,DHDT,1.6,2026-08-25T19:30:00
W-1170,DHDT,1.8,2026-08-25T20:00:00
W-1170,DHDT,1.7,2026-08-25T20:30:00
W-1170,DHDT,1.1,2026-08-25T21:00:00
W-1170,DHDT,1.0,2026-08-25T21:30:00
W-1170,DHDT,1.4,2026-08-25T22:00:00
W-1170,DHDT,1.2,2026-08-25T22:30:00
W-1170,DHDT,0.8,2026-08-25T23:00:00
W-1170,DHDT,1.5,2026-08-25T23:30:00
W-1173,CDU-III,0.7,2026-08-25T00:00:00
W-1173,CDU-III,1.4,2026-08-25T00:30:00
W-1173,CDU-III,1.1,2026-08-25T01:00:00
W-1173,CDU-III,1.5,2026-08-25T01:30:00
W-1173,CDU-III,0.9,2026-08-25T02:00:00
W-1173,CDU-III,1.7,2026-08-25T02:30:00
W-1173,CDU-III,1.6,2026-08-25T03:00:00
W-1173,CDU-III,0.7,2026-08-25T03:30:00
W-1173,CDU-III,1.2,2026-08-25T04:00:00
W-1173,CDU-III,0.8,2026-08-25T04:30:00
W-1173,CDU-III,1.4,2026-08-25T05:00:00
W-1173,CDU-III,2.6,2026-08-25T05:30:00
W-1173,CDU-III,0.7,2026-08-25T06:00:00
W-1173,CDU-III,1.8,2026-08-25T06:30:00
W-1173,CDU-III,1.1,2026-08-25T07:00:00
W-1173,CDU-III,1.6,2026-08-25T07:30:00
W-1176,ETP,0.8,2026-08-25T08:00:00
W-1176,ETP,0.8,2026-08-25T08:30:00
W-1176,ETP,1.3,2026-08-25T09:00:00
W-1176,ETP,0.6,2026-08-25T09:30:00
W-1176,ETP,1.3,2026-08-25T10:00:00
W-1176,ETP,0.6,2026-08-25T10:30:00
W-1176,ETP,1.3,2026-08-25T11:00:00
W-1176,ETP,3.1,2026-08-25T11:30:00
W-1176,ETP,4.6,2026-08-25T12:00:00
W-1176,ETP,0.8,2026-08-25T12:30:00
W-1176,ETP,1.0,2026-08-25T13:00:00
W-1176,ETP,1.1,2026-08-25T13:30:00
W-1176,ETP,1.2,2026-08-25T14:00:00
W-1176,ETP,0.5,2026-08-25T14:30:00
W-1176,ETP,0.8,2026-08-25T15:00:00
W-1176,ETP,0.5,2026-08-25T15:30:00
W-1179,TF,0.7,2026-08-25T16:00:00
W-1179,TF,0.6,2026-08-25T16:30:00
W-1179,TF,0.3,2026-08-25T17:00:00
W-1179,TF,0.7,2026-08-25T17:30:00
W-1179,TF,0.7,2026-08-25T18:00:00
W-1179,TF,0.5,2026-08-25T18:30:00
W-1179,TF,0.6,2026-08-25T19:00:00
W-1179,TF,0.6,2026-08-25T19:30:00
W-1179,TF,0.5,2026-08-25T20:00:00
W-1179,TF,0.4,2026-08-25T20:30:00
W-1179,TF,0.6,2026-08-25T21:00:00
W-1179,TF,0.6,2026-08-25T21:30:00
W-1179,TF,0.4,2026-08-25T22:00:00
W-1179,TF,0.7,2026-08-25T22:30:00
W-1179,TF,0.6,2026-08-25T23:00:00
W-1179,TF,0.4,2026-08-25T23:30:00
W-1185,ARU,2.6,2026-08-25T08:00:00
W-1185,ARU,8.8,2026-08-25T08:30:00
W-1185,ARU,16.4,2026-08-25T09:00:00
W-1185,ARU,9.7,2026-08-25T09:30:00
W-1185,ARU,2.7,2026-08-25T10:00:00
W-1185,ARU,3.2,2026-08-25T10:30:00
W-1185,ARU,5.0,2026-08-25T11:00:00
W-1185,ARU,5.1,2026-08-25T11:30:00
W-1185,ARU,3.1,2026-08-25T12:00:00
W-1185,ARU,3.8,2026-08-25T12:30:00
W-1185,ARU,3.8,2026-08-25T13:00:00
W-1185,ARU,2.2,2026-08-25T13:30:00
W-1185,ARU,4.4,2026-08-25T14:00:00
W-1185,ARU,2.9,2026-08-25T14:30:00
W-1185,ARU,4.4,2026-08-25T15:00:00
W-1185,ARU,3.9,2026-08-25T15:30:00
W-1188,SWS,3.9,2026-08-25T16:00:00
W-1188,SWS,5.1,2026-08-25T16:30:00
W-1188,SWS,19.8,2026-08-25T17:00:00
W-1188,SWS,8.8,2026-08-25T17:30:00
W-1188,SWS,13.4,2026-08-25T18:00:00
W-1188,SWS,3.7,2026-08-25T18:30:00
W-1188,SWS,2.3,2026-08-25T19:00:00
W-1188,SWS,13.7,2026-08-25T19:30:00
W-1188,SWS,14.4,2026-08-25T20:00:00
W-1188,SWS,12.6,2026-08-25T20:30:00
W-1188,SWS,5.6,2026-08-25T21:00:00
W-1188,SWS,5.2,2026-08-25T21:30:00
W-1188,SWS,7.9,2026-08-25T22:00:00
W-1188,SWS,6.5,2026-08-25T22:30:00
W-1188,SWS,3.6,2026-08-25T23:00:00
W-1188,SWS,5.0,2026-08-25T23:30:00
W-1191,DCU,2.1,2026-08-25T00:00:00
W-1191,DCU,1.8,2026-08-25T00:30:00
W-1191,DCU,3.0,2026-08-25T01:00:00
W-1191,DCU,1.7,2026-08-25T01:30:00
W-1191,DCU,1.5,2026-08-25T02:00:00
W-1191,DCU,2.7,2026-08-25T02:30:00
W-1191,DCU,2.2,2026-08-25T03:00:00
W-1191,DCU,2.9,2026-08-25T03:30:00
W-1191,DCU,2.8,2026-08-25T04:00:00
W-1191,DCU,2.3,2026-08-25T04:30:00
W-1191,DCU,2.0,2026-08-25T05:00:00
W-1191,DCU,4.8,2026-08-25T05:30:00
W-1191,DCU,4.0,2026-08-25T06:00:00
W-1191,DCU,2.8,2026-08-25T06:30:00
W-1191,DCU,2.0,2026-08-25T07:00:00
W-1191,DCU,3.0,2026-08-25T07:30:00
W-1194,HCU,1.6,2026-08-25T08:00:00
W-1194,HCU,1.8,2026-08-25T08:30:00
W-1194,HCU,1.5,2026-08-25T09:00:00
W-1194,HCU,2.5,2026-08-25T09:30:00
W-1194,HCU,1.6,2026-08-25T10:00:00
W-1194,HCU,1.5,2026-08-25T10:30:00
W-1194,HCU,2.0,2026-08-25T11:00:00
W-1194,HCU,2.6,2026-08-25T11:30:00
W-1194,HCU,2.0,2026-08-25T12:00:00
W-1194,HCU,2.4,2026-08-25T12:30:00
W-1194,HCU,1.9,2026-08-25T13:00:00
W-1194,HCU,1.8,2026-08-25T13:30:00
W-1194,HCU,1.4,2026-08-25T14:00:00
W-1194,HCU,1.9,2026-08-25T14:30:00
W-1194,HCU,2.6,2026-08-25T15:00:00
W-1194,HCU,4.0,2026-08-25T15:30:00
W-1197,DHDT,0.9,2026-08-25T16:00:00
W-1197,DHDT,0.9,2026-08-25T16:30:00
W-1197,DHDT,1.7,2026-08-25T17:00:00
W-1197,DHDT,1.8,2026-08-25T17:30:00
W-1197,DHDT,1.0,2026-08-25T18:00:00
W-1197,DHDT,1.5,2026-08-25T18:30:00
W-1197,DHDT,2.0,2026-08-25T19:00:00
W-1197,DHDT,2.1,2026-08-25T19:30:00
W-1197,DHDT,1.5,2026-08-25T20:00:00
W-1197,DHDT,1.5,2026-08-25T20:30:00
W-1197,DHDT,1.0,2026-08-25T21:00:00
W-1197,DHDT,1.8,2026-08-25T21:30:00
W-1197,DHDT,1.6,2026-08-25T22:00:00
W-1197,DHDT,1.8,2026-08-25T22:30:00
W-1197,DHDT,5.5,2026-08-25T23:00:00
W-1197,DHDT,1.8,2026-08-25T23:30:00
W-1200,CDU-III,1.7,2026-08-25T00:00:00
W-1200,CDU-III,1.6,2026-08-25T00:30:00
W-1200,CDU-III,1.6,2026-08-25T01:00:00
W-1200,CDU-III,1.0,2026-08-25T01:30:00
W-1200,CDU-III,1.6,2026-08-25T02:00:00
W-1200,CDU-III,0.7,2026-08-25T02:30:00
W-1200,CDU-III,1.1,2026-08-25T03:00:00
W-1200,CDU-III,0.7,2026-08-25T03:30:00
W-1200,CDU-III,1.6,2026-08-25T04:00:00
W-1200,CDU-III,1.7,2026-08-25T04:30:00
W-1200,CDU-III,0.9,2026-08-25T05:00:00
W-1200,CDU-III,1.0,2026-08-25T05:30:00
W-1200,CDU-III,1.1,2026-08-25T06:00:00
W-1200,CDU-III,1.2,2026-08-25T06:30:00
W-1200,CDU-III,0.7,2026-08-25T07:00:00
W-1200,CDU-III,1.5,2026-08-25T07:30:00
W-1203,ETP,0.8,2026-08-25T08:00:00
W-1203,ETP,2.3,2026-08-25T08:30:00
W-1203,ETP,0.6,2026-08-25T09:00:00
W-1203,ETP,0.6,2026-08-25T09:30:00
W-1203,ETP,4.0,2026-08-25T10:00:00
W-1203,ETP,3.2,2026-08-25T10:30:00
W-1203,ETP,0.6,2026-08-25T11:00:00
W-1203,ETP,0.8,2026-08-25T11:30:00
W-1203,ETP,0.9,2026-08-25T12:00:00
W-1203,ETP,0.9,2026-08-25T12:30:00
W-1203,ETP,1.3,2026-08-25T13:00:00
W-1203,ETP,0.5,2026-08-25T13:30:00
W-1203,ETP,1.1,2026-08-25T14:00:00
W-1203,ETP,0.6,2026-08-25T14:30:00
W-1203,ETP,0.9,2026-08-25T15:00:00
W-1203,ETP,0.8,2026-08-25T15:30:00
W-1206,TF,0.7,2026-08-25T16:00:00
W-1206,TF,0.3,2026-08-25T16:30:00
W-1206,TF,0.6,2026-08-25T17:00:00
W-1206,TF,0.6,2026-08-25T17:30:00
W-1206,TF,0.7,2026-08-25T18:00:00
W-1206,TF,0.6,2026-08-25T18:30:00
W-1206,TF,0.4,2026-08-25T19:00:00
W-1206,TF,0.6,2026-08-25T19:30:00
W-1206,TF,0.7,2026-08-25T20:00:00
W-1206,TF,1.8,2026-08-25T20:30:00
W-1206,TF,0.7,2026-08-25T21:00:00
W-1206,TF,0.7,2026-08-25T21:30:00
W-1206,TF,0.5,2026-08-25T22:00:00
W-1206,TF,0.3,2026-08-25T22:30:00
W-1206,TF,0.3,2026-08-25T23:00:00
W-1206,TF,0.3,2026-08-25T23:30:00
W-1209,SRU,5.7,2026-08-25T00:00:00
W-1209,SRU,11.3,2026-08-25T00:30:00
W-1209,SRU,14.5,2026-08-25T01:00:00
W-1209,SRU,10.5,2026-08-25T01:30:00
W-1209,SRU,2.9,2026-08-25T02:00:00
W-1209,SRU,5.6,2026-08-25T02:30:00
W-1209,SRU,5.2,2026-08-25T03:00:00
W-1209,SRU,3.2,2026-08-25T03:30:00
W-1209,SRU,2.7,2026-08-25T04:00:00
W-1209,SRU,3.9,2026-08-25T04:30:00
W-1209,SRU,2.9,2026-08-25T05:00:00
W-1209,SRU,5.2,2026-08-25T05:30:00
W-1209,SRU,15.6,2026-08-25T06:00:00
W-1209,SRU,10.9,2026-08-25T06:30:00
W-1209,SRU,10.5,2026-08-25T07:00:00
W-1209,SRU,2.9,2026-08-25T07:30:00
W-1218,DCU,2.7,2026-08-25T00:00:00
W-1218,DCU,1.6,2026-08-25T00:30:00
W-1218,DCU,1.6,2026-08-25T01:00:00
W-1218,DCU,2.1,2026-08-25T01:30:00
W-1218,DCU,1.9,2026-08-25T02:00:00
W-1218,DCU,2.7,2026-08-25T02:30:00
W-1218,DCU,1.5,2026-08-25T03:00:00
W-1218,DCU,1.6,2026-08-25T03:30:00
W-1218,DCU,2.3,2026-08-25T04:00:00
W-1218,DCU,2.6,2026-08-25T04:30:00
W-1218,DCU,1.7,2026-08-25T05:00:00
W-1218,DCU,1.6,2026-08-25T05:30:00
W-1218,DCU,2.5,2026-08-25T06:00:00
W-1218,DCU,3.3,2026-08-25T06:30:00
W-1218,DCU,2.0,2026-08-25T07:00:00
W-1218,DCU,1.8,2026-08-25T07:30:00
W-1221,HCU,1.2,2026-08-25T08:00:00
W-1221,HCU,1.9,2026-08-25T08:30:00
W-1221,HCU,2.2,2026-08-25T09:00:00
W-1221,HCU,2.6,2026-08-25T09:30:00
W-1221,HCU,1.0,2026-08-25T10:00:00
W-1221,HCU,2.7,2026-08-25T10:30:00
W-1221,HCU,2.4,2026-08-25T11:00:00
W-1221,HCU,1.1,2026-08-25T11:30:00
W-1221,HCU,5.4,2026-08-25T12:00:00
W-1221,HCU,6.1,2026-08-25T12:30:00
W-1221,HCU,1.8,2026-08-25T13:00:00
W-1221,HCU,1.8,2026-08-25T13:30:00
W-1221,HCU,2.1,2026-08-25T14:00:00
W-1221,HCU,1.9,2026-08-25T14:30:00
W-1221,HCU,2.2,2026-08-25T15:00:00
W-1221,HCU,3.7,2026-08-25T15:30:00
W-1224,DHDT,1.2,2026-08-25T16:00:00
W-1224,DHDT,0.8,2026-08-25T16:30:00
W-1224,DHDT,1.3,2026-08-25T17:00:00
W-1224,DHDT,2.0,2026-08-25T17:30:00
W-1224,DHDT,1.3,2026-08-25T18:00:00
W-1224,DHDT,1.0,2026-08-25T18:30:00
W-1224,DHDT,1.6,2026-08-25T19:00:00
W-1224,DHDT,1.7,2026-08-25T19:30:00
W-1224,DHDT,1.1,2026-08-25T20:00:00
W-1224,DHDT,0.9,2026-08-25T20:30:00
W-1224,DHDT,1.4,2026-08-25T21:00:00
W-1224,DHDT,1.6,2026-08-25T21:30:00
W-1224,DHDT,1.1,2026-08-25T22:00:00
W-1224,DHDT,1.6,2026-08-25T22:30:00
W-1224,DHDT,1.3,2026-08-25T23:00:00
W-1224,DHDT,1.0,2026-08-25T23:30:00
W-1227,CDU-III,1.2,2026-08-25T00:00:00
W-1227,CDU-III,1.0,2026-08-25T00:30:00
W-1227,CDU-III,1.6,2026-08-25T01:00:00
W-1227,CDU-III,1.5,2026-08-25T01:30:00
W-1227,CDU-III,1.4,2026-08-25T02:00:00
W-1227,CDU-III,1.3,2026-08-25T02:30:00
W-1227,CDU-III,1.5,2026-08-25T03:00:00
W-1227,CDU-III,1.6,2026-08-25T03:30:00
W-1227,CDU-III,0.7,2026-08-25T04:00:00
W-1227,CDU-III,1.2,2026-08-25T04:30:00
W-1227,CDU-III,1.3,2026-08-25T05:00:00
W-1227,CDU-III,1.8,2026-08-25T05:30:00
W-1227,CDU-III,1.3,2026-08-25T06:00:00
W-1227,CDU-III,0.8,2026-08-25T06:30:00
W-1227,CDU-III,1.0,2026-08-25T07:00:00
W-1227,CDU-III,1.7,2026-08-25T07:30:00
W-1230,ETP,1.1,2026-08-25T08:00:00
W-1230,ETP,1.1,2026-08-25T08:30:00
W-1230,ETP,1.1,2026-08-25T09:00:00
W-1230,ETP,1.0,2026-08-25T09:30:00
W-1230,ETP,0.5,2026-08-25T10:00:00
W-1230,ETP,1.0,2026-08-25T10:30:00
W-1230,ETP,0.8,2026-08-25T11:00:00
W-1230,ETP,1.1,2026-08-25T11:30:00
W-1230,ETP,0.8,2026-08-25T12:00:00
W-1230,ETP,0.9,2026-08-25T12:30:00
W-1230,ETP,1.3,2026-08-25T13:00:00
W-1230,ETP,0.9,2026-08-25T13:30:00
W-1230,ETP,0.7,2026-08-25T14:00:00
W-1230,ETP,1.1,2026-08-25T14:30:00
W-1230,ETP,0.6,2026-08-25T15:00:00
W-1230,ETP,0.8,2026-08-25T15:30:00
W-1233,TF,0.5,2026-08-25T16:00:00
W-1233,TF,0.4,2026-08-25T16:30:00
W-1233,TF,0.6,2026-08-25T17:00:00
W-1233,TF,0.6,2026-08-25T17:30:00
W-1233,TF,0.5,2026-08-25T18:00:00
W-1233,TF,0.7,2026-08-25T18:30:00
W-1233,TF,0.4,2026-08-25T19:00:00
W-1233,TF,0.6,2026-08-25T19:30:00
W-1233,TF,0.4,2026-08-25T20:00:00
W-1233,TF,0.7,2026-08-25T20:30:00
W-1233,TF,0.6,2026-08-25T21:00:00
W-1233,TF,0.4,2026-08-25T21:30:00
W-1233,TF,0.7,2026-08-25T22:00:00
W-1233,TF,0.4,2026-08-25T22:30:00
W-1233,TF,0.6,2026-08-25T23:00:00
W-1233,TF,0.4,2026-08-25T23:30:00
W-1101,SRU,5.2,2026-08-26T00:00:00
W-1101,SRU,3.9,2026-08-26T00:30:00
W-1101,SRU,2.5,2026-08-26T01:00:00
W-1101,SRU,2.4,2026-08-26T01:30:00
W-1101,SRU,2.7,2026-08-26T02:00:00
W-1101,SRU,4.5,2026-08-26T02:30:00
W-1101,SRU,5.7,2026-08-26T03:00:00
W-1101,SRU,10.0,2026-08-26T03:30:00
W-1101,SRU,16.0,2026-08-26T04:00:00
W-1101,SRU,4.7,2026-08-26T04:30:00
W-1101,SRU,6.1,2026-08-26T05:00:00
W-1101,SRU,4.3,2026-08-26T05:30:00
W-1101,SRU,2.8,2026-08-26T06:00:00
W-1101,SRU,5.1,2026-08-26T06:30:00
W-1101,SRU,5.7,2026-08-26T07:00:00
W-1101,SRU,5.1,2026-08-26T07:30:00
W-1104,ARU,4.2,2026-08-26T08:00:00
W-1104,ARU,4.7,2026-08-26T08:30:00
W-1104,ARU,2.7,2026-08-26T09:00:00
W-1104,ARU,2.6,2026-08-26T09:30:00
W-1104,ARU,5.4,2026-08-26T10:00:00
W-1104,ARU,3.4,2026-08-26T10:30:00
W-1104,ARU,3.6,2026-08-26T11:00:00
W-1104,ARU,4.8,2026-08-26T11:30:00
W-1104,ARU,2.6,2026-08-26T12:00:00
W-1104,ARU,12.2,2026-08-26T12:30:00
W-1104,ARU,4.4,2026-08-26T13:00:00
W-1104,ARU,2.2,2026-08-26T13:30:00
W-1104,ARU,4.8,2026-08-26T14:00:00
W-1104,ARU,2.1,2026-08-26T14:30:00
W-1104,ARU,5.0,2026-08-26T15:00:00
W-1104,ARU,3.1,2026-08-26T15:30:00
W-1107,SWS,2.5,2026-08-26T16:00:00
W-1107,SWS,3.5,2026-08-26T16:30:00
W-1107,SWS,14.3,2026-08-26T17:00:00
W-1107,SWS,11.5,2026-08-26T17:30:00
W-1107,SWS,8.5,2026-08-26T18:00:00
W-1107,SWS,2.8,2026-08-26T18:30:00
W-1107,SWS,3.2,2026-08-26T19:00:00
W-1107,SWS,4.1,2026-08-26T19:30:00
W-1107,SWS,5.4,2026-08-26T20:00:00
W-1107,SWS,3.2,2026-08-26T20:30:00
W-1107,SWS,10.6,2026-08-26T21:00:00
W-1107,SWS,10.9,2026-08-26T21:30:00
W-1107,SWS,4.0,2026-08-26T22:00:00
W-1107,SWS,6.0,2026-08-26T22:30:00
W-1107,SWS,3.2,2026-08-26T23:00:00
W-1107,SWS,5.4,2026-08-26T23:30:00
W-1110,DCU,2.2,2026-08-26T00:00:00
W-1110,DCU,3.6,2026-08-26T00:30:00
W-1110,DCU,2.3,2026-08-26T01:00:00
W-1110,DCU,2.4,2026-08-26T01:30:00
W-1110,DCU,2.8,2026-08-26T02:00:00
W-1110,DCU,1.4,2026-08-26T02:30:00
W-1110,DCU,3.4,2026-08-26T03:00:00
W-1110,DCU,1.9,2026-08-26T03:30:00
W-1110,DCU,8.3,2026-08-26T04:00:00
W-1110,DCU,4.5,2026-08-26T04:30:00
W-1110,DCU,9.6,2026-08-26T05:00:00
W-1110,DCU,3.3,2026-08-26T05:30:00
W-1110,DCU,1.6,2026-08-26T06:00:00
W-1110,DCU,7.8,2026-08-26T06:30:00
W-1110,DCU,1.6,2026-08-26T07:00:00
W-1110,DCU,2.7,2026-08-26T07:30:00
W-1113,HCU,1.4,2026-08-26T08:00:00
W-1113,HCU,1.6,2026-08-26T08:30:00
W-1113,HCU,2.4,2026-08-26T09:00:00
W-1113,HCU,2.0,2026-08-26T09:30:00
W-1113,HCU,1.5,2026-08-26T10:00:00
W-1113,HCU,4.0,2026-08-26T10:30:00
W-1113,HCU,2.7,2026-08-26T11:00:00
W-1113,HCU,1.9,2026-08-26T11:30:00
W-1113,HCU,1.4,2026-08-26T12:00:00
W-1113,HCU,2.0,2026-08-26T12:30:00
W-1113,HCU,1.1,2026-08-26T13:00:00
W-1113,HCU,2.3,2026-08-26T13:30:00
W-1113,HCU,1.7,2026-08-26T14:00:00
W-1113,HCU,1.6,2026-08-26T14:30:00
W-1113,HCU,2.5,2026-08-26T15:00:00
W-1113,HCU,2.5,2026-08-26T15:30:00
W-1116,DHDT,1.5,2026-08-26T16:00:00
W-1116,DHDT,1.5,2026-08-26T16:30:00
W-1116,DHDT,2.0,2026-08-26T17:00:00
W-1116,DHDT,1.0,2026-08-26T17:30:00
W-1116,DHDT,1.4,2026-08-26T18:00:00
W-1116,DHDT,0.9,2026-08-26T18:30:00
W-1116,DHDT,4.4,2026-08-26T19:00:00
W-1116,DHDT,5.2,2026-08-26T19:30:00
W-1116,DHDT,1.1,2026-08-26T20:00:00
W-1116,DHDT,1.1,2026-08-26T20:30:00
W-1116,DHDT,1.0,2026-08-26T21:00:00
W-1116,DHDT,2.0,2026-08-26T21:30:00
W-1116,DHDT,2.1,2026-08-26T22:00:00
W-1116,DHDT,2.0,2026-08-26T22:30:00
W-1116,DHDT,2.2,2026-08-26T23:00:00
W-1116,DHDT,1.1,2026-08-26T23:30:00
W-1119,CDU-III,1.1,2026-08-26T00:00:00
W-1119,CDU-III,0.8,2026-08-26T00:30:00
W-1119,CDU-III,0.7,2026-08-26T01:00:00
W-1119,CDU-III,0.8,2026-08-26T01:30:00
W-1119,CDU-III,1.0,2026-08-26T02:00:00
W-1119,CDU-III,1.0,2026-08-26T02:30:00
W-1119,CDU-III,0.9,2026-08-26T03:00:00
W-1119,CDU-III,2.1,2026-08-26T03:30:00
W-1119,CDU-III,1.6,2026-08-26T04:00:00
W-1119,CDU-III,1.2,2026-08-26T04:30:00
W-1119,CDU-III,1.7,2026-08-26T05:00:00
W-1119,CDU-III,1.1,2026-08-26T05:30:00
W-1119,CDU-III,1.2,2026-08-26T06:00:00
W-1119,CDU-III,1.4,2026-08-26T06:30:00
W-1119,CDU-III,1.6,2026-08-26T07:00:00
W-1119,CDU-III,0.9,2026-08-26T07:30:00
W-1122,ETP,1.1,2026-08-26T08:00:00
W-1122,ETP,1.1,2026-08-26T08:30:00
W-1122,ETP,1.2,2026-08-26T09:00:00
W-1122,ETP,0.6,2026-08-26T09:30:00
W-1122,ETP,0.7,2026-08-26T10:00:00
W-1122,ETP,0.7,2026-08-26T10:30:00
W-1122,ETP,1.3,2026-08-26T11:00:00
W-1122,ETP,1.3,2026-08-26T11:30:00
W-1122,ETP,1.1,2026-08-26T12:00:00
W-1122,ETP,0.9,2026-08-26T12:30:00
W-1122,ETP,0.9,2026-08-26T13:00:00
W-1122,ETP,0.8,2026-08-26T13:30:00
W-1122,ETP,0.6,2026-08-26T14:00:00
W-1122,ETP,1.2,2026-08-26T14:30:00
W-1122,ETP,1.2,2026-08-26T15:00:00
W-1122,ETP,0.9,2026-08-26T15:30:00
W-1125,TF,0.5,2026-08-26T16:00:00
W-1125,TF,0.5,2026-08-26T16:30:00
W-1125,TF,0.7,2026-08-26T17:00:00
W-1125,TF,0.6,2026-08-26T17:30:00
W-1125,TF,0.3,2026-08-26T18:00:00
W-1125,TF,0.6,2026-08-26T18:30:00
W-1125,TF,0.5,2026-08-26T19:00:00
W-1125,TF,0.4,2026-08-26T19:30:00
W-1125,TF,0.5,2026-08-26T20:00:00
W-1125,TF,0.6,2026-08-26T20:30:00
W-1125,TF,0.6,2026-08-26T21:00:00
W-1125,TF,0.4,2026-08-26T21:30:00
W-1125,TF,0.5,2026-08-26T22:00:00
W-1125,TF,0.5,2026-08-26T22:30:00
W-1125,TF,0.6,2026-08-26T23:00:00
W-1125,TF,0.5,2026-08-26T23:30:00
W-1131,ARU,3.2,2026-08-26T08:00:00
W-1131,ARU,3.4,2026-08-26T08:30:00
W-1131,ARU,2.8,2026-08-26T09:00:00
W-1131,ARU,4.5,2026-08-26T09:30:00
W-1131,ARU,4.7,2026-08-26T10:00:00
W-1131,ARU,6.3,2026-08-26T10:30:00
W-1131,ARU,6.9,2026-08-26T11:00:00
W-1131,ARU,11.2,2026-08-26T11:30:00
W-1131,ARU,4.8,2026-08-26T12:00:00
W-1131,ARU,3.0,2026-08-26T12:30:00
W-1131,ARU,4.8,2026-08-26T13:00:00
W-1131,ARU,2.9,2026-08-26T13:30:00
W-1131,ARU,5.2,2026-08-26T14:00:00
W-1131,ARU,4.4,2026-08-26T14:30:00
W-1131,ARU,3.8,2026-08-26T15:00:00
W-1131,ARU,3.3,2026-08-26T15:30:00
W-1134,SWS,4.8,2026-08-26T16:00:00
W-1134,SWS,4.7,2026-08-26T16:30:00
W-1134,SWS,5.1,2026-08-26T17:00:00
W-1134,SWS,3.8,2026-08-26T17:30:00
W-1134,SWS,3.6,2026-08-26T18:00:00
W-1134,SWS,4.8,2026-08-26T18:30:00
W-1134,SWS,5.2,2026-08-26T19:00:00
W-1134,SWS,5.5,2026-08-26T19:30:00
W-1134,SWS,5.6,2026-08-26T20:00:00
W-1134,SWS,9.0,2026-08-26T20:30:00
W-1134,SWS,12.0,2026-08-26T21:00:00
W-1134,SWS,2.6,2026-08-26T21:30:00
W-1134,SWS,3.7,2026-08-26T22:00:00
W-1134,SWS,6.0,2026-08-26T22:30:00
W-1134,SWS,16.2,2026-08-26T23:00:00
W-1134,SWS,9.2,2026-08-26T23:30:00
W-1137,DCU,1.5,2026-08-26T00:00:00
W-1137,DCU,7.7,2026-08-26T00:30:00
W-1137,DCU,2.7,2026-08-26T01:00:00
W-1137,DCU,1.9,2026-08-26T01:30:00
W-1137,DCU,3.4,2026-08-26T02:00:00
W-1137,DCU,1.4,2026-08-26T02:30:00
W-1137,DCU,2.8,2026-08-26T03:00:00
W-1137,DCU,1.6,2026-08-26T03:30:00
W-1137,DCU,2.7,2026-08-26T04:00:00
W-1137,DCU,3.5,2026-08-26T04:30:00
W-1137,DCU,10.3,2026-08-26T05:00:00
W-1137,DCU,3.6,2026-08-26T05:30:00
W-1137,DCU,8.8,2026-08-26T06:00:00
W-1137,DCU,2.9,2026-08-26T06:30:00
W-1137,DCU,3.0,2026-08-26T07:00:00
W-1137,DCU,3.3,2026-08-26T07:30:00
W-1140,HCU,1.5,2026-08-26T08:00:00
W-1140,HCU,2.4,2026-08-26T08:30:00
W-1140,HCU,1.7,2026-08-26T09:00:00
W-1140,HCU,2.0,2026-08-26T09:30:00
W-1140,HCU,2.7,2026-08-26T10:00:00
W-1140,HCU,1.6,2026-08-26T10:30:00
W-1140,HCU,2.2,2026-08-26T11:00:00
W-1140,HCU,1.8,2026-08-26T11:30:00
W-1140,HCU,2.7,2026-08-26T12:00:00
W-1140,HCU,1.0,2026-08-26T12:30:00
W-1140,HCU,1.2,2026-08-26T13:00:00
W-1140,HCU,1.7,2026-08-26T13:30:00
W-1140,HCU,2.4,2026-08-26T14:00:00
W-1140,HCU,1.6,2026-08-26T14:30:00
W-1140,HCU,1.9,2026-08-26T15:00:00
W-1140,HCU,1.5,2026-08-26T15:30:00
W-1143,DHDT,1.8,2026-08-26T16:00:00
W-1143,DHDT,1.0,2026-08-26T16:30:00
W-1143,DHDT,1.1,2026-08-26T17:00:00
W-1143,DHDT,1.2,2026-08-26T17:30:00
W-1143,DHDT,2.2,2026-08-26T18:00:00
W-1143,DHDT,1.1,2026-08-26T18:30:00
W-1143,DHDT,1.2,2026-08-26T19:00:00
W-1143,DHDT,2.1,2026-08-26T19:30:00
W-1143,DHDT,1.0,2026-08-26T20:00:00
W-1143,DHDT,1.7,2026-08-26T20:30:00
W-1143,DHDT,1.1,2026-08-26T21:00:00
W-1143,DHDT,1.6,2026-08-26T21:30:00
W-1143,DHDT,1.0,2026-08-26T22:00:00
W-1143,DHDT,1.4,2026-08-26T22:30:00
W-1143,DHDT,2.3,2026-08-26T23:00:00
W-1143,DHDT,2.1,2026-08-26T23:30:00
W-1146,CDU-III,1.7,2026-08-26T00:00:00
W-1146,CDU-III,1.4,2026-08-26T00:30:00
W-1146,CDU-III,1.2,2026-08-26T01:00:00
W-1146,CDU-III,1.2,2026-08-26T01:30:00
W-1146,CDU-III,2.6,2026-08-26T02:00:00
W-1146,CDU-III,0.7,2026-08-26T02:30:00
W-1146,CDU-III,1.8,2026-08-26T03:00:00
W-1146,CDU-III,0.8,2026-08-26T03:30:00
W-1146,CDU-III,1.6,2026-08-26T04:00:00
W-1146,CDU-III,1.6,2026-08-26T04:30:00
W-1146,CDU-III,1.4,2026-08-26T05:00:00
W-1146,CDU-III,1.3,2026-08-26T05:30:00
W-1146,CDU-III,1.2,2026-08-26T06:00:00
W-1146,CDU-III,1.6,2026-08-26T06:30:00
W-1146,CDU-III,1.0,2026-08-26T07:00:00
W-1146,CDU-III,1.5,2026-08-26T07:30:00
W-1149,ETP,1.1,2026-08-26T08:00:00
W-1149,ETP,0.6,2026-08-26T08:30:00
W-1149,ETP,0.7,2026-08-26T09:00:00
W-1149,ETP,0.6,2026-08-26T09:30:00
W-1149,ETP,0.9,2026-08-26T10:00:00
W-1149,ETP,1.1,2026-08-26T10:30:00
W-1149,ETP,1.4,2026-08-26T11:00:00
W-1149,ETP,1.2,2026-08-26T11:30:00
W-1149,ETP,1.1,2026-08-26T12:00:00
W-1149,ETP,0.8,2026-08-26T12:30:00
W-1149,ETP,1.4,2026-08-26T13:00:00
W-1149,ETP,1.3,2026-08-26T13:30:00
W-1149,ETP,0.9,2026-08-26T14:00:00
W-1149,ETP,1.1,2026-08-26T14:30:00
W-1149,ETP,0.6,2026-08-26T15:00:00
W-1149,ETP,0.7,2026-08-26T15:30:00
W-1152,TF,0.6,2026-08-26T16:00:00
W-1152,TF,0.4,2026-08-26T16:30:00
W-1152,TF,0.7,2026-08-26T17:00:00
W-1152,TF,0.7,2026-08-26T17:30:00
W-1152,TF,0.4,2026-08-26T18:00:00
W-1152,TF,0.7,2026-08-26T18:30:00
W-1152,TF,0.5,2026-08-26T19:00:00
W-1152,TF,0.7,2026-08-26T19:30:00
W-1152,TF,0.4,2026-08-26T20:00:00
W-1152,TF,0.8,2026-08-26T20:30:00
W-1152,TF,0.5,2026-08-26T21:00:00
W-1152,TF,0.3,2026-08-26T21:30:00
W-1152,TF,0.3,2026-08-26T22:00:00
W-1152,TF,0.8,2026-08-26T22:30:00
W-1152,TF,0.5,2026-08-26T23:00:00
W-1152,TF,0.5,2026-08-26T23:30:00
W-1155,SRU,6.3,2026-08-26T00:00:00
W-1155,SRU,5.8,2026-08-26T00:30:00
W-1155,SRU,5.1,2026-08-26T01:00:00
W-1155,SRU,6.5,2026-08-26T01:30:00
W-1155,SRU,2.6,2026-08-26T02:00:00
W-1155,SRU,3.4,2026-08-26T02:30:00
W-1155,SRU,2.8,2026-08-26T03:00:00
W-1155,SRU,4.0,2026-08-26T03:30:00
W-1155,SRU,5.4,2026-08-26T04:00:00
W-1155,SRU,16.0,2026-08-26T04:30:00
W-1155,SRU,6.5,2026-08-26T05:00:00
W-1155,SRU,6.5,2026-08-26T05:30:00
W-1155,SRU,5.5,2026-08-26T06:00:00
W-1155,SRU,5.5,2026-08-26T06:30:00
W-1155,SRU,2.6,2026-08-26T07:00:00
W-1155,SRU,6.5,2026-08-26T07:30:00
W-1158,ARU,3.0,2026-08-26T08:00:00
W-1158,ARU,3.8,2026-08-26T08:30:00
W-1158,ARU,3.4,2026-08-26T09:00:00
W-1158,ARU,5.3,2026-08-26T09:30:00
W-1158,ARU,13.2,2026-08-26T10:00:00
W-1158,ARU,16.4,2026-08-26T10:30:00
W-1158,ARU,11.3,2026-08-26T11:00:00
W-1158,ARU,3.8,2026-08-26T11:30:00
W-1158,ARU,2.5,2026-08-26T12:00:00
W-1158,ARU,5.0,2026-08-26T12:30:00
W-1158,ARU,4.0,2026-08-26T13:00:00
W-1158,ARU,5.4,2026-08-26T13:30:00
W-1158,ARU,16.0,2026-08-26T14:00:00
W-1158,ARU,13.6,2026-08-26T14:30:00
W-1158,ARU,3.7,2026-08-26T15:00:00
W-1158,ARU,2.3,2026-08-26T15:30:00
W-1161,SWS,3.9,2026-08-26T16:00:00
W-1161,SWS,3.4,2026-08-26T16:30:00
W-1161,SWS,3.2,2026-08-26T17:00:00
W-1161,SWS,3.0,2026-08-26T17:30:00
W-1161,SWS,2.7,2026-08-26T18:00:00
W-1161,SWS,5.4,2026-08-26T18:30:00
W-1161,SWS,16.3,2026-08-26T19:00:00
W-1161,SWS,7.7,2026-08-26T19:30:00
W-1161,SWS,5.7,2026-08-26T20:00:00
W-1161,SWS,3.9,2026-08-26T20:30:00
W-1161,SWS,5.6,2026-08-26T21:00:00
W-1161,SWS,4.3,2026-08-26T21:30:00
W-1161,SWS,3.8,2026-08-26T22:00:00
W-1161,SWS,19.1,2026-08-26T22:30:00
W-1161,SWS,12.6,2026-08-26T23:00:00
W-1161,SWS,7.9,2026-08-26T23:30:00
W-1164,DCU,6.6,2026-08-26T00:00:00
W-1164,DCU,6.0,2026-08-26T00:30:00
W-1164,DCU,2.5,2026-08-26T01:00:00
W-1164,DCU,3.1,2026-08-26T01:30:00
W-1164,DCU,1.9,2026-08-26T02:00:00
W-1164,DCU,2.1,2026-08-26T02:30:00
W-1164,DCU,3.6,2026-08-26T03:00:00
W-1164,DCU,3.6,2026-08-26T03:30:00
W-1164,DCU,3.5,2026-08-26T04:00:00
W-1164,DCU,2.8,2026-08-26T04:30:00
W-1164,DCU,1.9,2026-08-26T05:00:00
W-1164,DCU,2.9,2026-08-26T05:30:00
W-1164,DCU,3.6,2026-08-26T06:00:00
W-1164,DCU,9.2,2026-08-26T06:30:00
W-1164,DCU,7.6,2026-08-26T07:00:00
W-1164,DCU,7.4,2026-08-26T07:30:00
W-1167,HCU,1.4,2026-08-26T08:00:00
W-1167,HCU,2.2,2026-08-26T08:30:00
W-1167,HCU,2.2,2026-08-26T09:00:00
W-1167,HCU,1.5,2026-08-26T09:30:00
W-1167,HCU,2.7,2026-08-26T10:00:00
W-1167,HCU,2.7,2026-08-26T10:30:00
W-1167,HCU,1.4,2026-08-26T11:00:00
W-1167,HCU,1.6,2026-08-26T11:30:00
W-1167,HCU,1.9,2026-08-26T12:00:00
W-1167,HCU,1.3,2026-08-26T12:30:00
W-1167,HCU,1.7,2026-08-26T13:00:00
W-1167,HCU,2.2,2026-08-26T13:30:00
W-1167,HCU,1.9,2026-08-26T14:00:00
W-1167,HCU,2.8,2026-08-26T14:30:00
W-1167,HCU,1.1,2026-08-26T15:00:00
W-1167,HCU,2.7,2026-08-26T15:30:00
W-1170,DHDT,1.5,2026-08-26T16:00:00
W-1170,DHDT,2.0,2026-08-26T16:30:00
W-1170,DHDT,1.6,2026-08-26T17:00:00
W-1170,DHDT,0.9,2026-08-26T17:30:00
W-1170,DHDT,1.4,2026-08-26T18:00:00
W-1170,DHDT,1.9,2026-08-26T18:30:00
W-1170,DHDT,1.7,2026-08-26T19:00:00
W-1170,DHDT,1.5,2026-08-26T19:30:00
W-1170,DHDT,1.3,2026-08-26T20:00:00
W-1170,DHDT,2.2,2026-08-26T20:30:00
W-1170,DHDT,2.2,2026-08-26T21:00:00
W-1170,DHDT,1.9,2026-08-26T21:30:00
W-1170,DHDT,1.3,2026-08-26T22:00:00
W-1170,DHDT,2.2,2026-08-26T22:30:00
W-1170,DHDT,1.7,2026-08-26T23:00:00
W-1170,DHDT,2.1,2026-08-26T23:30:00
W-1173,CDU-III,1.3,2026-08-26T00:00:00
W-1173,CDU-III,1.2,2026-08-26T00:30:00
W-1173,CDU-III,1.4,2026-08-26T01:00:00
W-1173,CDU-III,0.8,2026-08-26T01:30:00
W-1173,CDU-III,0.8,2026-08-26T02:00:00
W-1173,CDU-III,1.8,2026-08-26T02:30:00
W-1173,CDU-III,1.1,2026-08-26T03:00:00
W-1173,CDU-III,1.2,2026-08-26T03:30:00
W-1173,CDU-III,1.6,2026-08-26T04:00:00
W-1173,CDU-III,1.4,2026-08-26T04:30:00
W-1173,CDU-III,1.4,2026-08-26T05:00:00
W-1173,CDU-III,1.5,2026-08-26T05:30:00
W-1173,CDU-III,0.9,2026-08-26T06:00:00
W-1173,CDU-III,1.6,2026-08-26T06:30:00
W-1173,CDU-III,0.8,2026-08-26T07:00:00
W-1173,CDU-III,2.4,2026-08-26T07:30:00
W-1176,ETP,0.8,2026-08-26T08:00:00
W-1176,ETP,2.6,2026-08-26T08:30:00
W-1176,ETP,3.2,2026-08-26T09:00:00
W-1176,ETP,3.4,2026-08-26T09:30:00
W-1176,ETP,1.0,2026-08-26T10:00:00
W-1176,ETP,0.9,2026-08-26T10:30:00
W-1176,ETP,1.3,2026-08-26T11:00:00
W-1176,ETP,0.6,2026-08-26T11:30:00
W-1176,ETP,1.0,2026-08-26T12:00:00
W-1176,ETP,1.1,2026-08-26T12:30:00
W-1176,ETP,1.2,2026-08-26T13:00:00
W-1176,ETP,1.4,2026-08-26T13:30:00
W-1176,ETP,1.1,2026-08-26T14:00:00
W-1176,ETP,1.2,2026-08-26T14:30:00
W-1176,ETP,1.3,2026-08-26T15:00:00
W-1176,ETP,0.6,2026-08-26T15:30:00
W-1179,TF,0.5,2026-08-26T16:00:00
W-1179,TF,0.3,2026-08-26T16:30:00
W-1179,TF,0.3,2026-08-26T17:00:00
W-1179,TF,0.8,2026-08-26T17:30:00
W-1179,TF,0.5,2026-08-26T18:00:00
W-1179,TF,0.3,2026-08-26T18:30:00
W-1179,TF,0.5,2026-08-26T19:00:00
W-1179,TF,0.5,2026-08-26T19:30:00
W-1179,TF,0.3,2026-08-26T20:00:00
W-1179,TF,0.3,2026-08-26T20:30:00
W-1179,TF,0.6,2026-08-26T21:00:00
W-1179,TF,0.6,2026-08-26T21:30:00
W-1179,TF,0.7,2026-08-26T22:00:00
W-1179,TF,0.7,2026-08-26T22:30:00
W-1179,TF,0.4,2026-08-26T23:00:00
W-1179,TF,0.6,2026-08-26T23:30:00
W-1182,SRU,4.1,2026-08-26T00:00:00
W-1182,SRU,2.6,2026-08-26T00:30:00
W-1182,SRU,5.9,2026-08-26T01:00:00
W-1182,SRU,5.3,2026-08-26T01:30:00
W-1182,SRU,3.8,2026-08-26T02:00:00
W-1182,SRU,2.6,2026-08-26T02:30:00
W-1182,SRU,3.9,2026-08-26T03:00:00
W-1182,SRU,3.1,2026-08-26T03:30:00
W-1182,SRU,5.3,2026-08-26T04:00:00
W-1182,SRU,20.8,2026-08-26T04:30:00
W-1182,SRU,10.6,2026-08-26T05:00:00
W-1182,SRU,2.4,2026-08-26T05:30:00
W-1182,SRU,4.6,2026-08-26T06:00:00
W-1182,SRU,3.9,2026-08-26T06:30:00
W-1182,SRU,3.6,2026-08-26T07:00:00
W-1182,SRU,5.7,2026-08-26T07:30:00
W-1185,ARU,2.3,2026-08-26T08:00:00
W-1185,ARU,4.2,2026-08-26T08:30:00
W-1185,ARU,9.9,2026-08-26T09:00:00
W-1185,ARU,16.8,2026-08-26T09:30:00
W-1185,ARU,13.8,2026-08-26T10:00:00
W-1185,ARU,2.6,2026-08-26T10:30:00
W-1185,ARU,2.2,2026-08-26T11:00:00
W-1185,ARU,5.3,2026-08-26T11:30:00
W-1185,ARU,7.4,2026-08-26T12:00:00
W-1185,ARU,12.9,2026-08-26T12:30:00
W-1185,ARU,5.2,2026-08-26T13:00:00
W-1185,ARU,3.1,2026-08-26T13:30:00
W-1185,ARU,5.2,2026-08-26T14:00:00
W-1185,ARU,3.6,2026-08-26T14:30:00
W-1185,ARU,5.3,2026-08-26T15:00:00
W-1185,ARU,5.1,2026-08-26T15:30:00
W-1188,SWS,4.4,2026-08-26T16:00:00
W-1188,SWS,13.6,2026-08-26T16:30:00
W-1188,SWS,16.7,2026-08-26T17:00:00
W-1188,SWS,4.6,2026-08-26T17:30:00
W-1188,SWS,5.7,2026-08-26T18:00:00
W-1188,SWS,5.9,2026-08-26T18:30:00
W-1188,SWS,3.7,2026-08-26T19:00:00
W-1188,SWS,2.5,2026-08-26T19:30:00
W-1188,SWS,3.8,2026-08-26T20:00:00
W-1188,SWS,5.5,2026-08-26T20:30:00
W-1188,SWS,3.3,2026-08-26T21:00:00
W-1188,SWS,4.9,2026-08-26T21:30:00
W-1188,SWS,3.7,2026-08-26T22:00:00
W-1188,SWS,2.8,2026-08-26T22:30:00
W-1188,SWS,4.0,2026-08-26T23:00:00
W-1188,SWS,4.3,2026-08-26T23:30:00
W-1191,DCU,3.0,2026-08-26T00:00:00
W-1191,DCU,1.6,2026-08-26T00:30:00
W-1191,DCU,3.2,2026-08-26T01:00:00
W-1191,DCU,1.9,2026-08-26T01:30:00
W-1191,DCU,7.5,2026-08-26T02:00:00
W-1191,DCU,6.0,2026-08-26T02:30:00
W-1191,DCU,2.3,2026-08-26T03:00:00
W-1191,DCU,3.6,2026-08-26T03:30:00
W-1191,DCU,1.5,2026-08-26T04:00:00
W-1191,DCU,2.3,2026-08-26T04:30:00
W-1191,DCU,2.2,2026-08-26T05:00:00
W-1191,DCU,3.0,2026-08-26T05:30:00
W-1191,DCU,5.7,2026-08-26T06:00:00
W-1191,DCU,2.5,2026-08-26T06:30:00
W-1191,DCU,3.3,2026-08-26T07:00:00
W-1191,DCU,3.1,2026-08-26T07:30:00
W-1200,CDU-III,3.6,2026-08-26T00:00:00
W-1200,CDU-III,4.7,2026-08-26T00:30:00
W-1200,CDU-III,1.0,2026-08-26T01:00:00
W-1200,CDU-III,1.8,2026-08-26T01:30:00
W-1200,CDU-III,1.6,2026-08-26T02:00:00
W-1200,CDU-III,1.8,2026-08-26T02:30:00
W-1200,CDU-III,0.8,2026-08-26T03:00:00
W-1200,CDU-III,0.8,2026-08-26T03:30:00
W-1200,CDU-III,0.8,2026-08-26T04:00:00
W-1200,CDU-III,1.8,2026-08-26T04:30:00
W-1200,CDU-III,1.5,2026-08-26T05:00:00
W-1200,CDU-III,1.2,2026-08-26T05:30:00
W-1200,CDU-III,1.4,2026-08-26T06:00:00
W-1200,CDU-III,1.1,2026-08-26T06:30:00
W-1200,CDU-III,1.4,2026-08-26T07:00:00
W-1200,CDU-III,1.3,2026-08-26T07:30:00
W-1203,ETP,1.4,2026-08-26T08:00:00
W-1203,ETP,4.7,2026-08-26T08:30:00
W-1203,ETP,1.0,2026-08-26T09:00:00
W-1203,ETP,1.2,2026-08-26T09:30:00
W-1203,ETP,0.8,2026-08-26T10:00:00
W-1203,ETP,1.0,2026-08-26T10:30:00
W-1203,ETP,1.1,2026-08-26T11:00:00
W-1203,ETP,1.0,2026-08-26T11:30:00
W-1203,ETP,0.7,2026-08-26T12:00:00
W-1203,ETP,0.6,2026-08-26T12:30:00
W-1203,ETP,0.9,2026-08-26T13:00:00
W-1203,ETP,1.2,2026-08-26T13:30:00
W-1203,ETP,2.3,2026-08-26T14:00:00
W-1203,ETP,0.6,2026-08-26T14:30:00
W-1203,ETP,1.1,2026-08-26T15:00:00
W-1203,ETP,0.9,2026-08-26T15:30:00
W-1206,TF,0.3,2026-08-26T16:00:00
W-1206,TF,0.7,2026-08-26T16:30:00
W-1206,TF,0.4,2026-08-26T17:00:00
W-1206,TF,0.6,2026-08-26T17:30:00
W-1206,TF,0.7,2026-08-26T18:00:00
W-1206,TF,0.7,2026-08-26T18:30:00
W-1206,TF,0.5,2026-08-26T19:00:00
W-1206,TF,0.4,2026-08-26T19:30:00
W-1206,TF,0.5,2026-08-26T20:00:00
W-1206,TF,0.6,2026-08-26T20:30:00
W-1206,TF,1.5,2026-08-26T21:00:00
W-1206,TF,1.2,2026-08-26T21:30:00
W-1206,TF,1.2,2026-08-26T22:00:00
W-1206,TF,0.3,2026-08-26T22:30:00
W-1206,TF,0.7,2026-08-26T23:00:00
W-1206,TF,0.4,2026-08-26T23:30:00
W-1209,SRU,10.7,2026-08-26T00:00:00
W-1209,SRU,4.0,2026-08-26T00:30:00
W-1209,SRU,4.4,2026-08-26T01:00:00
W-1209,SRU,3.9,2026-08-26T01:30:00
W-1209,SRU,3.5,2026-08-26T02:00:00
W-1209,SRU,3.8,2026-08-26T02:30:00
W-1209,SRU,6.1,2026-08-26T03:00:00
W-1209,SRU,10.7,2026-08-26T03:30:00
W-1209,SRU,5.0,2026-08-26T04:00:00
W-1209,SRU,5.4,2026-08-26T04:30:00
W-1209,SRU,4.6,2026-08-26T05:00:00
W-1209,SRU,3.5,2026-08-26T05:30:00
W-1209,SRU,5.4,2026-08-26T06:00:00
W-1209,SRU,5.1,2026-08-26T06:30:00
W-1209,SRU,2.7,2026-08-26T07:00:00
W-1209,SRU,5.1,2026-08-26T07:30:00
W-1218,DCU,2.1,2026-08-26T00:00:00
W-1218,DCU,2.9,2026-08-26T00:30:00
W-1218,DCU,2.1,2026-08-26T01:00:00
W-1218,DCU,1.5,2026-08-26T01:30:00
W-1218,DCU,3.2,2026-08-26T02:00:00
W-1218,DCU,3.5,2026-08-26T02:30:00
W-1218,DCU,3.3,2026-08-26T03:00:00
W-1218,DCU,2.1,2026-08-26T03:30:00
W-1218,DCU,2.3,2026-08-26T04:00:00
W-1218,DCU,2.9,2026-08-26T04:30:00
W-1218,DCU,1.8,2026-08-26T05:00:00
W-1218,DCU,3.6,2026-08-26T05:30:00
W-1218,DCU,2.4,2026-08-26T06:00:00
W-1218,DCU,2.4,2026-08-26T06:30:00
W-1218,DCU,3.1,2026-08-26T07:00:00
W-1218,DCU,1.4,2026-08-26T07:30:00
W-1224,DHDT,1.8,2026-08-26T16:00:00
W-1224,DHDT,1.7,2026-08-26T16:30:00
W-1224,DHDT,0.9,2026-08-26T17:00:00
W-1224,DHDT,1.5,2026-08-26T17:30:00
W-1224,DHDT,0.9,2026-08-26T18:00:00
W-1224,DHDT,1.6,2026-08-26T18:30:00
W-1224,DHDT,0.9,2026-08-26T19:00:00
W-1224,DHDT,2.3,2026-08-26T19:30:00
W-1224,DHDT,1.0,2026-08-26T20:00:00
W-1224,DHDT,2.3,2026-08-26T20:30:00
W-1224,DHDT,1.0,2026-08-26T21:00:00
W-1224,DHDT,2.0,2026-08-26T21:30:00
W-1224,DHDT,1.3,2026-08-26T22:00:00
W-1224,DHDT,1.1,2026-08-26T22:30:00
W-1224,DHDT,2.3,2026-08-26T23:00:00
W-1224,DHDT,1.4,2026-08-26T23:30:00
W-1227,CDU-III,1.0,2026-08-26T00:00:00
W-1227,CDU-III,1.8,2026-08-26T00:30:00
W-1227,CDU-III,1.7,2026-08-26T01:00:00
W-1227,CDU-III,1.3,2026-08-26T01:30:00
W-1227,CDU-III,1.1,2026-08-26T02:00:00
W-1227,CDU-III,1.1,2026-08-26T02:30:00
W-1227,CDU-III,5.0,2026-08-26T03:00:00
W-1227,CDU-III,1.3,2026-08-26T03:30:00
W-1227,CDU-III,0.9,2026-08-26T04:00:00
W-1227,CDU-III,1.5,2026-08-26T04:30:00
W-1227,CDU-III,1.5,2026-08-26T05:00:00
W-1227,CDU-III,0.7,2026-08-26T05:30:00
W-1227,CDU-III,1.1,2026-08-26T06:00:00
W-1227,CDU-III,1.7,2026-08-26T06:30:00
W-1227,CDU-III,1.0,2026-08-26T07:00:00
W-1227,CDU-III,0.9,2026-08-26T07:30:00
W-1233,TF,0.7,2026-08-26T16:00:00
W-1233,TF,0.6,2026-08-26T16:30:00
W-1233,TF,0.7,2026-08-26T17:00:00
W-1233,TF,0.7,2026-08-26T17:30:00
W-1233,TF,0.3,2026-08-26T18:00:00
W-1233,TF,0.5,2026-08-26T18:30:00
W-1233,TF,0.6,2026-08-26T19:00:00
W-1233,TF,0.7,2026-08-26T19:30:00
W-1233,TF,0.7,2026-08-26T20:00:00
W-1233,TF,0.3,2026-08-26T20:30:00
W-1233,TF,0.6,2026-08-26T21:00:00
W-1233,TF,0.7,2026-08-26T21:30:00
W-1233,TF,0.5,2026-08-26T22:00:00
W-1233,TF,0.7,2026-08-26T22:30:00
W-1233,TF,0.3,2026-08-26T23:00:00
W-1233,TF,0.4,2026-08-26T23:30:00
W-1101,SRU,3.7,2026-08-27T00:00:00
W-1101,SRU,4.5,2026-08-27T00:30:00
W-1101,SRU,3.6,2026-08-27T01:00:00
W-1101,SRU,12.1,2026-08-27T01:30:00
W-1101,SRU,21.3,2026-08-27T02:00:00
W-1101,SRU,17.9,2026-08-27T02:30:00
W-1101,SRU,18.8,2026-08-27T03:00:00
W-1101,SRU,5.8,2026-08-27T03:30:00
W-1101,SRU,6.6,2026-08-27T04:00:00
W-1101,SRU,4.5,2026-08-27T04:30:00
W-1101,SRU,6.2,2026-08-27T05:00:00
W-1101,SRU,3.2,2026-08-27T05:30:00
W-1101,SRU,4.5,2026-08-27T06:00:00
W-1101,SRU,7.4,2026-08-27T06:30:00
W-1101,SRU,7.0,2026-08-27T07:00:00
W-1101,SRU,5.6,2026-08-27T07:30:00
W-1104,ARU,4.4,2026-08-27T08:00:00
W-1104,ARU,3.7,2026-08-27T08:30:00
W-1104,ARU,4.0,2026-08-27T09:00:00
W-1104,ARU,2.5,2026-08-27T09:30:00
W-1104,ARU,4.7,2026-08-27T10:00:00
W-1104,ARU,4.7,2026-08-27T10:30:00
W-1104,ARU,6.4,2026-08-27T11:00:00
W-1104,ARU,2.9,2026-08-27T11:30:00
W-1104,ARU,3.3,2026-08-27T12:00:00
W-1104,ARU,3.6,2026-08-27T12:30:00
W-1104,ARU,6.3,2026-08-27T13:00:00
W-1104,ARU,4.5,2026-08-27T13:30:00
W-1104,ARU,6.0,2026-08-27T14:00:00
W-1104,ARU,2.6,2026-08-27T14:30:00
W-1104,ARU,5.2,2026-08-27T15:00:00
W-1104,ARU,5.0,2026-08-27T15:30:00
W-1110,DCU,3.8,2026-08-27T00:00:00
W-1110,DCU,2.4,2026-08-27T00:30:00
W-1110,DCU,3.5,2026-08-27T01:00:00
W-1110,DCU,3.2,2026-08-27T01:30:00
W-1110,DCU,2.1,2026-08-27T02:00:00
W-1110,DCU,3.9,2026-08-27T02:30:00
W-1110,DCU,2.0,2026-08-27T03:00:00
W-1110,DCU,2.8,2026-08-27T03:30:00
W-1110,DCU,3.5,2026-08-27T04:00:00
W-1110,DCU,2.6,2026-08-27T04:30:00
W-1110,DCU,3.3,2026-08-27T05:00:00
W-1110,DCU,3.3,2026-08-27T05:30:00
W-1110,DCU,2.3,2026-08-27T06:00:00
W-1110,DCU,2.7,2026-08-27T06:30:00
W-1110,DCU,1.8,2026-08-27T07:00:00
W-1110,DCU,4.0,2026-08-27T07:30:00
W-1113,HCU,2.2,2026-08-27T08:00:00
W-1113,HCU,2.6,2026-08-27T08:30:00
W-1113,HCU,1.8,2026-08-27T09:00:00
W-1113,HCU,1.9,2026-08-27T09:30:00
W-1113,HCU,3.0,2026-08-27T10:00:00
W-1113,HCU,1.7,2026-08-27T10:30:00
W-1113,HCU,2.8,2026-08-27T11:00:00
W-1113,HCU,1.7,2026-08-27T11:30:00
W-1113,HCU,2.1,2026-08-27T12:00:00
W-1113,HCU,2.9,2026-08-27T12:30:00
W-1113,HCU,2.9,2026-08-27T13:00:00
W-1113,HCU,3.0,2026-08-27T13:30:00
W-1113,HCU,3.2,2026-08-27T14:00:00
W-1113,HCU,2.9,2026-08-27T14:30:00
W-1113,HCU,1.5,2026-08-27T15:00:00
W-1113,HCU,1.6,2026-08-27T15:30:00
W-1116,DHDT,2.4,2026-08-27T16:00:00
W-1116,DHDT,2.0,2026-08-27T16:30:00
W-1116,DHDT,2.1,2026-08-27T17:00:00
W-1116,DHDT,1.3,2026-08-27T17:30:00
W-1116,DHDT,1.3,2026-08-27T18:00:00
W-1116,DHDT,2.0,2026-08-27T18:30:00
W-1116,DHDT,2.4,2026-08-27T19:00:00
W-1116,DHDT,1.7,2026-08-27T19:30:00
W-1116,DHDT,1.8,2026-08-27T20:00:00
W-1116,DHDT,1.9,2026-08-27T20:30:00
W-1116,DHDT,2.0,2026-08-27T21:00:00
W-1116,DHDT,1.6,2026-08-27T21:30:00
W-1116,DHDT,1.7,2026-08-27T22:00:00
W-1116,DHDT,2.3,2026-08-27T22:30:00
W-1116,DHDT,1.4,2026-08-27T23:00:00
W-1116,DHDT,2.1,2026-08-27T23:30:00
W-1119,CDU-III,1.9,2026-08-27T00:00:00
W-1119,CDU-III,0.9,2026-08-27T00:30:00
W-1119,CDU-III,0.8,2026-08-27T01:00:00
W-1119,CDU-III,1.9,2026-08-27T01:30:00
W-1119,CDU-III,1.8,2026-08-27T02:00:00
W-1119,CDU-III,2.9,2026-08-27T02:30:00
W-1119,CDU-III,3.2,2026-08-27T03:00:00
W-1119,CDU-III,5.2,2026-08-27T03:30:00
W-1119,CDU-III,0.9,2026-08-27T04:00:00
W-1119,CDU-III,1.7,2026-08-27T04:30:00
W-1119,CDU-III,4.8,2026-08-27T05:00:00
W-1119,CDU-III,1.7,2026-08-27T05:30:00
W-1119,CDU-III,1.8,2026-08-27T06:00:00
W-1119,CDU-III,1.9,2026-08-27T06:30:00
W-1119,CDU-III,1.3,2026-08-27T07:00:00
W-1119,CDU-III,1.1,2026-08-27T07:30:00
W-1122,ETP,0.7,2026-08-27T08:00:00
W-1122,ETP,1.6,2026-08-27T08:30:00
W-1122,ETP,0.7,2026-08-27T09:00:00
W-1122,ETP,1.3,2026-08-27T09:30:00
W-1122,ETP,0.8,2026-08-27T10:00:00
W-1122,ETP,1.3,2026-08-27T10:30:00
W-1122,ETP,0.9,2026-08-27T11:00:00
W-1122,ETP,1.3,2026-08-27T11:30:00
W-1122,ETP,2.7,2026-08-27T12:00:00
W-1122,ETP,4.7,2026-08-27T12:30:00
W-1122,ETP,4.5,2026-08-27T13:00:00
W-1122,ETP,1.6,2026-08-27T13:30:00
W-1122,ETP,0.6,2026-08-27T14:00:00
W-1122,ETP,0.7,2026-08-27T14:30:00
W-1122,ETP,2.2,2026-08-27T15:00:00
W-1122,ETP,5.1,2026-08-27T15:30:00
W-1125,TF,0.6,2026-08-27T16:00:00
W-1125,TF,0.4,2026-08-27T16:30:00
W-1125,TF,0.9,2026-08-27T17:00:00
W-1125,TF,0.5,2026-08-27T17:30:00
W-1125,TF,0.7,2026-08-27T18:00:00
W-1125,TF,0.8,2026-08-27T18:30:00
W-1125,TF,0.6,2026-08-27T19:00:00
W-1125,TF,0.8,2026-08-27T19:30:00
W-1125,TF,0.5,2026-08-27T20:00:00
W-1125,TF,0.6,2026-08-27T20:30:00
W-1125,TF,0.5,2026-08-27T21:00:00
W-1125,TF,0.5,2026-08-27T21:30:00
W-1125,TF,0.8,2026-08-27T22:00:00
W-1125,TF,0.6,2026-08-27T22:30:00
W-1125,TF,0.5,2026-08-27T23:00:00
W-1125,TF,0.4,2026-08-27T23:30:00
W-1128,SRU,5.0,2026-08-27T00:00:00
W-1128,SRU,7.4,2026-08-27T00:30:00
W-1128,SRU,10.3,2026-08-27T01:00:00
W-1128,SRU,6.5,2026-08-27T01:30:00
W-1128,SRU,6.7,2026-08-27T02:00:00
W-1128,SRU,6.5,2026-08-27T02:30:00
W-1128,SRU,2.9,2026-08-27T03:00:00
W-1128,SRU,4.3,2026-08-27T03:30:00
W-1128,SRU,3.4,2026-08-27T04:00:00
W-1128,SRU,6.7,2026-08-27T04:30:00
W-1128,SRU,5.7,2026-08-27T05:00:00
W-1128,SRU,2.9,2026-08-27T05:30:00
W-1128,SRU,7.1,2026-08-27T06:00:00
W-1128,SRU,3.8,2026-08-27T06:30:00
W-1128,SRU,6.5,2026-08-27T07:00:00
W-1128,SRU,6.3,2026-08-27T07:30:00
W-1131,ARU,3.4,2026-08-27T08:00:00
W-1131,ARU,4.2,2026-08-27T08:30:00
W-1131,ARU,3.6,2026-08-27T09:00:00
W-1131,ARU,3.5,2026-08-27T09:30:00
W-1131,ARU,5.8,2026-08-27T10:00:00
W-1131,ARU,2.9,2026-08-27T10:30:00
W-1131,ARU,5.4,2026-08-27T11:00:00
W-1131,ARU,4.6,2026-08-27T11:30:00
W-1131,ARU,4.6,2026-08-27T12:00:00
W-1131,ARU,4.0,2026-08-27T12:30:00
W-1131,ARU,6.0,2026-08-27T13:00:00
W-1131,ARU,2.9,2026-08-27T13:30:00
W-1131,ARU,3.7,2026-08-27T14:00:00
W-1131,ARU,6.1,2026-08-27T14:30:00
W-1131,ARU,2.6,2026-08-27T15:00:00
W-1131,ARU,4.4,2026-08-27T15:30:00
W-1134,SWS,5.5,2026-08-27T16:00:00
W-1134,SWS,5.9,2026-08-27T16:30:00
W-1134,SWS,5.6,2026-08-27T17:00:00
W-1134,SWS,3.0,2026-08-27T17:30:00
W-1134,SWS,4.3,2026-08-27T18:00:00
W-1134,SWS,7.5,2026-08-27T18:30:00
W-1134,SWS,4.2,2026-08-27T19:00:00
W-1134,SWS,3.8,2026-08-27T19:30:00
W-1134,SWS,5.5,2026-08-27T20:00:00
W-1134,SWS,5.9,2026-08-27T20:30:00
W-1134,SWS,3.0,2026-08-27T21:00:00
W-1134,SWS,6.2,2026-08-27T21:30:00
W-1134,SWS,14.0,2026-08-27T22:00:00
W-1134,SWS,17.6,2026-08-27T22:30:00
W-1134,SWS,6.4,2026-08-27T23:00:00
W-1134,SWS,3.9,2026-08-27T23:30:00
W-1140,HCU,2.2,2026-08-27T08:00:00
W-1140,HCU,2.1,2026-08-27T08:30:00
W-1140,HCU,1.7,2026-08-27T09:00:00
W-1140,HCU,1.2,2026-08-27T09:30:00
W-1140,HCU,1.5,2026-08-27T10:00:00
W-1140,HCU,2.4,2026-08-27T10:30:00
W-1140,HCU,1.2,2026-08-27T11:00:00
W-1140,HCU,2.3,2026-08-27T11:30:00
W-1140,HCU,2.5,2026-08-27T12:00:00
W-1140,HCU,2.0,2026-08-27T12:30:00
W-1140,HCU,6.5,2026-08-27T13:00:00
W-1140,HCU,8.0,2026-08-27T13:30:00
W-1140,HCU,1.7,2026-08-27T14:00:00
W-1140,HCU,1.9,2026-08-27T14:30:00
W-1140,HCU,2.7,2026-08-27T15:00:00
W-1140,HCU,2.7,2026-08-27T15:30:00
W-1143,DHDT,1.3,2026-08-27T16:00:00
W-1143,DHDT,3.3,2026-08-27T16:30:00
W-1143,DHDT,5.5,2026-08-27T17:00:00
W-1143,DHDT,1.0,2026-08-27T17:30:00
W-1143,DHDT,1.4,2026-08-27T18:00:00
W-1143,DHDT,1.9,2026-08-27T18:30:00
W-1143,DHDT,2.2,2026-08-27T19:00:00
W-1143,DHDT,1.9,2026-08-27T19:30:00
W-1143,DHDT,1.8,2026-08-27T20:00:00
W-1143,DHDT,1.7,2026-08-27T20:30:00
W-1143,DHDT,2.5,2026-08-27T21:00:00
W-1143,DHDT,1.5,2026-08-27T21:30:00
W-1143,DHDT,1.0,2026-08-27T22:00:00
W-1143,DHDT,1.4,2026-08-27T22:30:00
W-1143,DHDT,2.4,2026-08-27T23:00:00
W-1143,DHDT,1.7,2026-08-27T23:30:00
W-1146,CDU-III,2.0,2026-08-27T00:00:00
W-1146,CDU-III,1.6,2026-08-27T00:30:00
W-1146,CDU-III,1.1,2026-08-27T01:00:00
W-1146,CDU-III,1.8,2026-08-27T01:30:00
W-1146,CDU-III,1.9,2026-08-27T02:00:00
W-1146,CDU-III,1.7,2026-08-27T02:30:00
W-1146,CDU-III,1.4,2026-08-27T03:00:00
W-1146,CDU-III,1.4,2026-08-27T03:30:00
W-1146,CDU-III,1.0,2026-08-27T04:00:00
W-1146,CDU-III,1.9,2026-08-27T04:30:00
W-1146,CDU-III,1.8,2026-08-27T05:00:00
W-1146,CDU-III,1.9,2026-08-27T05:30:00
W-1146,CDU-III,1.9,2026-08-27T06:00:00
W-1146,CDU-III,1.3,2026-08-27T06:30:00
W-1146,CDU-III,1.6,2026-08-27T07:00:00
W-1146,CDU-III,1.0,2026-08-27T07:30:00
W-1152,TF,0.8,2026-08-27T16:00:00
W-1152,TF,0.5,2026-08-27T16:30:00
W-1152,TF,0.9,2026-08-27T17:00:00
W-1152,TF,0.3,2026-08-27T17:30:00
W-1152,TF,0.4,2026-08-27T18:00:00
W-1152,TF,0.5,2026-08-27T18:30:00
W-1152,TF,0.5,2026-08-27T19:00:00
W-1152,TF,0.7,2026-08-27T19:30:00
W-1152,TF,0.4,2026-08-27T20:00:00
W-1152,TF,0.5,2026-08-27T20:30:00
W-1152,TF,0.6,2026-08-27T21:00:00
W-1152,TF,0.5,2026-08-27T21:30:00
W-1152,TF,0.3,2026-08-27T22:00:00
W-1152,TF,0.4,2026-08-27T22:30:00
W-1152,TF,0.8,2026-08-27T23:00:00
W-1152,TF,0.8,2026-08-27T23:30:00
W-1155,SRU,7.4,2026-08-27T00:00:00
W-1155,SRU,5.8,2026-08-27T00:30:00
W-1155,SRU,4.9,2026-08-27T01:00:00
W-1155,SRU,3.7,2026-08-27T01:30:00
W-1155,SRU,2.8,2026-08-27T02:00:00
W-1155,SRU,4.1,2026-08-27T02:30:00
W-1155,SRU,5.5,2026-08-27T03:00:00
W-1155,SRU,3.1,2026-08-27T03:30:00
W-1155,SRU,3.1,2026-08-27T04:00:00
W-1155,SRU,5.6,2026-08-27T04:30:00
W-1155,SRU,20.2,2026-08-27T05:00:00
W-1155,SRU,13.5,2026-08-27T05:30:00
W-1155,SRU,6.8,2026-08-27T06:00:00
W-1155,SRU,7.0,2026-08-27T06:30:00
W-1155,SRU,5.8,2026-08-27T07:00:00
W-1155,SRU,5.9,2026-08-27T07:30:00
W-1164,DCU,1.8,2026-08-27T00:00:00
W-1164,DCU,3.7,2026-08-27T00:30:00
W-1164,DCU,1.9,2026-08-27T01:00:00
W-1164,DCU,3.3,2026-08-27T01:30:00
W-1164,DCU,3.7,2026-08-27T02:00:00
W-1164,DCU,1.9,2026-08-27T02:30:00
W-1164,DCU,2.2,2026-08-27T03:00:00
W-1164,DCU,3.7,2026-08-27T03:30:00
W-1164,DCU,1.9,2026-08-27T04:00:00
W-1164,DCU,3.2,2026-08-27T04:30:00
W-1164,DCU,4.0,2026-08-27T05:00:00
W-1164,DCU,2.5,2026-08-27T05:30:00
W-1164,DCU,3.8,2026-08-27T06:00:00
W-1164,DCU,2.9,2026-08-27T06:30:00
W-1164,DCU,3.5,2026-08-27T07:00:00
W-1164,DCU,2.9,2026-08-27T07:30:00
W-1167,HCU,2.5,2026-08-27T08:00:00
W-1167,HCU,2.6,2026-08-27T08:30:00
W-1167,HCU,3.0,2026-08-27T09:00:00
W-1167,HCU,3.2,2026-08-27T09:30:00
W-1167,HCU,2.0,2026-08-27T10:00:00
W-1167,HCU,2.4,2026-08-27T10:30:00
W-1167,HCU,1.8,2026-08-27T11:00:00
W-1167,HCU,2.0,2026-08-27T11:30:00
W-1167,HCU,2.9,2026-08-27T12:00:00
W-1167,HCU,1.6,2026-08-27T12:30:00
W-1167,HCU,1.5,2026-08-27T13:00:00
W-1167,HCU,2.6,2026-08-27T13:30:00
W-1167,HCU,3.2,2026-08-27T14:00:00
W-1167,HCU,8.3,2026-08-27T14:30:00
W-1167,HCU,3.2,2026-08-27T15:00:00
W-1167,HCU,2.2,2026-08-27T15:30:00
W-1170,DHDT,1.8,2026-08-27T16:00:00
W-1170,DHDT,2.0,2026-08-27T16:30:00
W-1170,DHDT,1.1,2026-08-27T17:00:00
W-1170,DHDT,1.8,2026-08-27T17:30:00
W-1170,DHDT,2.4,2026-08-27T18:00:00
W-1170,DHDT,1.3,2026-08-27T18:30:00
W-1170,DHDT,2.2,2026-08-27T19:00:00
W-1170,DHDT,2.2,2026-08-27T19:30:00
W-1170,DHDT,2.0,2026-08-27T20:00:00
W-1170,DHDT,2.5,2026-08-27T20:30:00
W-1170,DHDT,2.5,2026-08-27T21:00:00
W-1170,DHDT,1.1,2026-08-27T21:30:00
W-1170,DHDT,1.6,2026-08-27T22:00:00
W-1170,DHDT,1.6,2026-08-27T22:30:00
W-1170,DHDT,1.5,2026-08-27T23:00:00
W-1170,DHDT,2.2,2026-08-27T23:30:00
W-1173,CDU-III,2.0,2026-08-27T00:00:00
W-1173,CDU-III,1.5,2026-08-27T00:30:00
W-1173,CDU-III,1.6,2026-08-27T01:00:00
W-1173,CDU-III,1.5,2026-08-27T01:30:00
W-1173,CDU-III,2.1,2026-08-27T02:00:00
W-1173,CDU-III,1.4,2026-08-27T02:30:00
W-1173,CDU-III,1.8,2026-08-27T03:00:00
W-1173,CDU-III,1.4,2026-08-27T03:30:00
W-1173,CDU-III,1.3,2026-08-27T04:00:00
W-1173,CDU-III,1.6,2026-08-27T04:30:00
W-1173,CDU-III,2.0,2026-08-27T05:00:00
W-1173,CDU-III,1.7,2026-08-27T05:30:00
W-1173,CDU-III,1.5,2026-08-27T06:00:00
W-1173,CDU-III,4.0,2026-08-27T06:30:00
W-1173,CDU-III,3.7,2026-08-27T07:00:00
W-1173,CDU-III,1.0,2026-08-27T07:30:00
W-1176,ETP,1.4,2026-08-27T08:00:00
W-1176,ETP,2.9,2026-08-27T08:30:00
W-1176,ETP,1.0,2026-08-27T09:00:00
W-1176,ETP,0.9,2026-08-27T09:30:00
W-1176,ETP,1.6,2026-08-27T10:00:00
W-1176,ETP,1.0,2026-08-27T10:30:00
W-1176,ETP,0.7,2026-08-27T11:00:00
W-1176,ETP,0.9,2026-08-27T11:30:00
W-1176,ETP,1.0,2026-08-27T12:00:00
W-1176,ETP,1.2,2026-08-27T12:30:00
W-1176,ETP,1.1,2026-08-27T13:00:00
W-1176,ETP,1.5,2026-08-27T13:30:00
W-1176,ETP,0.7,2026-08-27T14:00:00
W-1176,ETP,1.6,2026-08-27T14:30:00
W-1176,ETP,1.0,2026-08-27T15:00:00
W-1176,ETP,1.4,2026-08-27T15:30:00
W-1179,TF,0.8,2026-08-27T16:00:00
W-1179,TF,0.5,2026-08-27T16:30:00
W-1179,TF,0.5,2026-08-27T17:00:00
W-1179,TF,0.9,2026-08-27T17:30:00
W-1179,TF,0.7,2026-08-27T18:00:00
W-1179,TF,0.6,2026-08-27T18:30:00
W-1179,TF,0.5,2026-08-27T19:00:00
W-1179,TF,0.9,2026-08-27T19:30:00
W-1179,TF,0.7,2026-08-27T20:00:00
W-1179,TF,0.6,2026-08-27T20:30:00
W-1179,TF,0.6,2026-08-27T21:00:00
W-1179,TF,0.6,2026-08-27T21:30:00
W-1179,TF,0.5,2026-08-27T22:00:00
W-1179,TF,0.3,2026-08-27T22:30:00
W-1179,TF,0.5,2026-08-27T23:00:00
W-1179,TF,0.5,2026-08-27T23:30:00
W-1182,SRU,3.9,2026-08-27T00:00:00
W-1182,SRU,6.8,2026-08-27T00:30:00
W-1182,SRU,13.3,2026-08-27T01:00:00
W-1182,SRU,4.4,2026-08-27T01:30:00
W-1182,SRU,4.6,2026-08-27T02:00:00
W-1182,SRU,6.6,2026-08-27T02:30:00
W-1182,SRU,3.8,2026-08-27T03:00:00
W-1182,SRU,16.5,2026-08-27T03:30:00
W-1182,SRU,21.5,2026-08-27T04:00:00
W-1182,SRU,4.4,2026-08-27T04:30:00
W-1182,SRU,3.2,2026-08-27T05:00:00
W-1182,SRU,5.8,2026-08-27T05:30:00
W-1182,SRU,4.5,2026-08-27T06:00:00
W-1182,SRU,3.8,2026-08-27T06:30:00
W-1182,SRU,5.6,2026-08-27T07:00:00
W-1182,SRU,7.4,2026-08-27T07:30:00
W-1185,ARU,12.2,2026-08-27T08:00:00
W-1185,ARU,13.6,2026-08-27T08:30:00
W-1185,ARU,16.4,2026-08-27T09:00:00
W-1185,ARU,3.6,2026-08-27T09:30:00
W-1185,ARU,5.0,2026-08-27T10:00:00
W-1185,ARU,4.4,2026-08-27T10:30:00
W-1185,ARU,3.3,2026-08-27T11:00:00
W-1185,ARU,5.4,2026-08-27T11:30:00
W-1185,ARU,3.2,2026-08-27T12:00:00
W-1185,ARU,2.4,2026-08-27T12:30:00
W-1185,ARU,3.0,2026-08-27T13:00:00
W-1185,ARU,5.8,2026-08-27T13:30:00
W-1185,ARU,3.3,2026-08-27T14:00:00
W-1185,ARU,5.5,2026-08-27T14:30:00
W-1185,ARU,4.4,2026-08-27T15:00:00
W-1185,ARU,5.7,2026-08-27T15:30:00
W-1188,SWS,4.9,2026-08-27T16:00:00
W-1188,SWS,5.6,2026-08-27T16:30:00
W-1188,SWS,5.0,2026-08-27T17:00:00
W-1188,SWS,5.8,2026-08-27T17:30:00
W-1188,SWS,3.6,2026-08-27T18:00:00
W-1188,SWS,3.0,2026-08-27T18:30:00
W-1188,SWS,4.2,2026-08-27T19:00:00
W-1188,SWS,5.2,2026-08-27T19:30:00
W-1188,SWS,4.1,2026-08-27T20:00:00
W-1188,SWS,6.0,2026-08-27T20:30:00
W-1188,SWS,6.3,2026-08-27T21:00:00
W-1188,SWS,3.5,2026-08-27T21:30:00
W-1188,SWS,5.5,2026-08-27T22:00:00
W-1188,SWS,4.1,2026-08-27T22:30:00
W-1188,SWS,4.1,2026-08-27T23:00:00
W-1188,SWS,3.0,2026-08-27T23:30:00
W-1191,DCU,1.7,2026-08-27T00:00:00
W-1191,DCU,2.9,2026-08-27T00:30:00
W-1191,DCU,2.4,2026-08-27T01:00:00
W-1191,DCU,2.4,2026-08-27T01:30:00
W-1191,DCU,2.1,2026-08-27T02:00:00
W-1191,DCU,2.2,2026-08-27T02:30:00
W-1191,DCU,2.5,2026-08-27T03:00:00
W-1191,DCU,2.1,2026-08-27T03:30:00
W-1191,DCU,4.0,2026-08-27T04:00:00
W-1191,DCU,3.8,2026-08-27T04:30:00
W-1191,DCU,4.2,2026-08-27T05:00:00
W-1191,DCU,2.0,2026-08-27T05:30:00
W-1191,DCU,3.6,2026-08-27T06:00:00
W-1191,DCU,3.9,2026-08-27T06:30:00
W-1191,DCU,1.8,2026-08-27T07:00:00
W-1191,DCU,2.4,2026-08-27T07:30:00
W-1194,HCU,1.4,2026-08-27T08:00:00
W-1194,HCU,1.5,2026-08-27T08:30:00
W-1194,HCU,2.8,2026-08-27T09:00:00
W-1194,HCU,2.8,2026-08-27T09:30:00
W-1194,HCU,2.5,2026-08-27T10:00:00
W-1194,HCU,1.8,2026-08-27T10:30:00
W-1194,HCU,2.3,2026-08-27T11:00:00
W-1194,HCU,3.0,2026-08-27T11:30:00
W-1194,HCU,2.9,2026-08-27T12:00:00
W-1194,HCU,1.6,2026-08-27T12:30:00
W-1194,HCU,2.7,2026-08-27T13:00:00
W-1194,HCU,3.0,2026-08-27T13:30:00
W-1194,HCU,2.0,2026-08-27T14:00:00
W-1194,HCU,3.1,2026-08-27T14:30:00
W-1194,HCU,4.1,2026-08-27T15:00:00
W-1194,HCU,3.0,2026-08-27T15:30:00
W-1197,DHDT,3.0,2026-08-27T16:00:00
W-1197,DHDT,4.3,2026-08-27T16:30:00
W-1197,DHDT,7.1,2026-08-27T17:00:00
W-1197,DHDT,1.0,2026-08-27T17:30:00
W-1197,DHDT,2.5,2026-08-27T18:00:00
W-1197,DHDT,1.1,2026-08-27T18:30:00
W-1197,DHDT,2.1,2026-08-27T19:00:00
W-1197,DHDT,2.0,2026-08-27T19:30:00
W-1197,DHDT,2.6,2026-08-27T20:00:00
W-1197,DHDT,2.0,2026-08-27T20:30:00
W-1197,DHDT,1.8,2026-08-27T21:00:00
W-1197,DHDT,2.2,2026-08-27T21:30:00
W-1197,DHDT,5.1,2026-08-27T22:00:00
W-1197,DHDT,2.8,2026-08-27T22:30:00
W-1197,DHDT,5.9,2026-08-27T23:00:00
W-1197,DHDT,1.2,2026-08-27T23:30:00
W-1200,CDU-III,1.0,2026-08-27T00:00:00
W-1200,CDU-III,1.8,2026-08-27T00:30:00
W-1200,CDU-III,1.0,2026-08-27T01:00:00
W-1200,CDU-III,1.5,2026-08-27T01:30:00
W-1200,CDU-III,1.6,2026-08-27T02:00:00
W-1200,CDU-III,2.0,2026-08-27T02:30:00
W-1200,CDU-III,1.3,2026-08-27T03:00:00
W-1200,CDU-III,1.4,2026-08-27T03:30:00
W-1200,CDU-III,1.5,2026-08-27T04:00:00
W-1200,CDU-III,0.8,2026-08-27T04:30:00
W-1200,CDU-III,1.7,2026-08-27T05:00:00
W-1200,CDU-III,2.1,2026-08-27T05:30:00
W-1200,CDU-III,1.8,2026-08-27T06:00:00
W-1200,CDU-III,1.8,2026-08-27T06:30:00
W-1200,CDU-III,1.7,2026-08-27T07:00:00
W-1200,CDU-III,1.4,2026-08-27T07:30:00
W-1203,ETP,1.2,2026-08-27T08:00:00
W-1203,ETP,0.8,2026-08-27T08:30:00
W-1203,ETP,0.9,2026-08-27T09:00:00
W-1203,ETP,0.6,2026-08-27T09:30:00
W-1203,ETP,1.1,2026-08-27T10:00:00
W-1203,ETP,0.9,2026-08-27T10:30:00
W-1203,ETP,0.7,2026-08-27T11:00:00
W-1203,ETP,1.5,2026-08-27T11:30:00
W-1203,ETP,1.5,2026-08-27T12:00:00
W-1203,ETP,1.5,2026-08-27T12:30:00
W-1203,ETP,1.3,2026-08-27T13:00:00
W-1203,ETP,1.3,2026-08-27T13:30:00
W-1203,ETP,4.6,2026-08-27T14:00:00
W-1203,ETP,1.1,2026-08-27T14:30:00
W-1203,ETP,1.3,2026-08-27T15:00:00
W-1203,ETP,0.9,2026-08-27T15:30:00
W-1206,TF,0.7,2026-08-27T16:00:00
W-1206,TF,0.5,2026-08-27T16:30:00
W-1206,TF,0.4,2026-08-27T17:00:00
W-1206,TF,0.7,2026-08-27T17:30:00
W-1206,TF,0.4,2026-08-27T18:00:00
W-1206,TF,0.4,2026-08-27T18:30:00
W-1206,TF,0.6,2026-08-27T19:00:00
W-1206,TF,0.7,2026-08-27T19:30:00
W-1206,TF,0.6,2026-08-27T20:00:00
W-1206,TF,0.7,2026-08-27T20:30:00
W-1206,TF,0.7,2026-08-27T21:00:00
W-1206,TF,0.5,2026-08-27T21:30:00
W-1206,TF,0.4,2026-08-27T22:00:00
W-1206,TF,0.6,2026-08-27T22:30:00
W-1206,TF,0.5,2026-08-27T23:00:00
W-1206,TF,0.8,2026-08-27T23:30:00
W-1209,SRU,3.5,2026-08-27T00:00:00
W-1209,SRU,12.1,2026-08-27T00:30:00
W-1209,SRU,6.8,2026-08-27T01:00:00
W-1209,SRU,5.1,2026-08-27T01:30:00
W-1209,SRU,5.7,2026-08-27T02:00:00
W-1209,SRU,2.9,2026-08-27T02:30:00
W-1209,SRU,6.0,2026-08-27T03:00:00
W-1209,SRU,7.4,2026-08-27T03:30:00
W-1209,SRU,3.5,2026-08-27T04:00:00
W-1209,SRU,4.9,2026-08-27T04:30:00
W-1209,SRU,3.5,2026-08-27T05:00:00
W-1209,SRU,4.2,2026-08-27T05:30:00
W-1209,SRU,11.3,2026-08-27T06:00:00
W-1209,SRU,22.4,2026-08-27T06:30:00
W-1209,SRU,5.4,2026-08-27T07:00:00
W-1209,SRU,5.0,2026-08-27T07:30:00
W-1215,SWS,2.6,2026-08-27T16:00:00
W-1215,SWS,4.8,2026-08-27T16:30:00
W-1215,SWS,2.8,2026-08-27T17:00:00
W-1215,SWS,2.8,2026-08-27T17:30:00
W-1215,SWS,2.8,2026-08-27T18:00:00
W-1215,SWS,6.0,2026-08-27T18:30:00
W-1215,SWS,4.7,2026-08-27T19:00:00
W-1215,SWS,2.9,2026-08-27T19:30:00
W-1215,SWS,2.9,2026-08-27T20:00:00
W-1215,SWS,3.1,2026-08-27T20:30:00
W-1215,SWS,6.2,2026-08-27T21:00:00
W-1215,SWS,5.5,2026-08-27T21:30:00
W-1215,SWS,3.5,2026-08-27T22:00:00
W-1215,SWS,3.7,2026-08-27T22:30:00
W-1215,SWS,3.3,2026-08-27T23:00:00
W-1215,SWS,4.4,2026-08-27T23:30:00
W-1218,DCU,2.8,2026-08-27T00:00:00
W-1218,DCU,3.2,2026-08-27T00:30:00
W-1218,DCU,2.5,2026-08-27T01:00:00
W-1218,DCU,2.0,2026-08-27T01:30:00
W-1218,DCU,3.4,2026-08-27T02:00:00
W-1218,DCU,3.7,2026-08-27T02:30:00
W-1218,DCU,3.6,2026-08-27T03:00:00
W-1218,DCU,5.4,2026-08-27T03:30:00
W-1218,DCU,8.4,2026-08-27T04:00:00
W-1218,DCU,2.6,2026-08-27T04:30:00
W-1218,DCU,1.7,2026-08-27T05:00:00
W-1218,DCU,3.8,2026-08-27T05:30:00
W-1218,DCU,3.3,2026-08-27T06:00:00
W-1218,DCU,4.0,2026-08-27T06:30:00
W-1218,DCU,3.4,2026-08-27T07:00:00
W-1218,DCU,2.2,2026-08-27T07:30:00
W-1224,DHDT,2.1,2026-08-27T16:00:00
W-1224,DHDT,1.3,2026-08-27T16:30:00
W-1224,DHDT,1.7,2026-08-27T17:00:00
W-1224,DHDT,2.5,2026-08-27T17:30:00
W-1224,DHDT,2.6,2026-08-27T18:00:00
W-1224,DHDT,1.1,2026-08-27T18:30:00
W-1224,DHDT,1.9,2026-08-27T19:00:00
W-1224,DHDT,1.8,2026-08-27T19:30:00
W-1224,DHDT,1.8,2026-08-27T20:00:00
W-1224,DHDT,2.4,2026-08-27T20:30:00
W-1224,DHDT,1.8,2026-08-27T21:00:00
W-1224,DHDT,1.5,2026-08-27T21:30:00
W-1224,DHDT,1.8,2026-08-27T22:00:00
W-1224,DHDT,1.7,2026-08-27T22:30:00
W-1224,DHDT,1.5,2026-08-27T23:00:00
W-1224,DHDT,1.8,2026-08-27T23:30:00
W-1227,CDU-III,2.1,2026-08-27T00:00:00
W-1227,CDU-III,1.9,2026-08-27T00:30:00
W-1227,CDU-III,1.4,2026-08-27T01:00:00
W-1227,CDU-III,1.3,2026-08-27T01:30:00
W-1227,CDU-III,2.0,2026-08-27T02:00:00
W-1227,CDU-III,1.6,2026-08-27T02:30:00
W-1227,CDU-III,1.2,2026-08-27T03:00:00
W-1227,CDU-III,1.2,2026-08-27T03:30:00
W-1227,CDU-III,2.1,2026-08-27T04:00:00
W-1227,CDU-III,0.9,2026-08-27T04:30:00
W-1227,CDU-III,2.1,2026-08-27T05:00:00
W-1227,CDU-III,1.3,2026-08-27T05:30:00
W-1227,CDU-III,1.8,2026-08-27T06:00:00
W-1227,CDU-III,1.4,2026-08-27T06:30:00
W-1227,CDU-III,1.5,2026-08-27T07:00:00
W-1227,CDU-III,1.1,2026-08-27T07:30:00
W-1230,ETP,1.4,2026-08-27T08:00:00
W-1230,ETP,0.8,2026-08-27T08:30:00
W-1230,ETP,0.9,2026-08-27T09:00:00
W-1230,ETP,1.5,2026-08-27T09:30:00
W-1230,ETP,1.4,2026-08-27T10:00:00
W-1230,ETP,1.2,2026-08-27T10:30:00
W-1230,ETP,1.4,2026-08-27T11:00:00
W-1230,ETP,1.6,2026-08-27T11:30:00
W-1230,ETP,1.2,2026-08-27T12:00:00
W-1230,ETP,1.4,2026-08-27T12:30:00
W-1230,ETP,0.7,2026-08-27T13:00:00
W-1230,ETP,0.6,2026-08-27T13:30:00
W-1230,ETP,1.0,2026-08-27T14:00:00
W-1230,ETP,1.1,2026-08-27T14:30:00
W-1230,ETP,1.3,2026-08-27T15:00:00
W-1230,ETP,4.6,2026-08-27T15:30:00
W-1233,TF,0.5,2026-08-27T16:00:00
W-1233,TF,0.5,2026-08-27T16:30:00
W-1233,TF,0.3,2026-08-27T17:00:00
W-1233,TF,0.9,2026-08-27T17:30:00
W-1233,TF,0.6,2026-08-27T18:00:00
W-1233,TF,0.3,2026-08-27T18:30:00
W-1233,TF,0.4,2026-08-27T19:00:00
W-1233,TF,0.7,2026-08-27T19:30:00
W-1233,TF,0.9,2026-08-27T20:00:00
W-1233,TF,0.4,2026-08-27T20:30:00
W-1233,TF,0.7,2026-08-27T21:00:00
W-1233,TF,0.4,2026-08-27T21:30:00
W-1233,TF,0.9,2026-08-27T22:00:00
W-1233,TF,0.7,2026-08-27T22:30:00
W-1233,TF,0.5,2026-08-27T23:00:00
W-1233,TF,0.8,2026-08-27T23:30:00
W-1101,SRU,3.9,2026-08-28T00:00:00
W-1101,SRU,2.5,2026-08-28T00:30:00
W-1101,SRU,3.4,2026-08-28T01:00:00
W-1101,SRU,16.7,2026-08-28T01:30:00
W-1101,SRU,10.2,2026-08-28T02:00:00
W-1101,SRU,13.3,2026-08-28T02:30:00
W-1101,SRU,2.8,2026-08-28T03:00:00
W-1101,SRU,5.6,2026-08-28T03:30:00
W-1101,SRU,4.0,2026-08-28T04:00:00
W-1101,SRU,5.9,2026-08-28T04:30:00
W-1101,SRU,4.2,2026-08-28T05:00:00
W-1101,SRU,5.3,2026-08-28T05:30:00
W-1101,SRU,5.1,2026-08-28T06:00:00
W-1101,SRU,5.3,2026-08-28T06:30:00
W-1101,SRU,19.7,2026-08-28T07:00:00
W-1101,SRU,13.7,2026-08-28T07:30:00
W-1104,ARU,4.9,2026-08-28T08:00:00
W-1104,ARU,4.6,2026-08-28T08:30:00
W-1104,ARU,3.1,2026-08-28T09:00:00
W-1104,ARU,2.2,2026-08-28T09:30:00
W-1104,ARU,3.7,2026-08-28T10:00:00
W-1104,ARU,2.3,2026-08-28T10:30:00
W-1104,ARU,4.2,2026-08-28T11:00:00
W-1104,ARU,4.6,2026-08-28T11:30:00
W-1104,ARU,7.2,2026-08-28T12:00:00
W-1104,ARU,2.4,2026-08-28T12:30:00
W-1104,ARU,17.5,2026-08-28T13:00:00
W-1104,ARU,12.2,2026-08-28T13:30:00
W-1104,ARU,3.9,2026-08-28T14:00:00
W-1104,ARU,4.7,2026-08-28T14:30:00
W-1104,ARU,2.9,2026-08-28T15:00:00
W-1104,ARU,4.7,2026-08-28T15:30:00
W-1107,SWS,5.3,2026-08-28T16:00:00
W-1107,SWS,5.6,2026-08-28T16:30:00
W-1107,SWS,3.7,2026-08-28T17:00:00
W-1107,SWS,3.1,2026-08-28T17:30:00
W-1107,SWS,3.9,2026-08-28T18:00:00
W-1107,SWS,4.8,2026-08-28T18:30:00
W-1107,SWS,3.0,2026-08-28T19:00:00
W-1107,SWS,2.7,2026-08-28T19:30:00
W-1107,SWS,3.5,2026-08-28T20:00:00
W-1107,SWS,5.1,2026-08-28T20:30:00
W-1107,SWS,3.2,2026-08-28T21:00:00
W-1107,SWS,2.2,2026-08-28T21:30:00
W-1107,SWS,4.0,2026-08-28T22:00:00
W-1107,SWS,3.2,2026-08-28T22:30:00
W-1107,SWS,2.6,2026-08-28T23:00:00
W-1107,SWS,2.7,2026-08-28T23:30:00
W-1113,HCU,1.6,2026-08-28T08:00:00
W-1113,HCU,2.3,2026-08-28T08:30:00
W-1113,HCU,2.1,2026-08-28T09:00:00
W-1113,HCU,1.1,2026-08-28T09:30:00
W-1113,HCU,2.1,2026-08-28T10:00:00
W-1113,HCU,1.6,2026-08-28T10:30:00
W-1113,HCU,1.9,2026-08-28T11:00:00
W-1113,HCU,2.5,2026-08-28T11:30:00
W-1113,HCU,2.5,2026-08-28T12:00:00
W-1113,HCU,2.4,2026-08-28T12:30:00
W-1113,HCU,1.8,2026-08-28T13:00:00
W-1113,HCU,1.4,2026-08-28T13:30:00
W-1113,HCU,1.8,2026-08-28T14:00:00
W-1113,HCU,2.0,2026-08-28T14:30:00
W-1113,HCU,1.7,2026-08-28T15:00:00
W-1113,HCU,2.1,2026-08-28T15:30:00
W-1116,DHDT,1.8,2026-08-28T16:00:00
W-1116,DHDT,1.3,2026-08-28T16:30:00
W-1116,DHDT,2.0,2026-08-28T17:00:00
W-1116,DHDT,2.0,2026-08-28T17:30:00
W-1116,DHDT,1.8,2026-08-28T18:00:00
W-1116,DHDT,1.1,2026-08-28T18:30:00
W-1116,DHDT,1.1,2026-08-28T19:00:00
W-1116,DHDT,0.8,2026-08-28T19:30:00
W-1116,DHDT,1.5,2026-08-28T20:00:00
W-1116,DHDT,0.9,2026-08-28T20:30:00
W-1116,DHDT,1.0,2026-08-28T21:00:00
W-1116,DHDT,1.4,2026-08-28T21:30:00
W-1116,DHDT,5.8,2026-08-28T22:00:00
W-1116,DHDT,3.1,2026-08-28T22:30:00
W-1116,DHDT,2.0,2026-08-28T23:00:00
W-1116,DHDT,1.9,2026-08-28T23:30:00
W-1119,CDU-III,0.8,2026-08-28T00:00:00
W-1119,CDU-III,1.4,2026-08-28T00:30:00
W-1119,CDU-III,1.4,2026-08-28T01:00:00
W-1119,CDU-III,1.1,2026-08-28T01:30:00
W-1119,CDU-III,0.6,2026-08-28T02:00:00
W-1119,CDU-III,1.2,2026-08-28T02:30:00
W-1119,CDU-III,0.9,2026-08-28T03:00:00
W-1119,CDU-III,1.6,2026-08-28T03:30:00
W-1119,CDU-III,0.8,2026-08-28T04:00:00
W-1119,CDU-III,1.1,2026-08-28T04:30:00
W-1119,CDU-III,0.7,2026-08-28T05:00:00
W-1119,CDU-III,0.7,2026-08-28T05:30:00
W-1119,CDU-III,1.4,2026-08-28T06:00:00
W-1119,CDU-III,1.1,2026-08-28T06:30:00
W-1119,CDU-III,0.9,2026-08-28T07:00:00
W-1119,CDU-III,1.4,2026-08-28T07:30:00
W-1122,ETP,1.0,2026-08-28T08:00:00
W-1122,ETP,1.0,2026-08-28T08:30:00
W-1122,ETP,1.3,2026-08-28T09:00:00
W-1122,ETP,0.7,2026-08-28T09:30:00
W-1122,ETP,0.5,2026-08-28T10:00:00
W-1122,ETP,0.7,2026-08-28T10:30:00
W-1122,ETP,1.0,2026-08-28T11:00:00
W-1122,ETP,0.7,2026-08-28T11:30:00
W-1122,ETP,0.5,2026-08-28T12:00:00
W-1122,ETP,0.6,2026-08-28T12:30:00
W-1122,ETP,0.5,2026-08-28T13:00:00
W-1122,ETP,0.5,2026-08-28T13:30:00
W-1122,ETP,0.5,2026-08-28T14:00:00
W-1122,ETP,1.3,2026-08-28T14:30:00
W-1122,ETP,0.9,2026-08-28T15:00:00
W-1122,ETP,1.0,2026-08-28T15:30:00
W-1128,SRU,2.3,2026-08-28T00:00:00
W-1128,SRU,5.6,2026-08-28T00:30:00
W-1128,SRU,5.4,2026-08-28T01:00:00
W-1128,SRU,2.4,2026-08-28T01:30:00
W-1128,SRU,4.1,2026-08-28T02:00:00
W-1128,SRU,3.8,2026-08-28T02:30:00
W-1128,SRU,5.4,2026-08-28T03:00:00
W-1128,SRU,4.4,2026-08-28T03:30:00
W-1128,SRU,4.8,2026-08-28T04:00:00
W-1128,SRU,3.9,2026-08-28T04:30:00
W-1128,SRU,4.4,2026-08-28T05:00:00
W-1128,SRU,4.0,2026-08-28T05:30:00
W-1128,SRU,13.2,2026-08-28T06:00:00
W-1128,SRU,4.6,2026-08-28T06:30:00
W-1128,SRU,3.6,2026-08-28T07:00:00
W-1128,SRU,4.0,2026-08-28T07:30:00
W-1131,ARU,4.5,2026-08-28T08:00:00
W-1131,ARU,4.8,2026-08-28T08:30:00
W-1131,ARU,3.8,2026-08-28T09:00:00
W-1131,ARU,4.4,2026-08-28T09:30:00
W-1131,ARU,3.2,2026-08-28T10:00:00
W-1131,ARU,11.9,2026-08-28T10:30:00
W-1131,ARU,15.7,2026-08-28T11:00:00
W-1131,ARU,7.5,2026-08-28T11:30:00
W-1131,ARU,5.1,2026-08-28T12:00:00
W-1131,ARU,4.9,2026-08-28T12:30:00
W-1131,ARU,3.2,2026-08-28T13:00:00
W-1131,ARU,2.0,2026-08-28T13:30:00
W-1131,ARU,3.3,2026-08-28T14:00:00
W-1131,ARU,3.8,2026-08-28T14:30:00
W-1131,ARU,3.8,2026-08-28T15:00:00
W-1131,ARU,2.0,2026-08-28T15:30:00
W-1134,SWS,4.5,2026-08-28T16:00:00
W-1134,SWS,5.3,2026-08-28T16:30:00
W-1134,SWS,15.2,2026-08-28T17:00:00
W-1134,SWS,15.1,2026-08-28T17:30:00
W-1134,SWS,16.0,2026-08-28T18:00:00
W-1134,SWS,17.3,2026-08-28T18:30:00
W-1134,SWS,4.0,2026-08-28T19:00:00
W-1134,SWS,3.7,2026-08-28T19:30:00
W-1134,SWS,3.9,2026-08-28T20:00:00
W-1134,SWS,3.7,2026-08-28T20:30:00
W-1134,SWS,2.8,2026-08-28T21:00:00
W-1134,SWS,3.6,2026-08-28T21:30:00
W-1134,SWS,2.3,2026-08-28T22:00:00
W-1134,SWS,5.3,2026-08-28T22:30:00
W-1134,SWS,2.8,2026-08-28T23:00:00
W-1134,SWS,4.9,2026-08-28T23:30:00
W-1137,DCU,3.5,2026-08-28T00:00:00
W-1137,DCU,3.4,2026-08-28T00:30:00
W-1137,DCU,1.8,2026-08-28T01:00:00
W-1137,DCU,2.4,2026-08-28T01:30:00
W-1137,DCU,1.4,2026-08-28T02:00:00
W-1137,DCU,2.7,2026-08-28T02:30:00
W-1137,DCU,3.2,2026-08-28T03:00:00
W-1137,DCU,1.4,2026-08-28T03:30:00
W-1137,DCU,1.7,2026-08-28T04:00:00
W-1137,DCU,3.0,2026-08-28T04:30:00
W-1137,DCU,2.2,2026-08-28T05:00:00
W-1137,DCU,4.8,2026-08-28T05:30:00
W-1137,DCU,1.8,2026-08-28T06:00:00
W-1137,DCU,2.3,2026-08-28T06:30:00
W-1137,DCU,4.0,2026-08-28T07:00:00
W-1137,DCU,5.1,2026-08-28T07:30:00
W-1146,CDU-III,0.7,2026-08-28T00:00:00
W-1146,CDU-III,1.6,2026-08-28T00:30:00
W-1146,CDU-III,1.0,2026-08-28T01:00:00
W-1146,CDU-III,1.0,2026-08-28T01:30:00
W-1146,CDU-III,1.2,2026-08-28T02:00:00
W-1146,CDU-III,1.2,2026-08-28T02:30:00
W-1146,CDU-III,0.8,2026-08-28T03:00:00
W-1146,CDU-III,1.2,2026-08-28T03:30:00
W-1146,CDU-III,1.5,2026-08-28T04:00:00
W-1146,CDU-III,1.0,2026-08-28T04:30:00
W-1146,CDU-III,0.7,2026-08-28T05:00:00
W-1146,CDU-III,0.8,2026-08-28T05:30:00
W-1146,CDU-III,1.3,2026-08-28T06:00:00
W-1146,CDU-III,0.9,2026-08-28T06:30:00
W-1146,CDU-III,0.8,2026-08-28T07:00:00
W-1146,CDU-III,1.0,2026-08-28T07:30:00
W-1149,ETP,1.1,2026-08-28T08:00:00
W-1149,ETP,0.6,2026-08-28T08:30:00
W-1149,ETP,0.5,2026-08-28T09:00:00
W-1149,ETP,1.2,2026-08-28T09:30:00
W-1149,ETP,0.7,2026-08-28T10:00:00
W-1149,ETP,1.2,2026-08-28T10:30:00
W-1149,ETP,0.5,2026-08-28T11:00:00
W-1149,ETP,1.3,2026-08-28T11:30:00
W-1149,ETP,0.7,2026-08-28T12:00:00
W-1149,ETP,0.6,2026-08-28T12:30:00
W-1149,ETP,1.2,2026-08-28T13:00:00
W-1149,ETP,1.0,2026-08-28T13:30:00
W-1149,ETP,2.8,2026-08-28T14:00:00
W-1149,ETP,0.9,2026-08-28T14:30:00
W-1149,ETP,1.3,2026-08-28T15:00:00
W-1149,ETP,1.3,2026-08-28T15:30:00
W-1155,SRU,3.4,2026-08-28T00:00:00
W-1155,SRU,18.9,2026-08-28T00:30:00
W-1155,SRU,13.3,2026-08-28T01:00:00
W-1155,SRU,11.6,2026-08-28T01:30:00
W-1155,SRU,5.8,2026-08-28T02:00:00
W-1155,SRU,4.1,2026-08-28T02:30:00
W-1155,SRU,3.8,2026-08-28T03:00:00
W-1155,SRU,2.7,2026-08-28T03:30:00
W-1155,SRU,5.4,2026-08-28T04:00:00
W-1155,SRU,4.0,2026-08-28T04:30:00
W-1155,SRU,7.3,2026-08-28T05:00:00
W-1155,SRU,9.0,2026-08-28T05:30:00
W-1155,SRU,4.2,2026-08-28T06:00:00
W-1155,SRU,3.7,2026-08-28T06:30:00
W-1155,SRU,3.3,2026-08-28T07:00:00
W-1155,SRU,2.8,2026-08-28T07:30:00
W-1161,SWS,5.2,2026-08-28T16:00:00
W-1161,SWS,8.1,2026-08-28T16:30:00
W-1161,SWS,14.4,2026-08-28T17:00:00
W-1161,SWS,7.7,2026-08-28T17:30:00
W-1161,SWS,11.7,2026-08-28T18:00:00
W-1161,SWS,13.8,2026-08-28T18:30:00
W-1161,SWS,13.8,2026-08-28T19:00:00
W-1161,SWS,4.9,2026-08-28T19:30:00
W-1161,SWS,7.1,2026-08-28T20:00:00
W-1161,SWS,14.3,2026-08-28T20:30:00
W-1161,SWS,11.6,2026-08-28T21:00:00
W-1161,SWS,4.4,2026-08-28T21:30:00
W-1161,SWS,3.7,2026-08-28T22:00:00
W-1161,SWS,2.9,2026-08-28T22:30:00
W-1161,SWS,2.9,2026-08-28T23:00:00
W-1161,SWS,5.3,2026-08-28T23:30:00
W-1164,DCU,2.8,2026-08-28T00:00:00
W-1164,DCU,1.6,2026-08-28T00:30:00
W-1164,DCU,3.3,2026-08-28T01:00:00
W-1164,DCU,3.4,2026-08-28T01:30:00
W-1164,DCU,2.8,2026-08-28T02:00:00
W-1164,DCU,2.3,2026-08-28T02:30:00
W-1164,DCU,4.9,2026-08-28T03:00:00
W-1164,DCU,3.0,2026-08-28T03:30:00
W-1164,DCU,2.0,2026-08-28T04:00:00
W-1164,DCU,3.1,2026-08-28T04:30:00
W-1164,DCU,1.7,2026-08-28T05:00:00
W-1164,DCU,2.5,2026-08-28T05:30:00
W-1164,DCU,3.4,2026-08-28T06:00:00
W-1164,DCU,2.6,2026-08-28T06:30:00
W-1164,DCU,2.1,2026-08-28T07:00:00
W-1164,DCU,1.7,2026-08-28T07:30:00
W-1167,HCU,2.0,2026-08-28T08:00:00
W-1167,HCU,2.2,2026-08-28T08:30:00
W-1167,HCU,1.0,2026-08-28T09:00:00
W-1167,HCU,1.6,2026-08-28T09:30:00
W-1167,HCU,1.3,2026-08-28T10:00:00
W-1167,HCU,1.7,2026-08-28T10:30:00
W-1167,HCU,2.3,2026-08-28T11:00:00
W-1167,HCU,1.7,2026-08-28T11:30:00
W-1167,HCU,1.9,2026-08-28T12:00:00
W-1167,HCU,1.7,2026-08-28T12:30:00
W-1167,HCU,1.9,2026-08-28T13:00:00
W-1167,HCU,1.4,2026-08-28T13:30:00
W-1167,HCU,1.4,2026-08-28T14:00:00
W-1167,HCU,1.6,2026-08-28T14:30:00
W-1167,HCU,2.0,2026-08-28T15:00:00
W-1167,HCU,2.3,2026-08-28T15:30:00
W-1173,CDU-III,1.2,2026-08-28T00:00:00
W-1173,CDU-III,1.5,2026-08-28T00:30:00
W-1173,CDU-III,1.3,2026-08-28T01:00:00
W-1173,CDU-III,1.6,2026-08-28T01:30:00
W-1173,CDU-III,1.1,2026-08-28T02:00:00
W-1173,CDU-III,1.6,2026-08-28T02:30:00
W-1173,CDU-III,1.0,2026-08-28T03:00:00
W-1173,CDU-III,0.9,2026-08-28T03:30:00
W-1173,CDU-III,1.0,2026-08-28T04:00:00
W-1173,CDU-III,1.0,2026-08-28T04:30:00
W-1173,CDU-III,1.2,2026-08-28T05:00:00
W-1173,CDU-III,1.0,2026-08-28T05:30:00
W-1173,CDU-III,1.6,2026-08-28T06:00:00
W-1173,CDU-III,0.8,2026-08-28T06:30:00
W-1173,CDU-III,1.6,2026-08-28T07:00:00
W-1173,CDU-III,0.8,2026-08-28T07:30:00
W-1176,ETP,0.8,2026-08-28T08:00:00
W-1176,ETP,1.1,2026-08-28T08:30:00
W-1176,ETP,1.1,2026-08-28T09:00:00
W-1176,ETP,0.5,2026-08-28T09:30:00
W-1176,ETP,5.4,2026-08-28T10:00:00
W-1176,ETP,0.6,2026-08-28T10:30:00
W-1176,ETP,0.9,2026-08-28T11:00:00
W-1176,ETP,1.1,2026-08-28T11:30:00
W-1176,ETP,0.7,2026-08-28T12:00:00
W-1176,ETP,1.3,2026-08-28T12:30:00
W-1176,ETP,1.2,2026-08-28T13:00:00
W-1176,ETP,0.5,2026-08-28T13:30:00
W-1176,ETP,0.6,2026-08-28T14:00:00
W-1176,ETP,0.8,2026-08-28T14:30:00
W-1176,ETP,0.7,2026-08-28T15:00:00
W-1176,ETP,0.8,2026-08-28T15:30:00
W-1179,TF,0.3,2026-08-28T16:00:00
W-1179,TF,0.7,2026-08-28T16:30:00
W-1179,TF,0.5,2026-08-28T17:00:00
W-1179,TF,0.5,2026-08-28T17:30:00
W-1179,TF,0.6,2026-08-28T18:00:00
W-1179,TF,0.4,2026-08-28T18:30:00
W-1179,TF,0.5,2026-08-28T19:00:00
W-1179,TF,0.6,2026-08-28T19:30:00
W-1179,TF,0.4,2026-08-28T20:00:00
W-1179,TF,0.4,2026-08-28T20:30:00
W-1179,TF,0.3,2026-08-28T21:00:00
W-1179,TF,0.4,2026-08-28T21:30:00
W-1179,TF,0.5,2026-08-28T22:00:00
W-1179,TF,0.3,2026-08-28T22:30:00
W-1179,TF,0.6,2026-08-28T23:00:00
W-1179,TF,0.4,2026-08-28T23:30:00
W-1182,SRU,5.9,2026-08-28T00:00:00
W-1182,SRU,5.8,2026-08-28T00:30:00
W-1182,SRU,3.6,2026-08-28T01:00:00
W-1182,SRU,3.5,2026-08-28T01:30:00
W-1182,SRU,4.6,2026-08-28T02:00:00
W-1182,SRU,3.1,2026-08-28T02:30:00
W-1182,SRU,5.9,2026-08-28T03:00:00
W-1182,SRU,2.3,2026-08-28T03:30:00
W-1182,SRU,6.1,2026-08-28T04:00:00
W-1182,SRU,19.5,2026-08-28T04:30:00
W-1182,SRU,3.9,2026-08-28T05:00:00
W-1182,SRU,3.9,2026-08-28T05:30:00
W-1182,SRU,4.5,2026-08-28T06:00:00
W-1182,SRU,3.2,2026-08-28T06:30:00
W-1182,SRU,3.5,2026-08-28T07:00:00
W-1182,SRU,4.2,2026-08-28T07:30:00
W-1185,ARU,4.2,2026-08-28T08:00:00
W-1185,ARU,2.0,2026-08-28T08:30:00
W-1185,ARU,3.4,2026-08-28T09:00:00
W-1185,ARU,3.6,2026-08-28T09:30:00
W-1185,ARU,4.9,2026-08-28T10:00:00
W-1185,ARU,4.3,2026-08-28T10:30:00
W-1185,ARU,3.0,2026-08-28T11:00:00
W-1185,ARU,3.3,2026-08-28T11:30:00
W-1185,ARU,4.6,2026-08-28T12:00:00
W-1185,ARU,2.4,2026-08-28T12:30:00
W-1185,ARU,2.0,2026-08-28T13:00:00
W-1185,ARU,3.7,2026-08-28T13:30:00
W-1185,ARU,2.3,2026-08-28T14:00:00
W-1185,ARU,4.4,2026-08-28T14:30:00
W-1185,ARU,3.3,2026-08-28T15:00:00
W-1185,ARU,4.7,2026-08-28T15:30:00
W-1188,SWS,3.7,2026-08-28T16:00:00
W-1188,SWS,2.2,2026-08-28T16:30:00
W-1188,SWS,4.4,2026-08-28T17:00:00
W-1188,SWS,2.7,2026-08-28T17:30:00
W-1188,SWS,2.9,2026-08-28T18:00:00
W-1188,SWS,4.6,2026-08-28T18:30:00
W-1188,SWS,5.5,2026-08-28T19:00:00
W-1188,SWS,3.6,2026-08-28T19:30:00
W-1188,SWS,2.1,2026-08-28T20:00:00
W-1188,SWS,2.4,2026-08-28T20:30:00
W-1188,SWS,4.9,2026-08-28T21:00:00
W-1188,SWS,2.2,2026-08-28T21:30:00
W-1188,SWS,4.9,2026-08-28T22:00:00
W-1188,SWS,3.9,2026-08-28T22:30:00
W-1188,SWS,2.3,2026-08-28T23:00:00
W-1188,SWS,4.1,2026-08-28T23:30:00
W-1194,HCU,1.7,2026-08-28T08:00:00
W-1194,HCU,2.5,2026-08-28T08:30:00
W-1194,HCU,5.5,2026-08-28T09:00:00
W-1194,HCU,2.0,2026-08-28T09:30:00
W-1194,HCU,1.6,2026-08-28T10:00:00
W-1194,HCU,6.8,2026-08-28T10:30:00
W-1194,HCU,2.2,2026-08-28T11:00:00
W-1194,HCU,3.7,2026-08-28T11:30:00
W-1194,HCU,5.7,2026-08-28T12:00:00
W-1194,HCU,2.1,2026-08-28T12:30:00
W-1194,HCU,5.4,2026-08-28T13:00:00
W-1194,HCU,3.5,2026-08-28T13:30:00
W-1194,HCU,5.7,2026-08-28T14:00:00
W-1194,HCU,2.5,2026-08-28T14:30:00
W-1194,HCU,2.0,2026-08-28T15:00:00
W-1194,HCU,1.2,2026-08-28T15:30:00
W-1197,DHDT,2.1,2026-08-28T16:00:00
W-1197,DHDT,1.8,2026-08-28T16:30:00
W-1197,DHDT,1.7,2026-08-28T17:00:00
W-1197,DHDT,1.5,2026-08-28T17:30:00
W-1197,DHDT,2.4,2026-08-28T18:00:00
W-1197,DHDT,4.1,2026-08-28T18:30:00
W-1197,DHDT,1.4,2026-08-28T19:00:00
W-1197,DHDT,1.9,2026-08-28T19:30:00
W-1197,DHDT,1.8,2026-08-28T20:00:00
W-1197,DHDT,1.0,2026-08-28T20:30:00
W-1197,DHDT,4.0,2026-08-28T21:00:00
W-1197,DHDT,2.5,2026-08-28T21:30:00
W-1197,DHDT,4.5,2026-08-28T22:00:00
W-1197,DHDT,1.0,2026-08-28T22:30:00
W-1197,DHDT,0.9,2026-08-28T23:00:00
W-1197,DHDT,1.9,2026-08-28T23:30:00
W-1200,CDU-III,1.7,2026-08-28T00:00:00
W-1200,CDU-III,1.7,2026-08-28T00:30:00
W-1200,CDU-III,1.7,2026-08-28T01:00:00
W-1200,CDU-III,1.3,2026-08-28T01:30:00
W-1200,CDU-III,1.3,2026-08-28T02:00:00
W-1200,CDU-III,1.7,2026-08-28T02:30:00
W-1200,CDU-III,1.0,2026-08-28T03:00:00
W-1200,CDU-III,1.6,2026-08-28T03:30:00
W-1200,CDU-III,1.3,2026-08-28T04:00:00
W-1200,CDU-III,0.9,2026-08-28T04:30:00
W-1200,CDU-III,1.4,2026-08-28T05:00:00
W-1200,CDU-III,0.8,2026-08-28T05:30:00
W-1200,CDU-III,0.9,2026-08-28T06:00:00
W-1200,CDU-III,1.7,2026-08-28T06:30:00
W-1200,CDU-III,1.6,2026-08-28T07:00:00
W-1200,CDU-III,1.6,2026-08-28T07:30:00
W-1203,ETP,0.6,2026-08-28T08:00:00
W-1203,ETP,0.9,2026-08-28T08:30:00
W-1203,ETP,0.9,2026-08-28T09:00:00
W-1203,ETP,0.7,2026-08-28T09:30:00
W-1203,ETP,0.7,2026-08-28T10:00:00
W-1203,ETP,0.8,2026-08-28T10:30:00
W-1203,ETP,1.0,2026-08-28T11:00:00
W-1203,ETP,0.9,2026-08-28T11:30:00
W-1203,ETP,1.3,2026-08-28T12:00:00
W-1203,ETP,0.5,2026-08-28T12:30:00
W-1203,ETP,0.7,2026-08-28T13:00:00
W-1203,ETP,1.1,2026-08-28T13:30:00
W-1203,ETP,0.8,2026-08-28T14:00:00
W-1203,ETP,1.3,2026-08-28T14:30:00
W-1203,ETP,0.6,2026-08-28T15:00:00
W-1203,ETP,0.8,2026-08-28T15:30:00
W-1206,TF,0.4,2026-08-28T16:00:00
W-1206,TF,0.7,2026-08-28T16:30:00
W-1206,TF,0.7,2026-08-28T17:00:00
W-1206,TF,0.5,2026-08-28T17:30:00
W-1206,TF,0.6,2026-08-28T18:00:00
W-1206,TF,0.3,2026-08-28T18:30:00
W-1206,TF,0.4,2026-08-28T19:00:00
W-1206,TF,1.4,2026-08-28T19:30:00
W-1206,TF,1.7,2026-08-28T20:00:00
W-1206,TF,0.8,2026-08-28T20:30:00
W-1206,TF,0.5,2026-08-28T21:00:00
W-1206,TF,0.4,2026-08-28T21:30:00
W-1206,TF,0.6,2026-08-28T22:00:00
W-1206,TF,0.4,2026-08-28T22:30:00
W-1206,TF,0.3,2026-08-28T23:00:00
W-1206,TF,0.7,2026-08-28T23:30:00
W-1209,SRU,3.8,2026-08-28T00:00:00
W-1209,SRU,3.7,2026-08-28T00:30:00
W-1209,SRU,4.5,2026-08-28T01:00:00
W-1209,SRU,2.4,2026-08-28T01:30:00
W-1209,SRU,4.9,2026-08-28T02:00:00
W-1209,SRU,3.4,2026-08-28T02:30:00
W-1209,SRU,7.7,2026-08-28T03:00:00
W-1209,SRU,8.0,2026-08-28T03:30:00
W-1209,SRU,4.6,2026-08-28T04:00:00
W-1209,SRU,2.6,2026-08-28T04:30:00
W-1209,SRU,2.5,2026-08-28T05:00:00
W-1209,SRU,4.6,2026-08-28T05:30:00
W-1209,SRU,2.5,2026-08-28T06:00:00
W-1209,SRU,5.5,2026-08-28T06:30:00
W-1209,SRU,3.9,2026-08-28T07:00:00
W-1209,SRU,5.0,2026-08-28T07:30:00
W-1212,ARU,2.4,2026-08-28T08:00:00
W-1212,ARU,4.6,2026-08-28T08:30:00
W-1212,ARU,4.2,2026-08-28T09:00:00
W-1212,ARU,3.4,2026-08-28T09:30:00
W-1212,ARU,4.4,2026-08-28T10:00:00
W-1212,ARU,2.4,2026-08-28T10:30:00
W-1212,ARU,5.2,2026-08-28T11:00:00
W-1212,ARU,4.5,2026-08-28T11:30:00
W-1212,ARU,5.2,2026-08-28T12:00:00
W-1212,ARU,4.5,2026-08-28T12:30:00
W-1212,ARU,4.2,2026-08-28T13:00:00
W-1212,ARU,3.5,2026-08-28T13:30:00
W-1212,ARU,3.4,2026-08-28T14:00:00
W-1212,ARU,4.7,2026-08-28T14:30:00
W-1212,ARU,3.6,2026-08-28T15:00:00
W-1212,ARU,3.7,2026-08-28T15:30:00
W-1215,SWS,3.9,2026-08-28T16:00:00
W-1215,SWS,2.5,2026-08-28T16:30:00
W-1215,SWS,2.7,2026-08-28T17:00:00
W-1215,SWS,2.5,2026-08-28T17:30:00
W-1215,SWS,2.2,2026-08-28T18:00:00
W-1215,SWS,3.5,2026-08-28T18:30:00
W-1215,SWS,2.6,2026-08-28T19:00:00
W-1215,SWS,4.0,2026-08-28T19:30:00
W-1215,SWS,5.5,2026-08-28T20:00:00
W-1215,SWS,3.6,2026-08-28T20:30:00
W-1215,SWS,5.5,2026-08-28T21:00:00
W-1215,SWS,14.2,2026-08-28T21:30:00
W-1215,SWS,11.0,2026-08-28T22:00:00
W-1215,SWS,13.3,2026-08-28T22:30:00
W-1215,SWS,4.4,2026-08-28T23:00:00
W-1215,SWS,4.5,2026-08-28T23:30:00
W-1218,DCU,3.2,2026-08-28T00:00:00
W-1218,DCU,1.7,2026-08-28T00:30:00
W-1218,DCU,2.1,2026-08-28T01:00:00
W-1218,DCU,1.5,2026-08-28T01:30:00
W-1218,DCU,6.5,2026-08-28T02:00:00
W-1218,DCU,5.6,2026-08-28T02:30:00
W-1218,DCU,7.3,2026-08-28T03:00:00
W-1218,DCU,6.2,2026-08-28T03:30:00
W-1218,DCU,1.3,2026-08-28T04:00:00
W-1218,DCU,2.0,2026-08-28T04:30:00
W-1218,DCU,1.8,2026-08-28T05:00:00
W-1218,DCU,1.8,2026-08-28T05:30:00
W-1218,DCU,1.6,2026-08-28T06:00:00
W-1218,DCU,3.1,2026-08-28T06:30:00
W-1218,DCU,3.2,2026-08-28T07:00:00
W-1218,DCU,2.1,2026-08-28T07:30:00
W-1227,CDU-III,1.0,2026-08-28T00:00:00
W-1227,CDU-III,3.6,2026-08-28T00:30:00
W-1227,CDU-III,1.6,2026-08-28T01:00:00
W-1227,CDU-III,2.0,2026-08-28T01:30:00
W-1227,CDU-III,1.7,2026-08-28T02:00:00
W-1227,CDU-III,1.2,2026-08-28T02:30:00
W-1227,CDU-III,0.9,2026-08-28T03:00:00
W-1227,CDU-III,0.8,2026-08-28T03:30:00
W-1227,CDU-III,1.3,2026-08-28T04:00:00
W-1227,CDU-III,0.7,2026-08-28T04:30:00
W-1227,CDU-III,0.7,2026-08-28T05:00:00
W-1227,CDU-III,1.6,2026-08-28T05:30:00
W-1227,CDU-III,0.8,2026-08-28T06:00:00
W-1227,CDU-III,5.0,2026-08-28T06:30:00
W-1227,CDU-III,3.1,2026-08-28T07:00:00
W-1227,CDU-III,1.2,2026-08-28T07:30:00
W-1230,ETP,0.6,2026-08-28T08:00:00
W-1230,ETP,0.5,2026-08-28T08:30:00
W-1230,ETP,1.2,2026-08-28T09:00:00
W-1230,ETP,0.8,2026-08-28T09:30:00
W-1230,ETP,0.7,2026-08-28T10:00:00
W-1230,ETP,0.8,2026-08-28T10:30:00
W-1230,ETP,0.5,2026-08-28T11:00:00
W-1230,ETP,0.8,2026-08-28T11:30:00
W-1230,ETP,0.9,2026-08-28T12:00:00
W-1230,ETP,1.3,2026-08-28T12:30:00
W-1230,ETP,0.9,2026-08-28T13:00:00
W-1230,ETP,1.0,2026-08-28T13:30:00
W-1230,ETP,0.6,2026-08-28T14:00:00
W-1230,ETP,1.0,2026-08-28T14:30:00
W-1230,ETP,0.8,2026-08-28T15:00:00
W-1230,ETP,0.5,2026-08-28T15:30:00
W-1233,TF,0.7,2026-08-28T16:00:00
W-1233,TF,0.4,2026-08-28T16:30:00
W-1233,TF,0.7,2026-08-28T17:00:00
W-1233,TF,0.5,2026-08-28T17:30:00
W-1233,TF,0.5,2026-08-28T18:00:00
W-1233,TF,0.4,2026-08-28T18:30:00
W-1233,TF,0.7,2026-08-28T19:00:00
W-1233,TF,0.3,2026-08-28T19:30:00
W-1233,TF,0.7,2026-08-28T20:00:00
W-1233,TF,0.5,2026-08-28T20:30:00
W-1233,TF,0.6,2026-08-28T21:00:00
W-1233,TF,0.6,2026-08-28T21:30:00
W-1233,TF,0.4,2026-08-28T22:00:00
W-1233,TF,0.5,2026-08-28T22:30:00
W-1233,TF,0.4,2026-08-28T23:00:00
W-1233,TF,0.4,2026-08-28T23:30:00
W-1101,SRU,4.7,2026-08-29T00:00:00
W-1101,SRU,3.9,2026-08-29T00:30:00
W-1101,SRU,16.1,2026-08-29T01:00:00
W-1101,SRU,19.3,2026-08-29T01:30:00
W-1101,SRU,17.9,2026-08-29T02:00:00
W-1101,SRU,4.5,2026-08-29T02:30:00
W-1101,SRU,5.9,2026-08-29T03:00:00
W-1101,SRU,6.2,2026-08-29T03:30:00
W-1101,SRU,6.5,2026-08-29T04:00:00
W-1101,SRU,3.0,2026-08-29T04:30:00
W-1101,SRU,14.1,2026-08-29T05:00:00
W-1101,SRU,13.1,2026-08-29T05:30:00
W-1101,SRU,22.4,2026-08-29T06:00:00
W-1101,SRU,3.6,2026-08-29T06:30:00
W-1101,SRU,20.1,2026-08-29T07:00:00
W-1101,SRU,6.0,2026-08-29T07:30:00
W-1107,SWS,21.4,2026-08-29T16:00:00
W-1107,SWS,4.3,2026-08-29T16:30:00
W-1107,SWS,3.3,2026-08-29T17:00:00
W-1107,SWS,4.4,2026-08-29T17:30:00
W-1107,SWS,2.3,2026-08-29T18:00:00
W-1107,SWS,2.9,2026-08-29T18:30:00
W-1107,SWS,5.9,2026-08-29T19:00:00
W-1107,SWS,3.3,2026-08-29T19:30:00
W-1107,SWS,3.5,2026-08-29T20:00:00
W-1107,SWS,3.3,2026-08-29T20:30:00
W-1107,SWS,4.5,2026-08-29T21:00:00
W-1107,SWS,4.7,2026-08-29T21:30:00
W-1107,SWS,10.2,2026-08-29T22:00:00
W-1107,SWS,21.4,2026-08-29T22:30:00
W-1107,SWS,11.6,2026-08-29T23:00:00
W-1107,SWS,5.4,2026-08-29T23:30:00
W-1110,DCU,11.0,2026-08-29T00:00:00
W-1110,DCU,9.0,2026-08-29T00:30:00
W-1110,DCU,9.8,2026-08-29T01:00:00
W-1110,DCU,2.7,2026-08-29T01:30:00
W-1110,DCU,1.4,2026-08-29T02:00:00
W-1110,DCU,1.7,2026-08-29T02:30:00
W-1110,DCU,2.6,2026-08-29T03:00:00
W-1110,DCU,3.6,2026-08-29T03:30:00
W-1110,DCU,3.0,2026-08-29T04:00:00
W-1110,DCU,2.9,2026-08-29T04:30:00
W-1110,DCU,2.3,2026-08-29T05:00:00
W-1110,DCU,6.4,2026-08-29T05:30:00
W-1110,DCU,6.5,2026-08-29T06:00:00
W-1110,DCU,2.4,2026-08-29T06:30:00
W-1110,DCU,2.4,2026-08-29T07:00:00
W-1110,DCU,3.4,2026-08-29T07:30:00
W-1113,HCU,2.2,2026-08-29T08:00:00
W-1113,HCU,2.0,2026-08-29T08:30:00
W-1113,HCU,1.2,2026-08-29T09:00:00
W-1113,HCU,2.5,2026-08-29T09:30:00
W-1113,HCU,2.7,2026-08-29T10:00:00
W-1113,HCU,1.5,2026-08-29T10:30:00
W-1113,HCU,1.5,2026-08-29T11:00:00
W-1113,HCU,2.5,2026-08-29T11:30:00
W-1113,HCU,4.4,2026-08-29T12:00:00
W-1113,HCU,6.2,2026-08-29T12:30:00
W-1113,HCU,2.0,2026-08-29T13:00:00
W-1113,HCU,1.6,2026-08-29T13:30:00
W-1113,HCU,2.5,2026-08-29T14:00:00
W-1113,HCU,2.6,2026-08-29T14:30:00
W-1113,HCU,1.7,2026-08-29T15:00:00
W-1113,HCU,1.1,2026-08-29T15:30:00
W-1116,DHDT,1.5,2026-08-29T16:00:00
W-1116,DHDT,1.5,2026-08-29T16:30:00
W-1116,DHDT,1.1,2026-08-29T17:00:00
W-1116,DHDT,1.6,2026-08-29T17:30:00
W-1116,DHDT,1.5,2026-08-29T18:00:00
W-1116,DHDT,1.5,2026-08-29T18:30:00
W-1116,DHDT,1.3,2026-08-29T19:00:00
W-1116,DHDT,2.1,2026-08-29T19:30:00
W-1116,DHDT,1.7,2026-08-29T20:00:00
W-1116,DHDT,1.1,2026-08-29T20:30:00
W-1116,DHDT,2.0,2026-08-29T21:00:00
W-1116,DHDT,2.3,2026-08-29T21:30:00
W-1116,DHDT,1.3,2026-08-29T22:00:00
W-1116,DHDT,1.9,2026-08-29T22:30:00
W-1116,DHDT,1.3,2026-08-29T23:00:00
W-1116,DHDT,1.5,2026-08-29T23:30:00
W-1119,CDU-III,0.9,2026-08-29T00:00:00
W-1119,CDU-III,0.7,2026-08-29T00:30:00
W-1119,CDU-III,0.7,2026-08-29T01:00:00
W-1119,CDU-III,0.8,2026-08-29T01:30:00
W-1119,CDU-III,1.0,2026-08-29T02:00:00
W-1119,CDU-III,3.8,2026-08-29T02:30:00
W-1119,CDU-III,1.3,2026-08-29T03:00:00
W-1119,CDU-III,1.6,2026-08-29T03:30:00
W-1119,CDU-III,1.1,2026-08-29T04:00:00
W-1119,CDU-III,1.0,2026-08-29T04:30:00
W-1119,CDU-III,1.2,2026-08-29T05:00:00
W-1119,CDU-III,1.7,2026-08-29T05:30:00
W-1119,CDU-III,1.2,2026-08-29T06:00:00
W-1119,CDU-III,0.9,2026-08-29T06:30:00
W-1119,CDU-III,1.6,2026-08-29T07:00:00
W-1119,CDU-III,1.6,2026-08-29T07:30:00
W-1122,ETP,1.4,2026-08-29T08:00:00
W-1122,ETP,2.9,2026-08-29T08:30:00
W-1122,ETP,2.0,2026-08-29T09:00:00
W-1122,ETP,0.6,2026-08-29T09:30:00
W-1122,ETP,0.9,2026-08-29T10:00:00
W-1122,ETP,0.7,2026-08-29T10:30:00
W-1122,ETP,0.5,2026-08-29T11:00:00
W-1122,ETP,0.9,2026-08-29T11:30:00
W-1122,ETP,0.6,2026-08-29T12:00:00
W-1122,ETP,1.3,2026-08-29T12:30:00
W-1122,ETP,1.3,2026-08-29T13:00:00
W-1122,ETP,1.3,2026-08-29T13:30:00
W-1122,ETP,1.2,2026-08-29T14:00:00
W-1122,ETP,1.0,2026-08-29T14:30:00
W-1122,ETP,1.4,2026-08-29T15:00:00
W-1122,ETP,1.0,2026-08-29T15:30:00
W-1125,TF,0.5,2026-08-29T16:00:00
W-1125,TF,0.7,2026-08-29T16:30:00
W-1125,TF,0.7,2026-08-29T17:00:00
W-1125,TF,0.5,2026-08-29T17:30:00
W-1125,TF,0.5,2026-08-29T18:00:00
W-1125,TF,0.5,2026-08-29T18:30:00
W-1125,TF,0.6,2026-08-29T19:00:00
W-1125,TF,1.6,2026-08-29T19:30:00
W-1125,TF,0.5,2026-08-29T20:00:00
W-1125,TF,0.4,2026-08-29T20:30:00
W-1125,TF,0.3,2026-08-29T21:00:00
W-1125,TF,0.4,2026-08-29T21:30:00
W-1125,TF,0.4,2026-08-29T22:00:00
W-1125,TF,0.8,2026-08-29T22:30:00
W-1125,TF,0.3,2026-08-29T23:00:00
W-1125,TF,0.3,2026-08-29T23:30:00
W-1128,SRU,3.8,2026-08-29T00:00:00
W-1128,SRU,2.6,2026-08-29T00:30:00
W-1128,SRU,5.0,2026-08-29T01:00:00
W-1128,SRU,6.6,2026-08-29T01:30:00
W-1128,SRU,3.2,2026-08-29T02:00:00
W-1128,SRU,3.7,2026-08-29T02:30:00
W-1128,SRU,14.4,2026-08-29T03:00:00
W-1128,SRU,7.7,2026-08-29T03:30:00
W-1128,SRU,11.6,2026-08-29T04:00:00
W-1128,SRU,16.8,2026-08-29T04:30:00
W-1128,SRU,19.3,2026-08-29T05:00:00
W-1128,SRU,14.5,2026-08-29T05:30:00
W-1128,SRU,15.7,2026-08-29T06:00:00
W-1128,SRU,17.4,2026-08-29T06:30:00
W-1128,SRU,5.3,2026-08-29T07:00:00
W-1128,SRU,4.9,2026-08-29T07:30:00
W-1131,ARU,5.3,2026-08-29T08:00:00
W-1131,ARU,7.4,2026-08-29T08:30:00
W-1131,ARU,20.1,2026-08-29T09:00:00
W-1131,ARU,19.7,2026-08-29T09:30:00
W-1131,ARU,2.3,2026-08-29T10:00:00
W-1131,ARU,3.8,2026-08-29T10:30:00
W-1131,ARU,5.4,2026-08-29T11:00:00
W-1131,ARU,10.3,2026-08-29T11:30:00
W-1131,ARU,8.6,2026-08-29T12:00:00
W-1131,ARU,3.8,2026-08-29T12:30:00
W-1131,ARU,4.0,2026-08-29T13:00:00
W-1131,ARU,4.3,2026-08-29T13:30:00
W-1131,ARU,3.0,2026-08-29T14:00:00
W-1131,ARU,5.4,2026-08-29T14:30:00
W-1131,ARU,16.2,2026-08-29T15:00:00
W-1131,ARU,11.9,2026-08-29T15:30:00
W-1134,SWS,4.8,2026-08-29T16:00:00
W-1134,SWS,4.5,2026-08-29T16:30:00
W-1134,SWS,14.8,2026-08-29T17:00:00
W-1134,SWS,17.5,2026-08-29T17:30:00
W-1134,SWS,10.0,2026-08-29T18:00:00
W-1134,SWS,4.4,2026-08-29T18:30:00
W-1134,SWS,2.7,2026-08-29T19:00:00
W-1134,SWS,17.1,2026-08-29T19:30:00
W-1134,SWS,10.6,2026-08-29T20:00:00
W-1134,SWS,14.7,2026-08-29T20:30:00
W-1134,SWS,3.1,2026-08-29T21:00:00
W-1134,SWS,5.7,2026-08-29T21:30:00
W-1134,SWS,8.6,2026-08-29T22:00:00
W-1134,SWS,2.5,2026-08-29T22:30:00
W-1134,SWS,3.5,2026-08-29T23:00:00
W-1134,SWS,2.6,2026-08-29T23:30:00
W-1137,DCU,1.5,2026-08-29T00:00:00
W-1137,DCU,2.8,2026-08-29T00:30:00
W-1137,DCU,2.0,2026-08-29T01:00:00
W-1137,DCU,3.3,2026-08-29T01:30:00
W-1137,DCU,1.4,2026-08-29T02:00:00
W-1137,DCU,2.0,2026-08-29T02:30:00
W-1137,DCU,1.7,2026-08-29T03:00:00
W-1137,DCU,2.0,2026-08-29T03:30:00
W-1137,DCU,1.4,2026-08-29T04:00:00
W-1137,DCU,2.1,2026-08-29T04:30:00
W-1137,DCU,1.5,2026-08-29T05:00:00
W-1137,DCU,2.5,2026-08-29T05:30:00
W-1137,DCU,2.0,2026-08-29T06:00:00
W-1137,DCU,3.7,2026-08-29T06:30:00
W-1137,DCU,1.7,2026-08-29T07:00:00
W-1137,DCU,7.4,2026-08-29T07:30:00
W-1140,HCU,1.7,2026-08-29T08:00:00
W-1140,HCU,1.5,2026-08-29T08:30:00
W-1140,HCU,2.0,2026-08-29T09:00:00
W-1140,HCU,2.2,2026-08-29T09:30:00
W-1140,HCU,1.8,2026-08-29T10:00:00
W-1140,HCU,2.5,2026-08-29T10:30:00
W-1140,HCU,1.9,2026-08-29T11:00:00
W-1140,HCU,2.6,2026-08-29T11:30:00
W-1140,HCU,2.6,2026-08-29T12:00:00
W-1140,HCU,2.5,2026-08-29T12:30:00
W-1140,HCU,1.2,2026-08-29T13:00:00
W-1140,HCU,5.3,2026-08-29T13:30:00
W-1140,HCU,6.7,2026-08-29T14:00:00
W-1140,HCU,1.6,2026-08-29T14:30:00
W-1140,HCU,1.6,2026-08-29T15:00:00
W-1140,HCU,2.5,2026-08-29T15:30:00
W-1143,DHDT,1.2,2026-08-29T16:00:00
W-1143,DHDT,1.0,2026-08-29T16:30:00
W-1143,DHDT,1.4,2026-08-29T17:00:00
W-1143,DHDT,2.3,2026-08-29T17:30:00
W-1143,DHDT,1.3,2026-08-29T18:00:00
W-1143,DHDT,2.3,2026-08-29T18:30:00
W-1143,DHDT,3.3,2026-08-29T19:00:00
W-1143,DHDT,2.6,2026-08-29T19:30:00
W-1143,DHDT,2.2,2026-08-29T20:00:00
W-1143,DHDT,2.1,2026-08-29T20:30:00
W-1143,DHDT,1.1,2026-08-29T21:00:00
W-1143,DHDT,1.6,2026-08-29T21:30:00
W-1143,DHDT,1.8,2026-08-29T22:00:00
W-1143,DHDT,3.6,2026-08-29T22:30:00
W-1143,DHDT,5.3,2026-08-29T23:00:00
W-1143,DHDT,4.5,2026-08-29T23:30:00
W-1146,CDU-III,1.1,2026-08-29T00:00:00
W-1146,CDU-III,1.3,2026-08-29T00:30:00
W-1146,CDU-III,1.3,2026-08-29T01:00:00
W-1146,CDU-III,4.0,2026-08-29T01:30:00
W-1146,CDU-III,4.2,2026-08-29T02:00:00
W-1146,CDU-III,1.5,2026-08-29T02:30:00
W-1146,CDU-III,1.7,2026-08-29T03:00:00
W-1146,CDU-III,0.8,2026-08-29T03:30:00
W-1146,CDU-III,1.2,2026-08-29T04:00:00
W-1146,CDU-III,1.2,2026-08-29T04:30:00
W-1146,CDU-III,0.8,2026-08-29T05:00:00
W-1146,CDU-III,1.6,2026-08-29T05:30:00
W-1146,CDU-III,1.9,2026-08-29T06:00:00
W-1146,CDU-III,1.1,2026-08-29T06:30:00
W-1146,CDU-III,1.3,2026-08-29T07:00:00
W-1146,CDU-III,1.2,2026-08-29T07:30:00
W-1149,ETP,1.1,2026-08-29T08:00:00
W-1149,ETP,0.7,2026-08-29T08:30:00
W-1149,ETP,0.6,2026-08-29T09:00:00
W-1149,ETP,1.4,2026-08-29T09:30:00
W-1149,ETP,0.9,2026-08-29T10:00:00
W-1149,ETP,0.8,2026-08-29T10:30:00
W-1149,ETP,1.2,2026-08-29T11:00:00
W-1149,ETP,0.8,2026-08-29T11:30:00
W-1149,ETP,1.1,2026-08-29T12:00:00
W-1149,ETP,5.3,2026-08-29T12:30:00
W-1149,ETP,2.7,2026-08-29T13:00:00
W-1149,ETP,1.4,2026-08-29T13:30:00
W-1149,ETP,3.3,2026-08-29T14:00:00
W-1149,ETP,1.2,2026-08-29T14:30:00
W-1149,ETP,0.5,2026-08-29T15:00:00
W-1149,ETP,0.6,2026-08-29T15:30:00
W-1155,SRU,5.4,2026-08-29T00:00:00
W-1155,SRU,3.1,2026-08-29T00:30:00
W-1155,SRU,5.1,2026-08-29T01:00:00
W-1155,SRU,2.4,2026-08-29T01:30:00
W-1155,SRU,2.7,2026-08-29T02:00:00
W-1155,SRU,3.3,2026-08-29T02:30:00
W-1155,SRU,5.1,2026-08-29T03:00:00
W-1155,SRU,6.2,2026-08-29T03:30:00
W-1155,SRU,4.4,2026-08-29T04:00:00
W-1155,SRU,6.0,2026-08-29T04:30:00
W-1155,SRU,5.5,2026-08-29T05:00:00
W-1155,SRU,5.2,2026-08-29T05:30:00
W-1155,SRU,2.9,2026-08-29T06:00:00
W-1155,SRU,3.8,2026-08-29T06:30:00
W-1155,SRU,14.7,2026-08-29T07:00:00
W-1155,SRU,12.6,2026-08-29T07:30:00
W-1158,ARU,3.5,2026-08-29T08:00:00
W-1158,ARU,3.2,2026-08-29T08:30:00
W-1158,ARU,4.5,2026-08-29T09:00:00
W-1158,ARU,3.5,2026-08-29T09:30:00
W-1158,ARU,5.6,2026-08-29T10:00:00
W-1158,ARU,3.8,2026-08-29T10:30:00
W-1158,ARU,2.9,2026-08-29T11:00:00
W-1158,ARU,2.3,2026-08-29T11:30:00
W-1158,ARU,3.4,2026-08-29T12:00:00
W-1158,ARU,3.3,2026-08-29T12:30:00
W-1158,ARU,5.3,2026-08-29T13:00:00
W-1158,ARU,3.3,2026-08-29T13:30:00
W-1158,ARU,3.0,2026-08-29T14:00:00
W-1158,ARU,4.9,2026-08-29T14:30:00
W-1158,ARU,3.0,2026-08-29T15:00:00
W-1158,ARU,3.0,2026-08-29T15:30:00
W-1161,SWS,5.6,2026-08-29T16:00:00
W-1161,SWS,11.1,2026-08-29T16:30:00
W-1161,SWS,9.1,2026-08-29T17:00:00
W-1161,SWS,2.2,2026-08-29T17:30:00
W-1161,SWS,4.3,2026-08-29T18:00:00
W-1161,SWS,5.5,2026-08-29T18:30:00
W-1161,SWS,3.3,2026-08-29T19:00:00
W-1161,SWS,5.5,2026-08-29T19:30:00
W-1161,SWS,2.7,2026-08-29T20:00:00
W-1161,SWS,6.1,2026-08-29T20:30:00
W-1161,SWS,5.0,2026-08-29T21:00:00
W-1161,SWS,16.7,2026-08-29T21:30:00
W-1161,SWS,13.0,2026-08-29T22:00:00
W-1161,SWS,10.7,2026-08-29T22:30:00
W-1161,SWS,6.0,2026-08-29T23:00:00
W-1161,SWS,4.2,2026-08-29T23:30:00
W-1164,DCU,3.5,2026-08-29T00:00:00
W-1164,DCU,2.8,2026-08-29T00:30:00
W-1164,DCU,2.5,2026-08-29T01:00:00
W-1164,DCU,3.3,2026-08-29T01:30:00
W-1164,DCU,3.3,2026-08-29T02:00:00
W-1164,DCU,2.2,2026-08-29T02:30:00
W-1164,DCU,2.5,2026-08-29T03:00:00
W-1164,DCU,2.7,2026-08-29T03:30:00
W-1164,DCU,3.5,2026-08-29T04:00:00
W-1164,DCU,3.5,2026-08-29T04:30:00
W-1164,DCU,1.6,2026-08-29T05:00:00
W-1164,DCU,2.1,2026-08-29T05:30:00
W-1164,DCU,1.4,2026-08-29T06:00:00
W-1164,DCU,2.4,2026-08-29T06:30:00
W-1164,DCU,3.2,2026-08-29T07:00:00
W-1164,DCU,2.9,2026-08-29T07:30:00
W-1167,HCU,2.8,2026-08-29T08:00:00
W-1167,HCU,1.6,2026-08-29T08:30:00
W-1167,HCU,2.8,2026-08-29T09:00:00
W-1167,HCU,1.2,2026-08-29T09:30:00
W-1167,HCU,1.8,2026-08-29T10:00:00
W-1167,HCU,2.4,2026-08-29T10:30:00
W-1167,HCU,2.7,2026-08-29T11:00:00
W-1167,HCU,1.2,2026-08-29T11:30:00
W-1167,HCU,1.1,2026-08-29T12:00:00
W-1167,HCU,1.6,2026-08-29T12:30:00
W-1167,HCU,1.4,2026-08-29T13:00:00
W-1167,HCU,2.5,2026-08-29T13:30:00
W-1167,HCU,1.7,2026-08-29T14:00:00
W-1167,HCU,1.9,2026-08-29T14:30:00
W-1167,HCU,1.5,2026-08-29T15:00:00
W-1167,HCU,1.8,2026-08-29T15:30:00
W-1170,DHDT,1.2,2026-08-29T16:00:00
W-1170,DHDT,2.1,2026-08-29T16:30:00
W-1170,DHDT,1.4,2026-08-29T17:00:00
W-1170,DHDT,2.1,2026-08-29T17:30:00
W-1170,DHDT,1.0,2026-08-29T18:00:00
W-1170,DHDT,1.6,2026-08-29T18:30:00
W-1170,DHDT,2.2,2026-08-29T19:00:00
W-1170,DHDT,0.9,2026-08-29T19:30:00
W-1170,DHDT,2.0,2026-08-29T20:00:00
W-1170,DHDT,1.7,2026-08-29T20:30:00
W-1170,DHDT,2.3,2026-08-29T21:00:00
W-1170,DHDT,1.3,2026-08-29T21:30:00
W-1170,DHDT,1.4,2026-08-29T22:00:00
W-1170,DHDT,2.3,2026-08-29T22:30:00
W-1170,DHDT,1.6,2026-08-29T23:00:00
W-1170,DHDT,1.5,2026-08-29T23:30:00
W-1173,CDU-III,0.8,2026-08-29T00:00:00
W-1173,CDU-III,1.2,2026-08-29T00:30:00
W-1173,CDU-III,1.3,2026-08-29T01:00:00
W-1173,CDU-III,1.7,2026-08-29T01:30:00
W-1173,CDU-III,1.8,2026-08-29T02:00:00
W-1173,CDU-III,1.6,2026-08-29T02:30:00
W-1173,CDU-III,1.3,2026-08-29T03:00:00
W-1173,CDU-III,1.0,2026-08-29T03:30:00
W-1173,CDU-III,1.2,2026-08-29T04:00:00
W-1173,CDU-III,1.6,2026-08-29T04:30:00
W-1173,CDU-III,1.4,2026-08-29T05:00:00
W-1173,CDU-III,1.7,2026-08-29T05:30:00
W-1173,CDU-III,1.2,2026-08-29T06:00:00
W-1173,CDU-III,1.1,2026-08-29T06:30:00
W-1173,CDU-III,0.9,2026-08-29T07:00:00
W-1173,CDU-III,1.9,2026-08-29T07:30:00
W-1179,TF,0.7,2026-08-29T16:00:00
W-1179,TF,0.7,2026-08-29T16:30:00
W-1179,TF,0.4,2026-08-29T17:00:00
W-1179,TF,0.7,2026-08-29T17:30:00
W-1179,TF,0.4,2026-08-29T18:00:00
W-1179,TF,0.7,2026-08-29T18:30:00
W-1179,TF,0.3,2026-08-29T19:00:00
W-1179,TF,0.3,2026-08-29T19:30:00
W-1179,TF,0.4,2026-08-29T20:00:00
W-1179,TF,0.5,2026-08-29T20:30:00
W-1179,TF,0.8,2026-08-29T21:00:00
W-1179,TF,0.4,2026-08-29T21:30:00
W-1179,TF,0.4,2026-08-29T22:00:00
W-1179,TF,0.8,2026-08-29T22:30:00
W-1179,TF,0.7,2026-08-29T23:00:00
W-1179,TF,1.3,2026-08-29T23:30:00
W-1182,SRU,2.6,2026-08-29T00:00:00
W-1182,SRU,5.6,2026-08-29T00:30:00
W-1182,SRU,4.5,2026-08-29T01:00:00
W-1182,SRU,3.0,2026-08-29T01:30:00
W-1182,SRU,6.0,2026-08-29T02:00:00
W-1182,SRU,2.5,2026-08-29T02:30:00
W-1182,SRU,2.8,2026-08-29T03:00:00
W-1182,SRU,6.5,2026-08-29T03:30:00
W-1182,SRU,4.0,2026-08-29T04:00:00
W-1182,SRU,3.9,2026-08-29T04:30:00
W-1182,SRU,5.5,2026-08-29T05:00:00
W-1182,SRU,5.2,2026-08-29T05:30:00
W-1182,SRU,2.9,2026-08-29T06:00:00
W-1182,SRU,3.9,2026-08-29T06:30:00
W-1182,SRU,4.2,2026-08-29T07:00:00
W-1182,SRU,5.5,2026-08-29T07:30:00
W-1185,ARU,4.7,2026-08-29T08:00:00
W-1185,ARU,4.5,2026-08-29T08:30:00
W-1185,ARU,2.7,2026-08-29T09:00:00
W-1185,ARU,2.1,2026-08-29T09:30:00
W-1185,ARU,4.7,2026-08-29T10:00:00
W-1185,ARU,3.3,2026-08-29T10:30:00
W-1185,ARU,4.0,2026-08-29T11:00:00
W-1185,ARU,5.6,2026-08-29T11:30:00
W-1185,ARU,5.0,2026-08-29T12:00:00
W-1185,ARU,2.6,2026-08-29T12:30:00
W-1185,ARU,3.8,2026-08-29T13:00:00
W-1185,ARU,3.5,2026-08-29T13:30:00
W-1185,ARU,3.8,2026-08-29T14:00:00
W-1185,ARU,3.7,2026-08-29T14:30:00
W-1185,ARU,4.5,2026-08-29T15:00:00
W-1185,ARU,4.1,2026-08-29T15:30:00
W-1188,SWS,7.5,2026-08-29T16:00:00
W-1188,SWS,18.0,2026-08-29T16:30:00
W-1188,SWS,16.9,2026-08-29T17:00:00
W-1188,SWS,3.3,2026-08-29T17:30:00
W-1188,SWS,2.6,2026-08-29T18:00:00
W-1188,SWS,3.5,2026-08-29T18:30:00
W-1188,SWS,5.6,2026-08-29T19:00:00
W-1188,SWS,10.8,2026-08-29T19:30:00
W-1188,SWS,12.5,2026-08-29T20:00:00
W-1188,SWS,15.9,2026-08-29T20:30:00
W-1188,SWS,15.0,2026-08-29T21:00:00
W-1188,SWS,17.0,2026-08-29T21:30:00
W-1188,SWS,10.0,2026-08-29T22:00:00
W-1188,SWS,3.2,2026-08-29T22:30:00
W-1188,SWS,5.4,2026-08-29T23:00:00
W-1188,SWS,2.4,2026-08-29T23:30:00
W-1191,DCU,3.3,2026-08-29T00:00:00
W-1191,DCU,3.6,2026-08-29T00:30:00
W-1191,DCU,3.6,2026-08-29T01:00:00
W-1191,DCU,1.6,2026-08-29T01:30:00
W-1191,DCU,3.3,2026-08-29T02:00:00
W-1191,DCU,2.3,2026-08-29T02:30:00
W-1191,DCU,3.3,2026-08-29T03:00:00
W-1191,DCU,3.7,2026-08-29T03:30:00
W-1191,DCU,1.8,2026-08-29T04:00:00
W-1191,DCU,3.7,2026-08-29T04:30:00
W-1191,DCU,2.8,2026-08-29T05:00:00
W-1191,DCU,3.7,2026-08-29T05:30:00
W-1191,DCU,2.5,2026-08-29T06:00:00
W-1191,DCU,2.3,2026-08-29T06:30:00
W-1191,DCU,3.7,2026-08-29T07:00:00
W-1191,DCU,3.2,2026-08-29T07:30:00
W-1194,HCU,1.2,2026-08-29T08:00:00
W-1194,HCU,1.7,2026-08-29T08:30:00
W-1194,HCU,2.7,2026-08-29T09:00:00
W-1194,HCU,2.3,2026-08-29T09:30:00
W-1194,HCU,1.4,2026-08-29T10:00:00
W-1194,HCU,1.9,2026-08-29T10:30:00
W-1194,HCU,2.5,2026-08-29T11:00:00
W-1194,HCU,2.6,2026-08-29T11:30:00
W-1194,HCU,2.6,2026-08-29T12:00:00
W-1194,HCU,2.7,2026-08-29T12:30:00
W-1194,HCU,2.4,2026-08-29T13:00:00
W-1194,HCU,1.3,2026-08-29T13:30:00
W-1194,HCU,2.4,2026-08-29T14:00:00
W-1194,HCU,2.3,2026-08-29T14:30:00
W-1194,HCU,1.1,2026-08-29T15:00:00
W-1194,HCU,1.4,2026-08-29T15:30:00
W-1197,DHDT,1.2,2026-08-29T16:00:00
W-1197,DHDT,2.3,2026-08-29T16:30:00
W-1197,DHDT,2.0,2026-08-29T17:00:00
W-1197,DHDT,1.3,2026-08-29T17:30:00
W-1197,DHDT,1.2,2026-08-29T18:00:00
W-1197,DHDT,1.7,2026-08-29T18:30:00
W-1197,DHDT,1.0,2026-08-29T19:00:00
W-1197,DHDT,2.0,2026-08-29T19:30:00
W-1197,DHDT,3.8,2026-08-29T20:00:00
W-1197,DHDT,1.8,2026-08-29T20:30:00
W-1197,DHDT,1.4,2026-08-29T21:00:00
W-1197,DHDT,1.6,2026-08-29T21:30:00
W-1197,DHDT,5.1,2026-08-29T22:00:00
W-1197,DHDT,3.0,2026-08-29T22:30:00
W-1197,DHDT,2.2,2026-08-29T23:00:00
W-1197,DHDT,1.8,2026-08-29T23:30:00
W-1200,CDU-III,1.1,2026-08-29T00:00:00
W-1200,CDU-III,0.9,2026-08-29T00:30:00
W-1200,CDU-III,0.8,2026-08-29T01:00:00
W-1200,CDU-III,1.6,2026-08-29T01:30:00
W-1200,CDU-III,1.1,2026-08-29T02:00:00
W-1200,CDU-III,0.9,2026-08-29T02:30:00
W-1200,CDU-III,1.2,2026-08-29T03:00:00
W-1200,CDU-III,1.0,2026-08-29T03:30:00
W-1200,CDU-III,1.3,2026-08-29T04:00:00
W-1200,CDU-III,1.9,2026-08-29T04:30:00
W-1200,CDU-III,1.8,2026-08-29T05:00:00
W-1200,CDU-III,1.7,2026-08-29T05:30:00
W-1200,CDU-III,1.7,2026-08-29T06:00:00
W-1200,CDU-III,1.9,2026-08-29T06:30:00
W-1200,CDU-III,1.5,2026-08-29T07:00:00
W-1200,CDU-III,0.9,2026-08-29T07:30:00
W-1203,ETP,1.1,2026-08-29T08:00:00
W-1203,ETP,0.9,2026-08-29T08:30:00
W-1203,ETP,0.7,2026-08-29T09:00:00
W-1203,ETP,0.7,2026-08-29T09:30:00
W-1203,ETP,0.9,2026-08-29T10:00:00
W-1203,ETP,0.9,2026-08-29T10:30:00
W-1203,ETP,0.9,2026-08-29T11:00:00
W-1203,ETP,0.8,2026-08-29T11:30:00
W-1203,ETP,0.9,2026-08-29T12:00:00
W-1203,ETP,0.6,2026-08-29T12:30:00
W-1203,ETP,0.7,2026-08-29T13:00:00
W-1203,ETP,0.9,2026-08-29T13:30:00
W-1203,ETP,1.4,2026-08-29T14:00:00
W-1203,ETP,1.1,2026-08-29T14:30:00
W-1203,ETP,1.2,2026-08-29T15:00:00
W-1203,ETP,0.6,2026-08-29T15:30:00
W-1206,TF,0.6,2026-08-29T16:00:00
W-1206,TF,0.5,2026-08-29T16:30:00
W-1206,TF,0.3,2026-08-29T17:00:00
W-1206,TF,0.8,2026-08-29T17:30:00
W-1206,TF,0.6,2026-08-29T18:00:00
W-1206,TF,0.3,2026-08-29T18:30:00
W-1206,TF,1.1,2026-08-29T19:00:00
W-1206,TF,0.7,2026-08-29T19:30:00
W-1206,TF,1.3,2026-08-29T20:00:00
W-1206,TF,0.3,2026-08-29T20:30:00
W-1206,TF,0.6,2026-08-29T21:00:00
W-1206,TF,0.6,2026-08-29T21:30:00
W-1206,TF,0.6,2026-08-29T22:00:00
W-1206,TF,0.3,2026-08-29T22:30:00
W-1206,TF,0.7,2026-08-29T23:00:00
W-1206,TF,0.4,2026-08-29T23:30:00
W-1209,SRU,3.6,2026-08-29T00:00:00
W-1209,SRU,5.6,2026-08-29T00:30:00
W-1209,SRU,5.7,2026-08-29T01:00:00
W-1209,SRU,3.5,2026-08-29T01:30:00
W-1209,SRU,4.0,2026-08-29T02:00:00
W-1209,SRU,2.9,2026-08-29T02:30:00
W-1209,SRU,3.1,2026-08-29T03:00:00
W-1209,SRU,3.4,2026-08-29T03:30:00
W-1209,SRU,5.3,2026-08-29T04:00:00
W-1209,SRU,4.1,2026-08-29T04:30:00
W-1209,SRU,2.5,2026-08-29T05:00:00
W-1209,SRU,2.5,2026-08-29T05:30:00
W-1209,SRU,6.3,2026-08-29T06:00:00
W-1209,SRU,3.4,2026-08-29T06:30:00
W-1209,SRU,7.4,2026-08-29T07:00:00
W-1209,SRU,11.6,2026-08-29T07:30:00
W-1212,ARU,2.3,2026-08-29T08:00:00
W-1212,ARU,2.4,2026-08-29T08:30:00
W-1212,ARU,3.5,2026-08-29T09:00:00
W-1212,ARU,3.3,2026-08-29T09:30:00
W-1212,ARU,4.3,2026-08-29T10:00:00
W-1212,ARU,5.5,2026-08-29T10:30:00
W-1212,ARU,4.9,2026-08-29T11:00:00
W-1212,ARU,3.4,2026-08-29T11:30:00
W-1212,ARU,3.0,2026-08-29T12:00:00
W-1212,ARU,2.5,2026-08-29T12:30:00
W-1212,ARU,3.5,2026-08-29T13:00:00
W-1212,ARU,8.7,2026-08-29T13:30:00
W-1212,ARU,6.2,2026-08-29T14:00:00
W-1212,ARU,12.1,2026-08-29T14:30:00
W-1212,ARU,4.5,2026-08-29T15:00:00
W-1212,ARU,3.4,2026-08-29T15:30:00
W-1218,DCU,2.3,2026-08-29T00:00:00
W-1218,DCU,2.0,2026-08-29T00:30:00
W-1218,DCU,2.3,2026-08-29T01:00:00
W-1218,DCU,3.2,2026-08-29T01:30:00
W-1218,DCU,2.2,2026-08-29T02:00:00
W-1218,DCU,2.8,2026-08-29T02:30:00
W-1218,DCU,1.5,2026-08-29T03:00:00
W-1218,DCU,1.9,2026-08-29T03:30:00
W-1218,DCU,2.9,2026-08-29T04:00:00
W-1218,DCU,1.9,2026-08-29T04:30:00
W-1218,DCU,3.5,2026-08-29T05:00:00
W-1218,DCU,2.7,2026-08-29T05:30:00
W-1218,DCU,4.0,2026-08-29T06:00:00
W-1218,DCU,2.6,2026-08-29T06:30:00
W-1218,DCU,3.7,2026-08-29T07:00:00
W-1218,DCU,3.0,2026-08-29T07:30:00
W-1221,HCU,1.1,2026-08-29T08:00:00
W-1221,HCU,1.2,2026-08-29T08:30:00
W-1221,HCU,2.5,2026-08-29T09:00:00
W-1221,HCU,1.6,2026-08-29T09:30:00
W-1221,HCU,2.1,2026-08-29T10:00:00
W-1221,HCU,1.5,2026-08-29T10:30:00
W-1221,HCU,6.4,2026-08-29T11:00:00
W-1221,HCU,4.2,2026-08-29T11:30:00
W-1221,HCU,2.7,2026-08-29T12:00:00
W-1221,HCU,1.4,2026-08-29T12:30:00
W-1221,HCU,1.9,2026-08-29T13:00:00
W-1221,HCU,6.9,2026-08-29T13:30:00
W-1221,HCU,5.8,2026-08-29T14:00:00
W-1221,HCU,3.1,2026-08-29T14:30:00
W-1221,HCU,2.1,2026-08-29T15:00:00
W-1221,HCU,1.5,2026-08-29T15:30:00
W-1224,DHDT,2.2,2026-08-29T16:00:00
W-1224,DHDT,1.7,2026-08-29T16:30:00
W-1224,DHDT,2.0,2026-08-29T17:00:00
W-1224,DHDT,4.7,2026-08-29T17:30:00
W-1224,DHDT,1.0,2026-08-29T18:00:00
W-1224,DHDT,2.3,2026-08-29T18:30:00
W-1224,DHDT,3.8,2026-08-29T19:00:00
W-1224,DHDT,3.1,2026-08-29T19:30:00
W-1224,DHDT,1.0,2026-08-29T20:00:00
W-1224,DHDT,1.1,2026-08-29T20:30:00
W-1224,DHDT,2.3,2026-08-29T21:00:00
W-1224,DHDT,1.4,2026-08-29T21:30:00
W-1224,DHDT,2.1,2026-08-29T22:00:00
W-1224,DHDT,1.0,2026-08-29T22:30:00
W-1224,DHDT,1.5,2026-08-29T23:00:00
W-1224,DHDT,1.9,2026-08-29T23:30:00
W-1227,CDU-III,0.8,2026-08-29T00:00:00
W-1227,CDU-III,1.1,2026-08-29T00:30:00
W-1227,CDU-III,1.2,2026-08-29T01:00:00
W-1227,CDU-III,1.4,2026-08-29T01:30:00
W-1227,CDU-III,3.3,2026-08-29T02:00:00
W-1227,CDU-III,1.6,2026-08-29T02:30:00
W-1227,CDU-III,1.5,2026-08-29T03:00:00
W-1227,CDU-III,1.8,2026-08-29T03:30:00
W-1227,CDU-III,0.8,2026-08-29T04:00:00
W-1227,CDU-III,1.0,2026-08-29T04:30:00
W-1227,CDU-III,1.3,2026-08-29T05:00:00
W-1227,CDU-III,1.0,2026-08-29T05:30:00
W-1227,CDU-III,1.4,2026-08-29T06:00:00
W-1227,CDU-III,0.7,2026-08-29T06:30:00
W-1227,CDU-III,3.7,2026-08-29T07:00:00
W-1227,CDU-III,3.6,2026-08-29T07:30:00
W-1230,ETP,1.1,2026-08-29T08:00:00
W-1230,ETP,1.3,2026-08-29T08:30:00
W-1230,ETP,0.6,2026-08-29T09:00:00
W-1230,ETP,0.8,2026-08-29T09:30:00
W-1230,ETP,1.3,2026-08-29T10:00:00
W-1230,ETP,0.7,2026-08-29T10:30:00
W-1230,ETP,4.7,2026-08-29T11:00:00
W-1230,ETP,0.6,2026-08-29T11:30:00
W-1230,ETP,1.4,2026-08-29T12:00:00
W-1230,ETP,0.6,2026-08-29T12:30:00
W-1230,ETP,1.2,2026-08-29T13:00:00
W-1230,ETP,1.1,2026-08-29T13:30:00
W-1230,ETP,0.8,2026-08-29T14:00:00
W-1230,ETP,1.0,2026-08-29T14:30:00
W-1230,ETP,1.2,2026-08-29T15:00:00
W-1230,ETP,1.0,2026-08-29T15:30:00
W-1233,TF,0.5,2026-08-29T16:00:00
W-1233,TF,0.4,2026-08-29T16:30:00
W-1233,TF,0.7,2026-08-29T17:00:00
W-1233,TF,0.6,2026-08-29T17:30:00
W-1233,TF,0.5,2026-08-29T18:00:00
W-1233,TF,0.3,2026-08-29T18:30:00
W-1233,TF,0.6,2026-08-29T19:00:00
W-1233,TF,0.6,2026-08-29T19:30:00
W-1233,TF,0.6,2026-08-29T20:00:00
W-1233,TF,0.5,2026-08-29T20:30:00
W-1233,TF,0.5,2026-08-29T21:00:00
W-1233,TF,0.4,2026-08-29T21:30:00
W-1233,TF,0.6,2026-08-29T22:00:00
W-1233,TF,0.3,2026-08-29T22:30:00
W-1233,TF,0.7,2026-08-29T23:00:00
W-1233,TF,0.3,2026-08-29T23:30:00
W-1101,SRU,9.0,2026-08-30T00:00:00
W-1101,SRU,4.2,2026-08-30T00:30:00
W-1101,SRU,2.6,2026-08-30T01:00:00
W-1101,SRU,4.0,2026-08-30T01:30:00
W-1101,SRU,4.1,2026-08-30T02:00:00
W-1101,SRU,2.8,2026-08-30T02:30:00
W-1101,SRU,4.6,2026-08-30T03:00:00
W-1101,SRU,15.3,2026-08-30T03:30:00
W-1101,SRU,7.2,2026-08-30T04:00:00
W-1101,SRU,19.2,2026-08-30T04:30:00
W-1101,SRU,2.8,2026-08-30T05:00:00
W-1101,SRU,3.0,2026-08-30T05:30:00
W-1101,SRU,3.1,2026-08-30T06:00:00
W-1101,SRU,4.8,2026-08-30T06:30:00
W-1101,SRU,12.6,2026-08-30T07:00:00
W-1101,SRU,4.0,2026-08-30T07:30:00
W-1104,ARU,4.5,2026-08-30T08:00:00
W-1104,ARU,2.1,2026-08-30T08:30:00
W-1104,ARU,4.2,2026-08-30T09:00:00
W-1104,ARU,5.7,2026-08-30T09:30:00
W-1104,ARU,2.8,2026-08-30T10:00:00
W-1104,ARU,5.6,2026-08-30T10:30:00
W-1104,ARU,4.4,2026-08-30T11:00:00
W-1104,ARU,5.2,2026-08-30T11:30:00
W-1104,ARU,5.0,2026-08-30T12:00:00
W-1104,ARU,2.3,2026-08-30T12:30:00
W-1104,ARU,4.4,2026-08-30T13:00:00
W-1104,ARU,17.7,2026-08-30T13:30:00
W-1104,ARU,7.5,2026-08-30T14:00:00
W-1104,ARU,16.8,2026-08-30T14:30:00
W-1104,ARU,4.1,2026-08-30T15:00:00
W-1104,ARU,4.4,2026-08-30T15:30:00
W-1107,SWS,4.1,2026-08-30T16:00:00
W-1107,SWS,4.8,2026-08-30T16:30:00
W-1107,SWS,3.3,2026-08-30T17:00:00
W-1107,SWS,3.7,2026-08-30T17:30:00
W-1107,SWS,5.5,2026-08-30T18:00:00
W-1107,SWS,3.6,2026-08-30T18:30:00
W-1107,SWS,17.9,2026-08-30T19:00:00
W-1107,SWS,3.5,2026-08-30T19:30:00
W-1107,SWS,4.9,2026-08-30T20:00:00
W-1107,SWS,4.5,2026-08-30T20:30:00
W-1107,SWS,4.7,2026-08-30T21:00:00
W-1107,SWS,2.8,2026-08-30T21:30:00
W-1107,SWS,5.8,2026-08-30T22:00:00
W-1107,SWS,2.6,2026-08-30T22:30:00
W-1107,SWS,5.9,2026-08-30T23:00:00
W-1107,SWS,2.8,2026-08-30T23:30:00
W-1110,DCU,1.6,2026-08-30T00:00:00
W-1110,DCU,2.1,2026-08-30T00:30:00
W-1110,DCU,3.3,2026-08-30T01:00:00
W-1110,DCU,2.0,2026-08-30T01:30:00
W-1110,DCU,3.6,2026-08-30T02:00:00
W-1110,DCU,2.2,2026-08-30T02:30:00
W-1110,DCU,1.5,2026-08-30T03:00:00
W-1110,DCU,2.4,2026-08-30T03:30:00
W-1110,DCU,1.6,2026-08-30T04:00:00
W-1110,DCU,3.0,2026-08-30T04:30:00
W-1110,DCU,1.7,2026-08-30T05:00:00
W-1110,DCU,2.1,2026-08-30T05:30:00
W-1110,DCU,1.8,2026-08-30T06:00:00
W-1110,DCU,3.5,2026-08-30T06:30:00
W-1110,DCU,2.9,2026-08-30T07:00:00
W-1110,DCU,2.2,2026-08-30T07:30:00
W-1113,HCU,2.6,2026-08-30T08:00:00
W-1113,HCU,2.8,2026-08-30T08:30:00
W-1113,HCU,2.7,2026-08-30T09:00:00
W-1113,HCU,1.9,2026-08-30T09:30:00
W-1113,HCU,1.2,2026-08-30T10:00:00
W-1113,HCU,1.1,2026-08-30T10:30:00
W-1113,HCU,1.8,2026-08-30T11:00:00
W-1113,HCU,2.4,2026-08-30T11:30:00
W-1113,HCU,1.6,2026-08-30T12:00:00
W-1113,HCU,1.5,2026-08-30T12:30:00
W-1113,HCU,5.2,2026-08-30T13:00:00
W-1113,HCU,7.5,2026-08-30T13:30:00
W-1113,HCU,1.9,2026-08-30T14:00:00
W-1113,HCU,1.2,2026-08-30T14:30:00
W-1113,HCU,2.4,2026-08-30T15:00:00
W-1113,HCU,2.4,2026-08-30T15:30:00
W-1116,DHDT,2.2,2026-08-30T16:00:00
W-1116,DHDT,2.1,2026-08-30T16:30:00
W-1116,DHDT,1.6,2026-08-30T17:00:00
W-1116,DHDT,1.7,2026-08-30T17:30:00
W-1116,DHDT,2.4,2026-08-30T18:00:00
W-1116,DHDT,1.2,2026-08-30T18:30:00
W-1116,DHDT,1.0,2026-08-30T19:00:00
W-1116,DHDT,1.6,2026-08-30T19:30:00
W-1116,DHDT,1.8,2026-08-30T20:00:00
W-1116,DHDT,1.4,2026-08-30T20:30:00
W-1116,DHDT,2.2,2026-08-30T21:00:00
W-1116,DHDT,1.2,2026-08-30T21:30:00
W-1116,DHDT,1.6,2026-08-30T22:00:00
W-1116,DHDT,2.0,2026-08-30T22:30:00
W-1116,DHDT,1.8,2026-08-30T23:00:00
W-1116,DHDT,1.4,2026-08-30T23:30:00
W-1119,CDU-III,1.6,2026-08-30T00:00:00
W-1119,CDU-III,1.5,2026-08-30T00:30:00
W-1119,CDU-III,0.8,2026-08-30T01:00:00
W-1119,CDU-III,0.9,2026-08-30T01:30:00
W-1119,CDU-III,1.0,2026-08-30T02:00:00
W-1119,CDU-III,0.7,2026-08-30T02:30:00
W-1119,CDU-III,1.7,2026-08-30T03:00:00
W-1119,CDU-III,1.5,2026-08-30T03:30:00
W-1119,CDU-III,0.7,2026-08-30T04:00:00
W-1119,CDU-III,1.7,2026-08-30T04:30:00
W-1119,CDU-III,1.1,2026-08-30T05:00:00
W-1119,CDU-III,1.3,2026-08-30T05:30:00
W-1119,CDU-III,1.5,2026-08-30T06:00:00
W-1119,CDU-III,1.8,2026-08-30T06:30:00
W-1119,CDU-III,1.4,2026-08-30T07:00:00
W-1119,CDU-III,1.8,2026-08-30T07:30:00
W-1128,SRU,2.8,2026-08-30T00:00:00
W-1128,SRU,6.2,2026-08-30T00:30:00
W-1128,SRU,3.4,2026-08-30T01:00:00
W-1128,SRU,13.4,2026-08-30T01:30:00
W-1128,SRU,6.4,2026-08-30T02:00:00
W-1128,SRU,3.0,2026-08-30T02:30:00
W-1128,SRU,4.0,2026-08-30T03:00:00
W-1128,SRU,6.1,2026-08-30T03:30:00
W-1128,SRU,4.0,2026-08-30T04:00:00
W-1128,SRU,8.7,2026-08-30T04:30:00
W-1128,SRU,17.3,2026-08-30T05:00:00
W-1128,SRU,6.0,2026-08-30T05:30:00
W-1128,SRU,3.3,2026-08-30T06:00:00
W-1128,SRU,6.6,2026-08-30T06:30:00
W-1128,SRU,11.7,2026-08-30T07:00:00
W-1128,SRU,20.2,2026-08-30T07:30:00
W-1131,ARU,15.8,2026-08-30T08:00:00
W-1131,ARU,3.8,2026-08-30T08:30:00
W-1131,ARU,4.0,2026-08-30T09:00:00
W-1131,ARU,2.5,2026-08-30T09:30:00
W-1131,ARU,4.4,2026-08-30T10:00:00
W-1131,ARU,2.2,2026-08-30T10:30:00
W-1131,ARU,2.9,2026-08-30T11:00:00
W-1131,ARU,3.1,2026-08-30T11:30:00
W-1131,ARU,4.3,2026-08-30T12:00:00
W-1131,ARU,3.1,2026-08-30T12:30:00
W-1131,ARU,2.6,2026-08-30T13:00:00
W-1131,ARU,4.6,2026-08-30T13:30:00
W-1131,ARU,5.7,2026-08-30T14:00:00
W-1131,ARU,12.8,2026-08-30T14:30:00
W-1131,ARU,10.4,2026-08-30T15:00:00
W-1131,ARU,7.5,2026-08-30T15:30:00
W-1134,SWS,3.8,2026-08-30T16:00:00
W-1134,SWS,3.0,2026-08-30T16:30:00
W-1134,SWS,5.8,2026-08-30T17:00:00
W-1134,SWS,2.6,2026-08-30T17:30:00
W-1134,SWS,9.2,2026-08-30T18:00:00
W-1134,SWS,7.9,2026-08-30T18:30:00
W-1134,SWS,15.8,2026-08-30T19:00:00
W-1134,SWS,2.8,2026-08-30T19:30:00
W-1134,SWS,4.1,2026-08-30T20:00:00
W-1134,SWS,5.0,2026-08-30T20:30:00
W-1134,SWS,3.7,2026-08-30T21:00:00
W-1134,SWS,4.5,2026-08-30T21:30:00
W-1134,SWS,5.9,2026-08-30T22:00:00
W-1134,SWS,4.3,2026-08-30T22:30:00
W-1134,SWS,4.9,2026-08-30T23:00:00
W-1134,SWS,4.1,2026-08-30T23:30:00
W-1137,DCU,2.3,2026-08-30T00:00:00
W-1137,DCU,3.1,2026-08-30T00:30:00
W-1137,DCU,5.8,2026-08-30T01:00:00
W-1137,DCU,6.7,2026-08-30T01:30:00
W-1137,DCU,8.6,2026-08-30T02:00:00
W-1137,DCU,3.0,2026-08-30T02:30:00
W-1137,DCU,3.7,2026-08-30T03:00:00
W-1137,DCU,1.4,2026-08-30T03:30:00
W-1137,DCU,2.0,2026-08-30T04:00:00
W-1137,DCU,3.0,2026-08-30T04:30:00
W-1137,DCU,2.0,2026-08-30T05:00:00
W-1137,DCU,3.2,2026-08-30T05:30:00
W-1137,DCU,1.8,2026-08-30T06:00:00
W-1137,DCU,2.3,2026-08-30T06:30:00
W-1137,DCU,3.5,2026-08-30T07:00:00
W-1137,DCU,3.3,2026-08-30T07:30:00
W-1140,HCU,2.7,2026-08-30T08:00:00
W-1140,HCU,1.9,2026-08-30T08:30:00
W-1140,HCU,1.1,2026-08-30T09:00:00
W-1140,HCU,2.8,2026-08-30T09:30:00
W-1140,HCU,2.5,2026-08-30T10:00:00
W-1140,HCU,1.7,2026-08-30T10:30:00
W-1140,HCU,1.8,2026-08-30T11:00:00
W-1140,HCU,1.5,2026-08-30T11:30:00
W-1140,HCU,1.5,2026-08-30T12:00:00
W-1140,HCU,1.4,2026-08-30T12:30:00
W-1140,HCU,1.8,2026-08-30T13:00:00
W-1140,HCU,1.8,2026-08-30T13:30:00
W-1140,HCU,2.6,2026-08-30T14:00:00
W-1140,HCU,2.0,2026-08-30T14:30:00
W-1140,HCU,2.0,2026-08-30T15:00:00
W-1140,HCU,1.4,2026-08-30T15:30:00
W-1143,DHDT,1.3,2026-08-30T16:00:00
W-1143,DHDT,0.9,2026-08-30T16:30:00
W-1143,DHDT,1.8,2026-08-30T17:00:00
W-1143,DHDT,2.0,2026-08-30T17:30:00
W-1143,DHDT,1.4,2026-08-30T18:00:00
W-1143,DHDT,1.8,2026-08-30T18:30:00
W-1143,DHDT,1.6,2026-08-30T19:00:00
W-1143,DHDT,2.3,2026-08-30T19:30:00
W-1143,DHDT,2.0,2026-08-30T20:00:00
W-1143,DHDT,1.2,2026-08-30T20:30:00
W-1143,DHDT,2.4,2026-08-30T21:00:00
W-1143,DHDT,1.3,2026-08-30T21:30:00
W-1143,DHDT,4.8,2026-08-30T22:00:00
W-1143,DHDT,4.5,2026-08-30T22:30:00
W-1143,DHDT,4.4,2026-08-30T23:00:00
W-1143,DHDT,2.4,2026-08-30T23:30:00
W-1146,CDU-III,1.0,2026-08-30T00:00:00
W-1146,CDU-III,1.0,2026-08-30T00:30:00
W-1146,CDU-III,1.3,2026-08-30T01:00:00
W-1146,CDU-III,1.2,2026-08-30T01:30:00
W-1146,CDU-III,0.8,2026-08-30T02:00:00
W-1146,CDU-III,1.1,2026-08-30T02:30:00
W-1146,CDU-III,1.0,2026-08-30T03:00:00
W-1146,CDU-III,1.4,2026-08-30T03:30:00
W-1146,CDU-III,1.9,2026-08-30T04:00:00
W-1146,CDU-III,1.4,2026-08-30T04:30:00
W-1146,CDU-III,1.2,2026-08-30T05:00:00
W-1146,CDU-III,1.3,2026-08-30T05:30:00
W-1146,CDU-III,0.8,2026-08-30T06:00:00
W-1146,CDU-III,1.8,2026-08-30T06:30:00
W-1146,CDU-III,1.3,2026-08-30T07:00:00
W-1146,CDU-III,1.4,2026-08-30T07:30:00
W-1149,ETP,0.6,2026-08-30T08:00:00
W-1149,ETP,2.3,2026-08-30T08:30:00
W-1149,ETP,3.6,2026-08-30T09:00:00
W-1149,ETP,1.8,2026-08-30T09:30:00
W-1149,ETP,1.3,2026-08-30T10:00:00
W-1149,ETP,0.9,2026-08-30T10:30:00
W-1149,ETP,1.3,2026-08-30T11:00:00
W-1149,ETP,1.1,2026-08-30T11:30:00
W-1149,ETP,1.2,2026-08-30T12:00:00
W-1149,ETP,1.3,2026-08-30T12:30:00
W-1149,ETP,2.7,2026-08-30T13:00:00
W-1149,ETP,5.3,2026-08-30T13:30:00
W-1149,ETP,1.0,2026-08-30T14:00:00
W-1149,ETP,0.8,2026-08-30T14:30:00
W-1149,ETP,1.0,2026-08-30T15:00:00
W-1149,ETP,0.6,2026-08-30T15:30:00
W-1152,TF,0.6,2026-08-30T16:00:00
W-1152,TF,0.8,2026-08-30T16:30:00
W-1152,TF,0.6,2026-08-30T17:00:00
W-1152,TF,0.7,2026-08-30T17:30:00
W-1152,TF,0.6,2026-08-30T18:00:00
W-1152,TF,0.5,2026-08-30T18:30:00
W-1152,TF,0.8,2026-08-30T19:00:00
W-1152,TF,0.7,2026-08-30T19:30:00
W-1152,TF,0.5,2026-08-30T20:00:00
W-1152,TF,0.4,2026-08-30T20:30:00
W-1152,TF,0.7,2026-08-30T21:00:00
W-1152,TF,0.4,2026-08-30T21:30:00
W-1152,TF,0.6,2026-08-30T22:00:00
W-1152,TF,0.5,2026-08-30T22:30:00
W-1152,TF,0.5,2026-08-30T23:00:00
W-1152,TF,0.7,2026-08-30T23:30:00
W-1158,ARU,2.9,2026-08-30T08:00:00
W-1158,ARU,4.7,2026-08-30T08:30:00
W-1158,ARU,3.7,2026-08-30T09:00:00
W-1158,ARU,3.5,2026-08-30T09:30:00
W-1158,ARU,2.5,2026-08-30T10:00:00
W-1158,ARU,4.0,2026-08-30T10:30:00
W-1158,ARU,3.7,2026-08-30T11:00:00
W-1158,ARU,5.2,2026-08-30T11:30:00
W-1158,ARU,12.1,2026-08-30T12:00:00
W-1158,ARU,4.0,2026-08-30T12:30:00
W-1158,ARU,2.8,2026-08-30T13:00:00
W-1158,ARU,9.3,2026-08-30T13:30:00
W-1158,ARU,7.7,2026-08-30T14:00:00
W-1158,ARU,2.2,2026-08-30T14:30:00
W-1158,ARU,2.4,2026-08-30T15:00:00
W-1158,ARU,2.6,2026-08-30T15:30:00
W-1161,SWS,4.7,2026-08-30T16:00:00
W-1161,SWS,3.4,2026-08-30T16:30:00
W-1161,SWS,2.6,2026-08-30T17:00:00
W-1161,SWS,3.7,2026-08-30T17:30:00
W-1161,SWS,2.3,2026-08-30T18:00:00
W-1161,SWS,5.8,2026-08-30T18:30:00
W-1161,SWS,3.4,2026-08-30T19:00:00
W-1161,SWS,3.6,2026-08-30T19:30:00
W-1161,SWS,2.7,2026-08-30T20:00:00
W-1161,SWS,4.8,2026-08-30T20:30:00
W-1161,SWS,5.6,2026-08-30T21:00:00
W-1161,SWS,4.1,2026-08-30T21:30:00
W-1161,SWS,5.3,2026-08-30T22:00:00
W-1161,SWS,2.9,2026-08-30T22:30:00
W-1161,SWS,3.9,2026-08-30T23:00:00
W-1161,SWS,3.0,2026-08-30T23:30:00
W-1164,DCU,2.0,2026-08-30T00:00:00
W-1164,DCU,1.7,2026-08-30T00:30:00
W-1164,DCU,1.6,2026-08-30T01:00:00
W-1164,DCU,2.4,2026-08-30T01:30:00
W-1164,DCU,1.5,2026-08-30T02:00:00
W-1164,DCU,10.6,2026-08-30T02:30:00
W-1164,DCU,3.3,2026-08-30T03:00:00
W-1164,DCU,3.8,2026-08-30T03:30:00
W-1164,DCU,1.8,2026-08-30T04:00:00
W-1164,DCU,1.8,2026-08-30T04:30:00
W-1164,DCU,2.1,2026-08-30T05:00:00
W-1164,DCU,3.2,2026-08-30T05:30:00
W-1164,DCU,1.6,2026-08-30T06:00:00
W-1164,DCU,2.4,2026-08-30T06:30:00
W-1164,DCU,3.4,2026-08-30T07:00:00
W-1164,DCU,5.1,2026-08-30T07:30:00
W-1167,HCU,2.3,2026-08-30T08:00:00
W-1167,HCU,2.5,2026-08-30T08:30:00
W-1167,HCU,2.7,2026-08-30T09:00:00
W-1167,HCU,6.5,2026-08-30T09:30:00
W-1167,HCU,7.1,2026-08-30T10:00:00
W-1167,HCU,1.2,2026-08-30T10:30:00
W-1167,HCU,1.2,2026-08-30T11:00:00
W-1167,HCU,1.7,2026-08-30T11:30:00
W-1167,HCU,2.7,2026-08-30T12:00:00
W-1167,HCU,3.4,2026-08-30T12:30:00
W-1167,HCU,6.4,2026-08-30T13:00:00
W-1167,HCU,2.1,2026-08-30T13:30:00
W-1167,HCU,2.1,2026-08-30T14:00:00
W-1167,HCU,1.1,2026-08-30T14:30:00
W-1167,HCU,2.1,2026-08-30T15:00:00
W-1167,HCU,2.3,2026-08-30T15:30:00
W-1176,ETP,0.9,2026-08-30T08:00:00
W-1176,ETP,0.6,2026-08-30T08:30:00
W-1176,ETP,1.2,2026-08-30T09:00:00
W-1176,ETP,1.1,2026-08-30T09:30:00
W-1176,ETP,0.5,2026-08-30T10:00:00
W-1176,ETP,0.7,2026-08-30T10:30:00
W-1176,ETP,0.5,2026-08-30T11:00:00
W-1176,ETP,1.3,2026-08-30T11:30:00
W-1176,ETP,0.7,2026-08-30T12:00:00
W-1176,ETP,0.5,2026-08-30T12:30:00
W-1176,ETP,1.1,2026-08-30T13:00:00
W-1176,ETP,0.8,2026-08-30T13:30:00
W-1176,ETP,0.6,2026-08-30T14:00:00
W-1176,ETP,0.7,2026-08-30T14:30:00
W-1176,ETP,0.7,2026-08-30T15:00:00
W-1176,ETP,1.4,2026-08-30T15:30:00
W-1179,TF,0.7,2026-08-30T16:00:00
W-1179,TF,0.4,2026-08-30T16:30:00
W-1179,TF,0.4,2026-08-30T17:00:00
W-1179,TF,0.6,2026-08-30T17:30:00
W-1179,TF,0.4,2026-08-30T18:00:00
W-1179,TF,0.5,2026-08-30T18:30:00
W-1179,TF,0.4,2026-08-30T19:00:00
W-1179,TF,0.4,2026-08-30T19:30:00
W-1179,TF,0.4,2026-08-30T20:00:00
W-1179,TF,0.7,2026-08-30T20:30:00
W-1179,TF,0.3,2026-08-30T21:00:00
W-1179,TF,0.6,2026-08-30T21:30:00
W-1179,TF,0.7,2026-08-30T22:00:00
W-1179,TF,0.4,2026-08-30T22:30:00
W-1179,TF,0.7,2026-08-30T23:00:00
W-1179,TF,0.6,2026-08-30T23:30:00
W-1185,ARU,3.1,2026-08-30T08:00:00
W-1185,ARU,2.7,2026-08-30T08:30:00
W-1185,ARU,2.9,2026-08-30T09:00:00
W-1185,ARU,3.8,2026-08-30T09:30:00
W-1185,ARU,3.1,2026-08-30T10:00:00
W-1185,ARU,2.2,2026-08-30T10:30:00
W-1185,ARU,4.1,2026-08-30T11:00:00
W-1185,ARU,5.3,2026-08-30T11:30:00
W-1185,ARU,2.7,2026-08-30T12:00:00
W-1185,ARU,4.5,2026-08-30T12:30:00
W-1185,ARU,2.9,2026-08-30T13:00:00
W-1185,ARU,3.3,2026-08-30T13:30:00
W-1185,ARU,3.5,2026-08-30T14:00:00
W-1185,ARU,4.6,2026-08-30T14:30:00
W-1185,ARU,5.3,2026-08-30T15:00:00
W-1185,ARU,3.4,2026-08-30T15:30:00
W-1188,SWS,3.7,2026-08-30T16:00:00
W-1188,SWS,3.4,2026-08-30T16:30:00
W-1188,SWS,3.0,2026-08-30T17:00:00
W-1188,SWS,4.7,2026-08-30T17:30:00
W-1188,SWS,4.9,2026-08-30T18:00:00
W-1188,SWS,10.3,2026-08-30T18:30:00
W-1188,SWS,8.2,2026-08-30T19:00:00
W-1188,SWS,14.0,2026-08-30T19:30:00
W-1188,SWS,6.1,2026-08-30T20:00:00
W-1188,SWS,3.4,2026-08-30T20:30:00
W-1188,SWS,5.8,2026-08-30T21:00:00
W-1188,SWS,5.0,2026-08-30T21:30:00
W-1188,SWS,2.9,2026-08-30T22:00:00
W-1188,SWS,3.7,2026-08-30T22:30:00
W-1188,SWS,3.0,2026-08-30T23:00:00
W-1188,SWS,5.6,2026-08-30T23:30:00
W-1191,DCU,3.0,2026-08-30T00:00:00
W-1191,DCU,1.8,2026-08-30T00:30:00
W-1191,DCU,3.4,2026-08-30T01:00:00
W-1191,DCU,2.5,2026-08-30T01:30:00
W-1191,DCU,2.9,2026-08-30T02:00:00
W-1191,DCU,1.5,2026-08-30T02:30:00
W-1191,DCU,3.2,2026-08-30T03:00:00
W-1191,DCU,2.6,2026-08-30T03:30:00
W-1191,DCU,6.8,2026-08-30T04:00:00
W-1191,DCU,9.6,2026-08-30T04:30:00
W-1191,DCU,1.5,2026-08-30T05:00:00
W-1191,DCU,2.6,2026-08-30T05:30:00
W-1191,DCU,1.5,2026-08-30T06:00:00
W-1191,DCU,3.6,2026-08-30T06:30:00
W-1191,DCU,6.1,2026-08-30T07:00:00
W-1191,DCU,1.8,2026-08-30T07:30:00
W-1194,HCU,1.8,2026-08-30T08:00:00
W-1194,HCU,2.4,2026-08-30T08:30:00
W-1194,HCU,1.2,2026-08-30T09:00:00
W-1194,HCU,2.4,2026-08-30T09:30:00
W-1194,HCU,2.6,2026-08-30T10:00:00
W-1194,HCU,1.5,2026-08-30T10:30:00
W-1194,HCU,2.7,2026-08-30T11:00:00
W-1194,HCU,2.9,2026-08-30T11:30:00
W-1194,HCU,1.7,2026-08-30T12:00:00
W-1194,HCU,2.5,2026-08-30T12:30:00
W-1194,HCU,2.3,2026-08-30T13:00:00
W-1194,HCU,2.2,2026-08-30T13:30:00
W-1194,HCU,2.7,2026-08-30T14:00:00
W-1194,HCU,1.8,2026-08-30T14:30:00
W-1194,HCU,2.1,2026-08-30T15:00:00
W-1194,HCU,1.2,2026-08-30T15:30:00
W-1197,DHDT,1.7,2026-08-30T16:00:00
W-1197,DHDT,2.4,2026-08-30T16:30:00
W-1197,DHDT,1.9,2026-08-30T17:00:00
W-1197,DHDT,2.3,2026-08-30T17:30:00
W-1197,DHDT,1.5,2026-08-30T18:00:00
W-1197,DHDT,1.9,2026-08-30T18:30:00
W-1197,DHDT,1.4,2026-08-30T19:00:00
W-1197,DHDT,1.8,2026-08-30T19:30:00
W-1197,DHDT,2.0,2026-08-30T20:00:00
W-1197,DHDT,1.3,2026-08-30T20:30:00
W-1197,DHDT,1.8,2026-08-30T21:00:00
W-1197,DHDT,2.2,2026-08-30T21:30:00
W-1197,DHDT,1.7,2026-08-30T22:00:00
W-1197,DHDT,2.3,2026-08-30T22:30:00
W-1197,DHDT,1.9,2026-08-30T23:00:00
W-1197,DHDT,1.3,2026-08-30T23:30:00
W-1200,CDU-III,1.0,2026-08-30T00:00:00
W-1200,CDU-III,1.6,2026-08-30T00:30:00
W-1200,CDU-III,1.7,2026-08-30T01:00:00
W-1200,CDU-III,1.8,2026-08-30T01:30:00
W-1200,CDU-III,1.6,2026-08-30T02:00:00
W-1200,CDU-III,1.2,2026-08-30T02:30:00
W-1200,CDU-III,0.8,2026-08-30T03:00:00
W-1200,CDU-III,1.1,2026-08-30T03:30:00
W-1200,CDU-III,1.8,2026-08-30T04:00:00
W-1200,CDU-III,1.3,2026-08-30T04:30:00
W-1200,CDU-III,0.8,2026-08-30T05:00:00
W-1200,CDU-III,1.9,2026-08-30T05:30:00
W-1200,CDU-III,1.6,2026-08-30T06:00:00
W-1200,CDU-III,1.8,2026-08-30T06:30:00
W-1200,CDU-III,1.6,2026-08-30T07:00:00
W-1200,CDU-III,1.9,2026-08-30T07:30:00
W-1203,ETP,0.7,2026-08-30T08:00:00
W-1203,ETP,1.3,2026-08-30T08:30:00
W-1203,ETP,0.9,2026-08-30T09:00:00
W-1203,ETP,0.8,2026-08-30T09:30:00
W-1203,ETP,0.8,2026-08-30T10:00:00
W-1203,ETP,0.6,2026-08-30T10:30:00
W-1203,ETP,1.2,2026-08-30T11:00:00
W-1203,ETP,0.8,2026-08-30T11:30:00
W-1203,ETP,0.7,2026-08-30T12:00:00
W-1203,ETP,0.8,2026-08-30T12:30:00
W-1203,ETP,0.7,2026-08-30T13:00:00
W-1203,ETP,1.2,2026-08-30T13:30:00
W-1203,ETP,3.1,2026-08-30T14:00:00
W-1203,ETP,3.6,2026-08-30T14:30:00
W-1203,ETP,3.5,2026-08-30T15:00:00
W-1203,ETP,4.6,2026-08-30T15:30:00
W-1206,TF,0.5,2026-08-30T16:00:00
W-1206,TF,0.5,2026-08-30T16:30:00
W-1206,TF,0.6,2026-08-30T17:00:00
W-1206,TF,0.8,2026-08-30T17:30:00
W-1206,TF,0.5,2026-08-30T18:00:00
W-1206,TF,0.4,2026-08-30T18:30:00
W-1206,TF,0.7,2026-08-30T19:00:00
W-1206,TF,0.6,2026-08-30T19:30:00
W-1206,TF,0.6,2026-08-30T20:00:00
W-1206,TF,0.7,2026-08-30T20:30:00
W-1206,TF,0.3,2026-08-30T21:00:00
W-1206,TF,0.6,2026-08-30T21:30:00
W-1206,TF,0.4,2026-08-30T22:00:00
W-1206,TF,0.5,2026-08-30T22:30:00
W-1206,TF,0.5,2026-08-30T23:00:00
W-1206,TF,0.6,2026-08-30T23:30:00
W-1212,ARU,2.1,2026-08-30T08:00:00
W-1212,ARU,12.4,2026-08-30T08:30:00
W-1212,ARU,6.9,2026-08-30T09:00:00
W-1212,ARU,4.9,2026-08-30T09:30:00
W-1212,ARU,4.8,2026-08-30T10:00:00
W-1212,ARU,3.0,2026-08-30T10:30:00
W-1212,ARU,4.3,2026-08-30T11:00:00
W-1212,ARU,5.1,2026-08-30T11:30:00
W-1212,ARU,4.8,2026-08-30T12:00:00
W-1212,ARU,5.6,2026-08-30T12:30:00
W-1212,ARU,4.5,2026-08-30T13:00:00
W-1212,ARU,3.2,2026-08-30T13:30:00
W-1212,ARU,4.9,2026-08-30T14:00:00
W-1212,ARU,3.7,2026-08-30T14:30:00
W-1212,ARU,4.5,2026-08-30T15:00:00
W-1212,ARU,3.4,2026-08-30T15:30:00
W-1215,SWS,5.3,2026-08-30T16:00:00
W-1215,SWS,2.4,2026-08-30T16:30:00
W-1215,SWS,2.4,2026-08-30T17:00:00
W-1215,SWS,5.2,2026-08-30T17:30:00
W-1215,SWS,4.3,2026-08-30T18:00:00
W-1215,SWS,3.1,2026-08-30T18:30:00
W-1215,SWS,3.9,2026-08-30T19:00:00
W-1215,SWS,4.7,2026-08-30T19:30:00
W-1215,SWS,5.2,2026-08-30T20:00:00
W-1215,SWS,5.6,2026-08-30T20:30:00
W-1215,SWS,8.6,2026-08-30T21:00:00
W-1215,SWS,17.0,2026-08-30T21:30:00
W-1215,SWS,11.8,2026-08-30T22:00:00
W-1215,SWS,4.2,2026-08-30T22:30:00
W-1215,SWS,4.1,2026-08-30T23:00:00
W-1215,SWS,3.0,2026-08-30T23:30:00
W-1218,DCU,3.3,2026-08-30T00:00:00
W-1218,DCU,2.2,2026-08-30T00:30:00
W-1218,DCU,8.9,2026-08-30T01:00:00
W-1218,DCU,7.6,2026-08-30T01:30:00
W-1218,DCU,9.3,2026-08-30T02:00:00
W-1218,DCU,2.5,2026-08-30T02:30:00
W-1218,DCU,2.5,2026-08-30T03:00:00
W-1218,DCU,3.6,2026-08-30T03:30:00
W-1218,DCU,1.6,2026-08-30T04:00:00
W-1218,DCU,2.2,2026-08-30T04:30:00
W-1218,DCU,2.6,2026-08-30T05:00:00
W-1218,DCU,2.0,2026-08-30T05:30:00
W-1218,DCU,1.9,2026-08-30T06:00:00
W-1218,DCU,3.2,2026-08-30T06:30:00
W-1218,DCU,2.2,2026-08-30T07:00:00
W-1218,DCU,3.8,2026-08-30T07:30:00
W-1221,HCU,1.3,2026-08-30T08:00:00
W-1221,HCU,1.7,2026-08-30T08:30:00
W-1221,HCU,2.3,2026-08-30T09:00:00
W-1221,HCU,2.0,2026-08-30T09:30:00
W-1221,HCU,1.8,2026-08-30T10:00:00
W-1221,HCU,2.2,2026-08-30T10:30:00
W-1221,HCU,2.2,2026-08-30T11:00:00
W-1221,HCU,3.7,2026-08-30T11:30:00
W-1221,HCU,4.5,2026-08-30T12:00:00
W-1221,HCU,1.8,2026-08-30T12:30:00
W-1221,HCU,2.8,2026-08-30T13:00:00
W-1221,HCU,5.2,2026-08-30T13:30:00
W-1221,HCU,2.7,2026-08-30T14:00:00
W-1221,HCU,1.8,2026-08-30T14:30:00
W-1221,HCU,2.3,2026-08-30T15:00:00
W-1221,HCU,1.3,2026-08-30T15:30:00
W-1224,DHDT,1.7,2026-08-30T16:00:00
W-1224,DHDT,2.1,2026-08-30T16:30:00
W-1224,DHDT,1.3,2026-08-30T17:00:00
W-1224,DHDT,1.6,2026-08-30T17:30:00
W-1224,DHDT,2.3,2026-08-30T18:00:00
W-1224,DHDT,4.9,2026-08-30T18:30:00
W-1224,DHDT,5.1,2026-08-30T19:00:00
W-1224,DHDT,6.3,2026-08-30T19:30:00
W-1224,DHDT,1.4,2026-08-30T20:00:00
W-1224,DHDT,1.8,2026-08-30T20:30:00
W-1224,DHDT,1.6,2026-08-30T21:00:00
W-1224,DHDT,1.4,2026-08-30T21:30:00
W-1224,DHDT,2.2,2026-08-30T22:00:00
W-1224,DHDT,1.9,2026-08-30T22:30:00
W-1224,DHDT,1.7,2026-08-30T23:00:00
W-1224,DHDT,2.1,2026-08-30T23:30:00
W-1227,CDU-III,0.8,2026-08-30T00:00:00
W-1227,CDU-III,1.3,2026-08-30T00:30:00
W-1227,CDU-III,0.7,2026-08-30T01:00:00
W-1227,CDU-III,1.7,2026-08-30T01:30:00
W-1227,CDU-III,1.3,2026-08-30T02:00:00
W-1227,CDU-III,1.5,2026-08-30T02:30:00
W-1227,CDU-III,1.9,2026-08-30T03:00:00
W-1227,CDU-III,1.3,2026-08-30T03:30:00
W-1227,CDU-III,1.3,2026-08-30T04:00:00
W-1227,CDU-III,1.0,2026-08-30T04:30:00
W-1227,CDU-III,1.8,2026-08-30T05:00:00
W-1227,CDU-III,0.9,2026-08-30T05:30:00
W-1227,CDU-III,1.9,2026-08-30T06:00:00
W-1227,CDU-III,1.1,2026-08-30T06:30:00
W-1227,CDU-III,1.4,2026-08-30T07:00:00
W-1227,CDU-III,1.8,2026-08-30T07:30:00
W-1230,ETP,0.8,2026-08-30T08:00:00
W-1230,ETP,3.8,2026-08-30T08:30:00
W-1230,ETP,4.9,2026-08-30T09:00:00
W-1230,ETP,0.8,2026-08-30T09:30:00
W-1230,ETP,0.9,2026-08-30T10:00:00
W-1230,ETP,1.0,2026-08-30T10:30:00
W-1230,ETP,1.1,2026-08-30T11:00:00
W-1230,ETP,0.7,2026-08-30T11:30:00
W-1230,ETP,1.3,2026-08-30T12:00:00
W-1230,ETP,0.9,2026-08-30T12:30:00
W-1230,ETP,1.2,2026-08-30T13:00:00
W-1230,ETP,1.4,2026-08-30T13:30:00
W-1230,ETP,1.0,2026-08-30T14:00:00
W-1230,ETP,1.2,2026-08-30T14:30:00
W-1230,ETP,1.3,2026-08-30T15:00:00
W-1230,ETP,1.0,2026-08-30T15:30:00
W-1233,TF,0.5,2026-08-30T16:00:00
W-1233,TF,0.4,2026-08-30T16:30:00
W-1233,TF,0.7,2026-08-30T17:00:00
W-1233,TF,0.8,2026-08-30T17:30:00
W-1233,TF,0.4,2026-08-30T18:00:00
W-1233,TF,0.7,2026-08-30T18:30:00
W-1233,TF,0.3,2026-08-30T19:00:00
W-1233,TF,0.4,2026-08-30T19:30:00
W-1233,TF,0.7,2026-08-30T20:00:00
W-1233,TF,0.5,2026-08-30T20:30:00
W-1233,TF,0.5,2026-08-30T21:00:00
W-1233,TF,0.7,2026-08-30T21:30:00
W-1233,TF,0.8,2026-08-30T22:00:00
W-1233,TF,0.4,2026-08-30T22:30:00
W-1233,TF,0.5,2026-08-30T23:00:00
W-1233,TF,0.6,2026-08-30T23:30:00
W-1101,SRU,2.9,2026-08-31T00:00:00
W-1101,SRU,3.2,2026-08-31T00:30:00
W-1101,SRU,6.1,2026-08-31T01:00:00
W-1101,SRU,3.0,2026-08-31T01:30:00
W-1101,SRU,12.4,2026-08-31T02:00:00
W-1101,SRU,15.7,2026-08-31T02:30:00
W-1101,SRU,16.8,2026-08-31T03:00:00
W-1101,SRU,4.6,2026-08-31T03:30:00
W-1101,SRU,3.8,2026-08-31T04:00:00
W-1101,SRU,3.9,2026-08-31T04:30:00
W-1101,SRU,5.7,2026-08-31T05:00:00
W-1101,SRU,2.7,2026-08-31T05:30:00
W-1101,SRU,3.8,2026-08-31T06:00:00
W-1101,SRU,3.6,2026-08-31T06:30:00
W-1101,SRU,3.2,2026-08-31T07:00:00
W-1101,SRU,2.7,2026-08-31T07:30:00
W-1104,ARU,4.6,2026-08-31T08:00:00
W-1104,ARU,2.4,2026-08-31T08:30:00
W-1104,ARU,2.2,2026-08-31T09:00:00
W-1104,ARU,3.0,2026-08-31T09:30:00
W-1104,ARU,2.2,2026-08-31T10:00:00
W-1104,ARU,3.3,2026-08-31T10:30:00
W-1104,ARU,3.4,2026-08-31T11:00:00
W-1104,ARU,5.5,2026-08-31T11:30:00
W-1104,ARU,4.8,2026-08-31T12:00:00
W-1104,ARU,3.9,2026-08-31T12:30:00
W-1104,ARU,3.4,2026-08-31T13:00:00
W-1104,ARU,4.0,2026-08-31T13:30:00
W-1104,ARU,2.5,2026-08-31T14:00:00
W-1104,ARU,4.7,2026-08-31T14:30:00
W-1104,ARU,5.5,2026-08-31T15:00:00
W-1104,ARU,3.4,2026-08-31T15:30:00
W-1107,SWS,2.9,2026-08-31T16:00:00
W-1107,SWS,3.6,2026-08-31T16:30:00
W-1107,SWS,5.1,2026-08-31T17:00:00
W-1107,SWS,5.5,2026-08-31T17:30:00
W-1107,SWS,4.6,2026-08-31T18:00:00
W-1107,SWS,3.3,2026-08-31T18:30:00
W-1107,SWS,3.5,2026-08-31T19:00:00
W-1107,SWS,2.6,2026-08-31T19:30:00
W-1107,SWS,5.0,2026-08-31T20:00:00
W-1107,SWS,4.0,2026-08-31T20:30:00
W-1107,SWS,3.8,2026-08-31T21:00:00
W-1107,SWS,3.3,2026-08-31T21:30:00
W-1107,SWS,5.4,2026-08-31T22:00:00
W-1107,SWS,21.0,2026-08-31T22:30:00
W-1107,SWS,5.0,2026-08-31T23:00:00
W-1107,SWS,14.4,2026-08-31T23:30:00
W-1110,DCU,2.0,2026-08-31T00:00:00
W-1110,DCU,3.5,2026-08-31T00:30:00
W-1110,DCU,3.5,2026-08-31T01:00:00
W-1110,DCU,1.6,2026-08-31T01:30:00
W-1110,DCU,2.7,2026-08-31T02:00:00
W-1110,DCU,2.9,2026-08-31T02:30:00
W-1110,DCU,1.5,2026-08-31T03:00:00
W-1110,DCU,2.3,2026-08-31T03:30:00
W-1110,DCU,1.7,2026-08-31T04:00:00
W-1110,DCU,2.7,2026-08-31T04:30:00
W-1110,DCU,2.4,2026-08-31T05:00:00
W-1110,DCU,3.7,2026-08-31T05:30:00
W-1110,DCU,3.2,2026-08-31T06:00:00
W-1110,DCU,2.2,2026-08-31T06:30:00
W-1110,DCU,2.8,2026-08-31T07:00:00
W-1110,DCU,3.7,2026-08-31T07:30:00
W-1116,DHDT,1.0,2026-08-31T16:00:00
W-1116,DHDT,2.3,2026-08-31T16:30:00
W-1116,DHDT,1.6,2026-08-31T17:00:00
W-1116,DHDT,4.1,2026-08-31T17:30:00
W-1116,DHDT,1.1,2026-08-31T18:00:00
W-1116,DHDT,1.7,2026-08-31T18:30:00
W-1116,DHDT,3.0,2026-08-31T19:00:00
W-1116,DHDT,5.3,2026-08-31T19:30:00
W-1116,DHDT,2.5,2026-08-31T20:00:00
W-1116,DHDT,1.5,2026-08-31T20:30:00
W-1116,DHDT,1.6,2026-08-31T21:00:00
W-1116,DHDT,1.8,2026-08-31T21:30:00
W-1116,DHDT,1.6,2026-08-31T22:00:00
W-1116,DHDT,1.9,2026-08-31T22:30:00
W-1116,DHDT,1.2,2026-08-31T23:00:00
W-1116,DHDT,1.2,2026-08-31T23:30:00
W-1119,CDU-III,1.2,2026-08-31T00:00:00
W-1119,CDU-III,1.5,2026-08-31T00:30:00
W-1119,CDU-III,1.2,2026-08-31T01:00:00
W-1119,CDU-III,1.2,2026-08-31T01:30:00
W-1119,CDU-III,0.9,2026-08-31T02:00:00
W-1119,CDU-III,0.7,2026-08-31T02:30:00
W-1119,CDU-III,1.3,2026-08-31T03:00:00
W-1119,CDU-III,1.4,2026-08-31T03:30:00
W-1119,CDU-III,1.0,2026-08-31T04:00:00
W-1119,CDU-III,0.9,2026-08-31T04:30:00
W-1119,CDU-III,1.6,2026-08-31T05:00:00
W-1119,CDU-III,0.9,2026-08-31T05:30:00
W-1119,CDU-III,1.4,2026-08-31T06:00:00
W-1119,CDU-III,0.7,2026-08-31T06:30:00
W-1119,CDU-III,1.4,2026-08-31T07:00:00
W-1119,CDU-III,0.8,2026-08-31T07:30:00
W-1122,ETP,0.7,2026-08-31T08:00:00
W-1122,ETP,0.9,2026-08-31T08:30:00
W-1122,ETP,0.7,2026-08-31T09:00:00
W-1122,ETP,4.5,2026-08-31T09:30:00
W-1122,ETP,1.7,2026-08-31T10:00:00
W-1122,ETP,3.6,2026-08-31T10:30:00
W-1122,ETP,0.8,2026-08-31T11:00:00
W-1122,ETP,0.6,2026-08-31T11:30:00
W-1122,ETP,0.8,2026-08-31T12:00:00
W-1122,ETP,1.2,2026-08-31T12:30:00
W-1122,ETP,0.9,2026-08-31T13:00:00
W-1122,ETP,0.7,2026-08-31T13:30:00
W-1122,ETP,0.9,2026-08-31T14:00:00
W-1122,ETP,1.2,2026-08-31T14:30:00
W-1122,ETP,0.9,2026-08-31T15:00:00
W-1122,ETP,1.2,2026-08-31T15:30:00
W-1125,TF,0.5,2026-08-31T16:00:00
W-1125,TF,0.5,2026-08-31T16:30:00
W-1125,TF,0.4,2026-08-31T17:00:00
W-1125,TF,0.7,2026-08-31T17:30:00
W-1125,TF,0.4,2026-08-31T18:00:00
W-1125,TF,0.5,2026-08-31T18:30:00
W-1125,TF,0.5,2026-08-31T19:00:00
W-1125,TF,0.4,2026-08-31T19:30:00
W-1125,TF,0.4,2026-08-31T20:00:00
W-1125,TF,1.3,2026-08-31T20:30:00
W-1125,TF,0.3,2026-08-31T21:00:00
W-1125,TF,0.7,2026-08-31T21:30:00
W-1125,TF,0.7,2026-08-31T22:00:00
W-1125,TF,0.5,2026-08-31T22:30:00
W-1125,TF,0.6,2026-08-31T23:00:00
W-1125,TF,0.5,2026-08-31T23:30:00
W-1131,ARU,3.1,2026-08-31T08:00:00
W-1131,ARU,4.1,2026-08-31T08:30:00
W-1131,ARU,2.4,2026-08-31T09:00:00
W-1131,ARU,4.5,2026-08-31T09:30:00
W-1131,ARU,8.8,2026-08-31T10:00:00
W-1131,ARU,15.6,2026-08-31T10:30:00
W-1131,ARU,4.4,2026-08-31T11:00:00
W-1131,ARU,2.4,2026-08-31T11:30:00
W-1131,ARU,4.1,2026-08-31T12:00:00
W-1131,ARU,4.4,2026-08-31T12:30:00
W-1131,ARU,4.9,2026-08-31T13:00:00
W-1131,ARU,2.4,2026-08-31T13:30:00
W-1131,ARU,4.7,2026-08-31T14:00:00
W-1131,ARU,2.7,2026-08-31T14:30:00
W-1131,ARU,2.6,2026-08-31T15:00:00
W-1131,ARU,2.5,2026-08-31T15:30:00
W-1134,SWS,2.2,2026-08-31T16:00:00
W-1134,SWS,5.8,2026-08-31T16:30:00
W-1134,SWS,4.2,2026-08-31T17:00:00
W-1134,SWS,4.3,2026-08-31T17:30:00
W-1134,SWS,5.7,2026-08-31T18:00:00
W-1134,SWS,5.8,2026-08-31T18:30:00
W-1134,SWS,5.2,2026-08-31T19:00:00
W-1134,SWS,3.5,2026-08-31T19:30:00
W-1134,SWS,4.4,2026-08-31T20:00:00
W-1134,SWS,5.1,2026-08-31T20:30:00
W-1134,SWS,5.8,2026-08-31T21:00:00
W-1134,SWS,3.8,2026-08-31T21:30:00
W-1134,SWS,2.3,2026-08-31T22:00:00
W-1134,SWS,5.2,2026-08-31T22:30:00
W-1134,SWS,4.2,2026-08-31T23:00:00
W-1134,SWS,3.2,2026-08-31T23:30:00
W-1140,HCU,2.2,2026-08-31T08:00:00
W-1140,HCU,1.5,2026-08-31T08:30:00
W-1140,HCU,2.4,2026-08-31T09:00:00
W-1140,HCU,2.2,2026-08-31T09:30:00
W-1140,HCU,2.2,2026-08-31T10:00:00
W-1140,HCU,2.3,2026-08-31T10:30:00
W-1140,HCU,1.3,2026-08-31T11:00:00
W-1140,HCU,1.7,2026-08-31T11:30:00
W-1140,HCU,1.1,2026-08-31T12:00:00
W-1140,HCU,2.2,2026-08-31T12:30:00
W-1140,HCU,1.6,2026-08-31T13:00:00
W-1140,HCU,1.4,2026-08-31T13:30:00
W-1140,HCU,2.7,2026-08-31T14:00:00
W-1140,HCU,7.3,2026-08-31T14:30:00
W-1140,HCU,5.3,2026-08-31T15:00:00
W-1140,HCU,2.6,2026-08-31T15:30:00
W-1143,DHDT,4.9,2026-08-31T16:00:00
W-1143,DHDT,2.2,2026-08-31T16:30:00
W-1143,DHDT,1.8,2026-08-31T17:00:00
W-1143,DHDT,1.2,2026-08-31T17:30:00
W-1143,DHDT,1.9,2026-08-31T18:00:00
W-1143,DHDT,1.3,2026-08-31T18:30:00
W-1143,DHDT,1.1,2026-08-31T19:00:00
W-1143,DHDT,1.9,2026-08-31T19:30:00
W-1143,DHDT,1.5,2026-08-31T20:00:00
W-1143,DHDT,2.0,2026-08-31T20:30:00
W-1143,DHDT,2.2,2026-08-31T21:00:00
W-1143,DHDT,1.7,2026-08-31T21:30:00
W-1143,DHDT,1.1,2026-08-31T22:00:00
W-1143,DHDT,1.1,2026-08-31T22:30:00
W-1143,DHDT,2.2,2026-08-31T23:00:00
W-1143,DHDT,1.0,2026-08-31T23:30:00
W-1146,CDU-III,2.0,2026-08-31T00:00:00
W-1146,CDU-III,1.4,2026-08-31T00:30:00
W-1146,CDU-III,0.7,2026-08-31T01:00:00
W-1146,CDU-III,0.9,2026-08-31T01:30:00
W-1146,CDU-III,1.0,2026-08-31T02:00:00
W-1146,CDU-III,1.4,2026-08-31T02:30:00
W-1146,CDU-III,1.7,2026-08-31T03:00:00
W-1146,CDU-III,1.3,2026-08-31T03:30:00
W-1146,CDU-III,1.7,2026-08-31T04:00:00
W-1146,CDU-III,1.8,2026-08-31T04:30:00
W-1146,CDU-III,1.7,2026-08-31T05:00:00
W-1146,CDU-III,0.9,2026-08-31T05:30:00
W-1146,CDU-III,2.0,2026-08-31T06:00:00
W-1146,CDU-III,5.3,2026-08-31T06:30:00
W-1146,CDU-III,2.0,2026-08-31T07:00:00
W-1146,CDU-III,1.1,2026-08-31T07:30:00
W-1149,ETP,0.7,2026-08-31T08:00:00
W-1149,ETP,0.7,2026-08-31T08:30:00
W-1149,ETP,0.6,2026-08-31T09:00:00
W-1149,ETP,0.8,2026-08-31T09:30:00
W-1149,ETP,1.2,2026-08-31T10:00:00
W-1149,ETP,1.1,2026-08-31T10:30:00
W-1149,ETP,1.3,2026-08-31T11:00:00
W-1149,ETP,1.2,2026-08-31T11:30:00
W-1149,ETP,0.5,2026-08-31T12:00:00
W-1149,ETP,0.7,2026-08-31T12:30:00
W-1149,ETP,1.2,2026-08-31T13:00:00
W-1149,ETP,2.7,2026-08-31T13:30:00
W-1149,ETP,4.5,2026-08-31T14:00:00
W-1149,ETP,0.8,2026-08-31T14:30:00
W-1149,ETP,0.6,2026-08-31T15:00:00
W-1149,ETP,3.8,2026-08-31T15:30:00
W-1152,TF,0.6,2026-08-31T16:00:00
W-1152,TF,0.7,2026-08-31T16:30:00
W-1152,TF,0.4,2026-08-31T17:00:00
W-1152,TF,0.3,2026-08-31T17:30:00
W-1152,TF,0.4,2026-08-31T18:00:00
W-1152,TF,0.7,2026-08-31T18:30:00
W-1152,TF,1.2,2026-08-31T19:00:00
W-1152,TF,0.4,2026-08-31T19:30:00
W-1152,TF,0.4,2026-08-31T20:00:00
W-1152,TF,0.4,2026-08-31T20:30:00
W-1152,TF,0.6,2026-08-31T21:00:00
W-1152,TF,0.5,2026-08-31T21:30:00
W-1152,TF,0.3,2026-08-31T22:00:00
W-1152,TF,0.3,2026-08-31T22:30:00
W-1152,TF,0.7,2026-08-31T23:00:00
W-1152,TF,0.4,2026-08-31T23:30:00
W-1155,SRU,4.7,2026-08-31T00:00:00
W-1155,SRU,3.8,2026-08-31T00:30:00
W-1155,SRU,5.1,2026-08-31T01:00:00
W-1155,SRU,3.8,2026-08-31T01:30:00
W-1155,SRU,4.9,2026-08-31T02:00:00
W-1155,SRU,5.4,2026-08-31T02:30:00
W-1155,SRU,3.5,2026-08-31T03:00:00
W-1155,SRU,15.6,2026-08-31T03:30:00
W-1155,SRU,5.8,2026-08-31T04:00:00
W-1155,SRU,21.1,2026-08-31T04:30:00
W-1155,SRU,4.5,2026-08-31T05:00:00
W-1155,SRU,4.9,2026-08-31T05:30:00
W-1155,SRU,3.7,2026-08-31T06:00:00
W-1155,SRU,6.3,2026-08-31T06:30:00
W-1155,SRU,3.3,2026-08-31T07:00:00
W-1155,SRU,15.1,2026-08-31T07:30:00
W-1158,ARU,5.4,2026-08-31T08:00:00
W-1158,ARU,3.7,2026-08-31T08:30:00
W-1158,ARU,4.4,2026-08-31T09:00:00
W-1158,ARU,4.7,2026-08-31T09:30:00
W-1158,ARU,3.2,2026-08-31T10:00:00
W-1158,ARU,5.4,2026-08-31T10:30:00
W-1158,ARU,4.4,2026-08-31T11:00:00
W-1158,ARU,4.6,2026-08-31T11:30:00
W-1158,ARU,3.9,2026-08-31T12:00:00
W-1158,ARU,3.0,2026-08-31T12:30:00
W-1158,ARU,2.2,2026-08-31T13:00:00
W-1158,ARU,2.0,2026-08-31T13:30:00
W-1158,ARU,5.2,2026-08-31T14:00:00
W-1158,ARU,2.3,2026-08-31T14:30:00
W-1158,ARU,5.0,2026-08-31T15:00:00
W-1158,ARU,3.0,2026-08-31T15:30:00
W-1161,SWS,6.0,2026-08-31T16:00:00
W-1161,SWS,2.8,2026-08-31T16:30:00
W-1161,SWS,5.2,2026-08-31T17:00:00
W-1161,SWS,4.9,2026-08-31T17:30:00
W-1161,SWS,2.7,2026-08-31T18:00:00
W-1161,SWS,3.9,2026-08-31T18:30:00
W-1161,SWS,4.3,2026-08-31T19:00:00
W-1161,SWS,17.0,2026-08-31T19:30:00
W-1161,SWS,5.1,2026-08-31T20:00:00
W-1161,SWS,2.8,2026-08-31T20:30:00
W-1161,SWS,5.2,2026-08-31T21:00:00
W-1161,SWS,2.8,2026-08-31T21:30:00
W-1161,SWS,2.9,2026-08-31T22:00:00
W-1161,SWS,4.7,2026-08-31T22:30:00
W-1161,SWS,4.0,2026-08-31T23:00:00
W-1161,SWS,4.6,2026-08-31T23:30:00
W-1164,DCU,2.1,2026-08-31T00:00:00
W-1164,DCU,3.5,2026-08-31T00:30:00
W-1164,DCU,1.9,2026-08-31T01:00:00
W-1164,DCU,2.6,2026-08-31T01:30:00
W-1164,DCU,2.6,2026-08-31T02:00:00
W-1164,DCU,3.2,2026-08-31T02:30:00
W-1164,DCU,3.4,2026-08-31T03:00:00
W-1164,DCU,3.3,2026-08-31T03:30:00
W-1164,DCU,1.4,2026-08-31T04:00:00
W-1164,DCU,2.0,2026-08-31T04:30:00
W-1164,DCU,2.3,2026-08-31T05:00:00
W-1164,DCU,3.5,2026-08-31T05:30:00
W-1164,DCU,3.6,2026-08-31T06:00:00
W-1164,DCU,2.5,2026-08-31T06:30:00
W-1164,DCU,3.6,2026-08-31T07:00:00
W-1164,DCU,9.3,2026-08-31T07:30:00
W-1167,HCU,2.4,2026-08-31T08:00:00
W-1167,HCU,2.4,2026-08-31T08:30:00
W-1167,HCU,2.5,2026-08-31T09:00:00
W-1167,HCU,1.8,2026-08-31T09:30:00
W-1167,HCU,1.7,2026-08-31T10:00:00
W-1167,HCU,1.3,2026-08-31T10:30:00
W-1167,HCU,1.4,2026-08-31T11:00:00
W-1167,HCU,1.8,2026-08-31T11:30:00
W-1167,HCU,2.4,2026-08-31T12:00:00
W-1167,HCU,1.7,2026-08-31T12:30:00
W-1167,HCU,5.0,2026-08-31T13:00:00
W-1167,HCU,5.2,2026-08-31T13:30:00
W-1167,HCU,5.9,2026-08-31T14:00:00
W-1167,HCU,2.7,2026-08-31T14:30:00
W-1167,HCU,2.1,2026-08-31T15:00:00
W-1167,HCU,2.6,2026-08-31T15:30:00
W-1170,DHDT,2.0,2026-08-31T16:00:00
W-1170,DHDT,1.0,2026-08-31T16:30:00
W-1170,DHDT,2.0,2026-08-31T17:00:00
W-1170,DHDT,1.1,2026-08-31T17:30:00
W-1170,DHDT,1.6,2026-08-31T18:00:00
W-1170,DHDT,1.3,2026-08-31T18:30:00
W-1170,DHDT,2.0,2026-08-31T19:00:00
W-1170,DHDT,2.1,2026-08-31T19:30:00
W-1170,DHDT,1.3,2026-08-31T20:00:00
W-1170,DHDT,2.3,2026-08-31T20:30:00
W-1170,DHDT,1.5,2026-08-31T21:00:00
W-1170,DHDT,0.8,2026-08-31T21:30:00
W-1170,DHDT,1.2,2026-08-31T22:00:00
W-1170,DHDT,1.1,2026-08-31T22:30:00
W-1170,DHDT,0.9,2026-08-31T23:00:00
W-1170,DHDT,2.1,2026-08-31T23:30:00
W-1173,CDU-III,1.8,2026-08-31T00:00:00
W-1173,CDU-III,0.8,2026-08-31T00:30:00
W-1173,CDU-III,1.5,2026-08-31T01:00:00
W-1173,CDU-III,0.8,2026-08-31T01:30:00
W-1173,CDU-III,1.7,2026-08-31T02:00:00
W-1173,CDU-III,1.7,2026-08-31T02:30:00
W-1173,CDU-III,2.8,2026-08-31T03:00:00
W-1173,CDU-III,2.4,2026-08-31T03:30:00
W-1173,CDU-III,1.1,2026-08-31T04:00:00
W-1173,CDU-III,0.7,2026-08-31T04:30:00
W-1173,CDU-III,1.6,2026-08-31T05:00:00
W-1173,CDU-III,0.9,2026-08-31T05:30:00
W-1173,CDU-III,1.3,2026-08-31T06:00:00
W-1173,CDU-III,1.2,2026-08-31T06:30:00
W-1173,CDU-III,1.8,2026-08-31T07:00:00
W-1173,CDU-III,0.9,2026-08-31T07:30:00
W-1176,ETP,2.7,2026-08-31T08:00:00
W-1176,ETP,5.7,2026-08-31T08:30:00
W-1176,ETP,2.9,2026-08-31T09:00:00
W-1176,ETP,1.1,2026-08-31T09:30:00
W-1176,ETP,0.7,2026-08-31T10:00:00
W-1176,ETP,1.1,2026-08-31T10:30:00
W-1176,ETP,0.7,2026-08-31T11:00:00
W-1176,ETP,0.5,2026-08-31T11:30:00
W-1176,ETP,1.0,2026-08-31T12:00:00
W-1176,ETP,0.7,2026-08-31T12:30:00
W-1176,ETP,1.4,2026-08-31T13:00:00
W-1176,ETP,1.0,2026-08-31T13:30:00
W-1176,ETP,0.6,2026-08-31T14:00:00
W-1176,ETP,1.3,2026-08-31T14:30:00
W-1176,ETP,1.0,2026-08-31T15:00:00
W-1176,ETP,1.3,2026-08-31T15:30:00
W-1179,TF,0.7,2026-08-31T16:00:00
W-1179,TF,0.7,2026-08-31T16:30:00
W-1179,TF,0.6,2026-08-31T17:00:00
W-1179,TF,0.4,2026-08-31T17:30:00
W-1179,TF,0.4,2026-08-31T18:00:00
W-1179,TF,0.5,2026-08-31T18:30:00
W-1179,TF,0.3,2026-08-31T19:00:00
W-1179,TF,0.5,2026-08-31T19:30:00
W-1179,TF,0.3,2026-08-31T20:00:00
W-1179,TF,0.5,2026-08-31T20:30:00
W-1179,TF,0.6,2026-08-31T21:00:00
W-1179,TF,0.5,2026-08-31T21:30:00
W-1179,TF,0.7,2026-08-31T22:00:00
W-1179,TF,0.6,2026-08-31T22:30:00
W-1179,TF,0.6,2026-08-31T23:00:00
W-1179,TF,0.5,2026-08-31T23:30:00
W-1185,ARU,2.5,2026-08-31T08:00:00
W-1185,ARU,4.5,2026-08-31T08:30:00
W-1185,ARU,2.2,2026-08-31T09:00:00
W-1185,ARU,3.2,2026-08-31T09:30:00
W-1185,ARU,4.4,2026-08-31T10:00:00
W-1185,ARU,4.0,2026-08-31T10:30:00
W-1185,ARU,11.9,2026-08-31T11:00:00
W-1185,ARU,3.0,2026-08-31T11:30:00
W-1185,ARU,3.4,2026-08-31T12:00:00
W-1185,ARU,5.1,2026-08-31T12:30:00
W-1185,ARU,3.2,2026-08-31T13:00:00
W-1185,ARU,3.5,2026-08-31T13:30:00
W-1185,ARU,4.5,2026-08-31T14:00:00
W-1185,ARU,4.4,2026-08-31T14:30:00
W-1185,ARU,2.8,2026-08-31T15:00:00
W-1185,ARU,4.3,2026-08-31T15:30:00
W-1188,SWS,16.6,2026-08-31T16:00:00
W-1188,SWS,2.3,2026-08-31T16:30:00
W-1188,SWS,2.7,2026-08-31T17:00:00
W-1188,SWS,4.7,2026-08-31T17:30:00
W-1188,SWS,4.4,2026-08-31T18:00:00
W-1188,SWS,5.2,2026-08-31T18:30:00
W-1188,SWS,13.9,2026-08-31T19:00:00
W-1188,SWS,15.3,2026-08-31T19:30:00
W-1188,SWS,5.1,2026-08-31T20:00:00
W-1188,SWS,5.6,2026-08-31T20:30:00
W-1188,SWS,5.9,2026-08-31T21:00:00
W-1188,SWS,2.6,2026-08-31T21:30:00
W-1188,SWS,4.5,2026-08-31T22:00:00
W-1188,SWS,2.6,2026-08-31T22:30:00
W-1188,SWS,9.2,2026-08-31T23:00:00
W-1188,SWS,10.6,2026-08-31T23:30:00
W-1191,DCU,1.4,2026-08-31T00:00:00
W-1191,DCU,7.6,2026-08-31T00:30:00
W-1191,DCU,5.8,2026-08-31T01:00:00
W-1191,DCU,4.2,2026-08-31T01:30:00
W-1191,DCU,3.0,2026-08-31T02:00:00
W-1191,DCU,6.8,2026-08-31T02:30:00
W-1191,DCU,3.9,2026-08-31T03:00:00
W-1191,DCU,5.8,2026-08-31T03:30:00
W-1191,DCU,7.9,2026-08-31T04:00:00
W-1191,DCU,1.7,2026-08-31T04:30:00
W-1191,DCU,3.1,2026-08-31T05:00:00
W-1191,DCU,2.3,2026-08-31T05:30:00
W-1191,DCU,4.7,2026-08-31T06:00:00
W-1191,DCU,2.3,2026-08-31T06:30:00
W-1191,DCU,3.6,2026-08-31T07:00:00
W-1191,DCU,2.6,2026-08-31T07:30:00
W-1194,HCU,2.6,2026-08-31T08:00:00
W-1194,HCU,1.1,2026-08-31T08:30:00
W-1194,HCU,1.9,2026-08-31T09:00:00
W-1194,HCU,2.1,2026-08-31T09:30:00
W-1194,HCU,1.4,2026-08-31T10:00:00
W-1194,HCU,2.1,2026-08-31T10:30:00
W-1194,HCU,1.4,2026-08-31T11:00:00
W-1194,HCU,1.8,2026-08-31T11:30:00
W-1194,HCU,1.4,2026-08-31T12:00:00
W-1194,HCU,2.1,2026-08-31T12:30:00
W-1194,HCU,2.7,2026-08-31T13:00:00
W-1194,HCU,1.7,2026-08-31T13:30:00
W-1194,HCU,1.5,2026-08-31T14:00:00
W-1194,HCU,2.3,2026-08-31T14:30:00
W-1194,HCU,2.0,2026-08-31T15:00:00
W-1194,HCU,2.5,2026-08-31T15:30:00
W-1197,DHDT,2.3,2026-08-31T16:00:00
W-1197,DHDT,1.9,2026-08-31T16:30:00
W-1197,DHDT,1.9,2026-08-31T17:00:00
W-1197,DHDT,1.2,2026-08-31T17:30:00
W-1197,DHDT,2.2,2026-08-31T18:00:00
W-1197,DHDT,2.2,2026-08-31T18:30:00
W-1197,DHDT,1.6,2026-08-31T19:00:00
W-1197,DHDT,4.3,2026-08-31T19:30:00
W-1197,DHDT,2.9,2026-08-31T20:00:00
W-1197,DHDT,1.4,2026-08-31T20:30:00
W-1197,DHDT,2.2,2026-08-31T21:00:00
W-1197,DHDT,2.1,2026-08-31T21:30:00
W-1197,DHDT,1.4,2026-08-31T22:00:00
W-1197,DHDT,1.6,2026-08-31T22:30:00
W-1197,DHDT,1.8,2026-08-31T23:00:00
W-1197,DHDT,2.2,2026-08-31T23:30:00
W-1200,CDU-III,1.8,2026-08-31T00:00:00
W-1200,CDU-III,1.6,2026-08-31T00:30:00
W-1200,CDU-III,1.2,2026-08-31T01:00:00
W-1200,CDU-III,1.4,2026-08-31T01:30:00
W-1200,CDU-III,1.8,2026-08-31T02:00:00
W-1200,CDU-III,1.6,2026-08-31T02:30:00
W-1200,CDU-III,0.7,2026-08-31T03:00:00
W-1200,CDU-III,1.5,2026-08-31T03:30:00
W-1200,CDU-III,1.6,2026-08-31T04:00:00
W-1200,CDU-III,1.5,2026-08-31T04:30:00
W-1200,CDU-III,1.5,2026-08-31T05:00:00
W-1200,CDU-III,0.7,2026-08-31T05:30:00
W-1200,CDU-III,1.6,2026-08-31T06:00:00
W-1200,CDU-III,1.2,2026-08-31T06:30:00
W-1200,CDU-III,0.9,2026-08-31T07:00:00
W-1200,CDU-III,0.9,2026-08-31T07:30:00
W-1203,ETP,0.8,2026-08-31T08:00:00
W-1203,ETP,1.2,2026-08-31T08:30:00
W-1203,ETP,0.6,2026-08-31T09:00:00
W-1203,ETP,0.6,2026-08-31T09:30:00
W-1203,ETP,1.3,2026-08-31T10:00:00
W-1203,ETP,1.0,2026-08-31T10:30:00
W-1203,ETP,1.3,2026-08-31T11:00:00
W-1203,ETP,1.4,2026-08-31T11:30:00
W-1203,ETP,0.9,2026-08-31T12:00:00
W-1203,ETP,1.3,2026-08-31T12:30:00
W-1203,ETP,1.3,2026-08-31T13:00:00
W-1203,ETP,0.7,2026-08-31T13:30:00
W-1203,ETP,1.3,2026-08-31T14:00:00
W-1203,ETP,0.6,2026-08-31T14:30:00
W-1203,ETP,1.3,2026-08-31T15:00:00
W-1203,ETP,1.2,2026-08-31T15:30:00
W-1206,TF,0.7,2026-08-31T16:00:00
W-1206,TF,0.4,2026-08-31T16:30:00
W-1206,TF,0.4,2026-08-31T17:00:00
W-1206,TF,0.6,2026-08-31T17:30:00
W-1206,TF,0.4,2026-08-31T18:00:00
W-1206,TF,0.6,2026-08-31T18:30:00
W-1206,TF,0.7,2026-08-31T19:00:00
W-1206,TF,0.6,2026-08-31T19:30:00
W-1206,TF,0.7,2026-08-31T20:00:00
W-1206,TF,0.6,2026-08-31T20:30:00
W-1206,TF,0.4,2026-08-31T21:00:00
W-1206,TF,0.4,2026-08-31T21:30:00
W-1206,TF,0.5,2026-08-31T22:00:00
W-1206,TF,0.5,2026-08-31T22:30:00
W-1206,TF,0.4,2026-08-31T23:00:00
W-1206,TF,0.4,2026-08-31T23:30:00
W-1212,ARU,3.1,2026-08-31T08:00:00
W-1212,ARU,4.3,2026-08-31T08:30:00
W-1212,ARU,2.2,2026-08-31T09:00:00
W-1212,ARU,4.7,2026-08-31T09:30:00
W-1212,ARU,2.5,2026-08-31T10:00:00
W-1212,ARU,3.8,2026-08-31T10:30:00
W-1212,ARU,3.4,2026-08-31T11:00:00
W-1212,ARU,5.1,2026-08-31T11:30:00
W-1212,ARU,2.3,2026-08-31T12:00:00
W-1212,ARU,3.2,2026-08-31T12:30:00
W-1212,ARU,4.1,2026-08-31T13:00:00
W-1212,ARU,3.8,2026-08-31T13:30:00
W-1212,ARU,5.1,2026-08-31T14:00:00
W-1212,ARU,5.3,2026-08-31T14:30:00
W-1212,ARU,2.6,2026-08-31T15:00:00
W-1212,ARU,4.4,2026-08-31T15:30:00
W-1215,SWS,4.6,2026-08-31T16:00:00
W-1215,SWS,5.9,2026-08-31T16:30:00
W-1215,SWS,4.8,2026-08-31T17:00:00
W-1215,SWS,2.4,2026-08-31T17:30:00
W-1215,SWS,13.6,2026-08-31T18:00:00
W-1215,SWS,8.5,2026-08-31T18:30:00
W-1215,SWS,9.6,2026-08-31T19:00:00
W-1215,SWS,15.6,2026-08-31T19:30:00
W-1215,SWS,3.2,2026-08-31T20:00:00
W-1215,SWS,4.7,2026-08-31T20:30:00
W-1215,SWS,5.9,2026-08-31T21:00:00
W-1215,SWS,5.8,2026-08-31T21:30:00
W-1215,SWS,3.5,2026-08-31T22:00:00
W-1215,SWS,4.2,2026-08-31T22:30:00
W-1215,SWS,10.2,2026-08-31T23:00:00
W-1215,SWS,11.8,2026-08-31T23:30:00
W-1218,DCU,1.6,2026-08-31T00:00:00
W-1218,DCU,2.8,2026-08-31T00:30:00
W-1218,DCU,1.7,2026-08-31T01:00:00
W-1218,DCU,1.7,2026-08-31T01:30:00
W-1218,DCU,7.0,2026-08-31T02:00:00
W-1218,DCU,7.8,2026-08-31T02:30:00
W-1218,DCU,10.7,2026-08-31T03:00:00
W-1218,DCU,3.4,2026-08-31T03:30:00
W-1218,DCU,3.4,2026-08-31T04:00:00
W-1218,DCU,2.2,2026-08-31T04:30:00
W-1218,DCU,5.9,2026-08-31T05:00:00
W-1218,DCU,5.0,2026-08-31T05:30:00
W-1218,DCU,6.0,2026-08-31T06:00:00
W-1218,DCU,3.2,2026-08-31T06:30:00
W-1218,DCU,2.4,2026-08-31T07:00:00
W-1218,DCU,2.5,2026-08-31T07:30:00
W-1224,DHDT,1.9,2026-08-31T16:00:00
W-1224,DHDT,1.9,2026-08-31T16:30:00
W-1224,DHDT,2.1,2026-08-31T17:00:00
W-1224,DHDT,1.7,2026-08-31T17:30:00
W-1224,DHDT,2.3,2026-08-31T18:00:00
W-1224,DHDT,1.0,2026-08-31T18:30:00
W-1224,DHDT,1.4,2026-08-31T19:00:00
W-1224,DHDT,1.7,2026-08-31T19:30:00
W-1224,DHDT,1.7,2026-08-31T20:00:00
W-1224,DHDT,0.9,2026-08-31T20:30:00
W-1224,DHDT,1.7,2026-08-31T21:00:00
W-1224,DHDT,1.0,2026-08-31T21:30:00
W-1224,DHDT,1.1,2026-08-31T22:00:00
W-1224,DHDT,1.7,2026-08-31T22:30:00
W-1224,DHDT,1.9,2026-08-31T23:00:00
W-1224,DHDT,1.5,2026-08-31T23:30:00
W-1227,CDU-III,1.0,2026-08-31T00:00:00
W-1227,CDU-III,1.1,2026-08-31T00:30:00
W-1227,CDU-III,1.2,2026-08-31T01:00:00
W-1227,CDU-III,1.6,2026-08-31T01:30:00
W-1227,CDU-III,2.9,2026-08-31T02:00:00
W-1227,CDU-III,3.8,2026-08-31T02:30:00
W-1227,CDU-III,1.6,2026-08-31T03:00:00
W-1227,CDU-III,0.9,2026-08-31T03:30:00
W-1227,CDU-III,1.4,2026-08-31T04:00:00
W-1227,CDU-III,0.9,2026-08-31T04:30:00
W-1227,CDU-III,1.3,2026-08-31T05:00:00
W-1227,CDU-III,0.8,2026-08-31T05:30:00
W-1227,CDU-III,1.8,2026-08-31T06:00:00
W-1227,CDU-III,0.8,2026-08-31T06:30:00
W-1227,CDU-III,1.6,2026-08-31T07:00:00
W-1227,CDU-III,1.6,2026-08-31T07:30:00
W-1230,ETP,0.5,2026-08-31T08:00:00
W-1230,ETP,1.0,2026-08-31T08:30:00
W-1230,ETP,0.7,2026-08-31T09:00:00
W-1230,ETP,1.3,2026-08-31T09:30:00
W-1230,ETP,1.1,2026-08-31T10:00:00
W-1230,ETP,0.8,2026-08-31T10:30:00
W-1230,ETP,0.9,2026-08-31T11:00:00
W-1230,ETP,1.2,2026-08-31T11:30:00
W-1230,ETP,1.4,2026-08-31T12:00:00
W-1230,ETP,1.1,2026-08-31T12:30:00
W-1230,ETP,1.1,2026-08-31T13:00:00
W-1230,ETP,0.7,2026-08-31T13:30:00
W-1230,ETP,0.5,2026-08-31T14:00:00
W-1230,ETP,0.8,2026-08-31T14:30:00
W-1230,ETP,0.8,2026-08-31T15:00:00
W-1230,ETP,0.9,2026-08-31T15:30:00
W-1233,TF,0.7,2026-08-31T16:00:00
W-1233,TF,0.4,2026-08-31T16:30:00
W-1233,TF,0.7,2026-08-31T17:00:00
W-1233,TF,0.7,2026-08-31T17:30:00
W-1233,TF,0.4,2026-08-31T18:00:00
W-1233,TF,0.3,2026-08-31T18:30:00
W-1233,TF,0.5,2026-08-31T19:00:00
W-1233,TF,0.5,2026-08-31T19:30:00
W-1233,TF,0.4,2026-08-31T20:00:00
W-1233,TF,0.7,2026-08-31T20:30:00
W-1233,TF,0.7,2026-08-31T21:00:00
W-1233,TF,0.6,2026-08-31T21:30:00
W-1233,TF,0.4,2026-08-31T22:00:00
W-1233,TF,0.5,2026-08-31T22:30:00
W-1233,TF,0.4,2026-08-31T23:00:00
W-1233,TF,0.6,2026-08-31T23:30:00
W-1104,ARU,8.0,2026-09-01T08:00:00
W-1104,ARU,16.9,2026-09-01T08:30:00
W-1104,ARU,2.6,2026-09-01T09:00:00
W-1104,ARU,5.5,2026-09-01T09:30:00
W-1104,ARU,2.3,2026-09-01T10:00:00
W-1104,ARU,3.6,2026-09-01T10:30:00
W-1104,ARU,4.8,2026-09-01T11:00:00
W-1104,ARU,2.4,2026-09-01T11:30:00
W-1104,ARU,2.3,2026-09-01T12:00:00
W-1104,ARU,5.8,2026-09-01T12:30:00
W-1104,ARU,2.4,2026-09-01T13:00:00
W-1104,ARU,4.7,2026-09-01T13:30:00
W-1104,ARU,3.8,2026-09-01T14:00:00
W-1104,ARU,5.2,2026-09-01T14:30:00
W-1104,ARU,4.4,2026-09-01T15:00:00
W-1104,ARU,3.8,2026-09-01T15:30:00
W-1110,DCU,3.4,2026-09-01T00:00:00
W-1110,DCU,1.8,2026-09-01T00:30:00
W-1110,DCU,2.2,2026-09-01T01:00:00
W-1110,DCU,2.7,2026-09-01T01:30:00
W-1110,DCU,2.5,2026-09-01T02:00:00
W-1110,DCU,2.3,2026-09-01T02:30:00
W-1110,DCU,3.2,2026-09-01T03:00:00
W-1110,DCU,3.4,2026-09-01T03:30:00
W-1110,DCU,2.1,2026-09-01T04:00:00
W-1110,DCU,2.4,2026-09-01T04:30:00
W-1110,DCU,3.1,2026-09-01T05:00:00
W-1110,DCU,4.2,2026-09-01T05:30:00
W-1110,DCU,8.8,2026-09-01T06:00:00
W-1110,DCU,2.1,2026-09-01T06:30:00
W-1110,DCU,3.9,2026-09-01T07:00:00
W-1110,DCU,2.9,2026-09-01T07:30:00
W-1113,HCU,2.1,2026-09-01T08:00:00
W-1113,HCU,2.2,2026-09-01T08:30:00
W-1113,HCU,2.3,2026-09-01T09:00:00
W-1113,HCU,2.0,2026-09-01T09:30:00
W-1113,HCU,1.9,2026-09-01T10:00:00
W-1113,HCU,2.3,2026-09-01T10:30:00
W-1113,HCU,2.0,2026-09-01T11:00:00
W-1113,HCU,2.5,2026-09-01T11:30:00
W-1113,HCU,1.2,2026-09-01T12:00:00
W-1113,HCU,2.7,2026-09-01T12:30:00
W-1113,HCU,1.2,2026-09-01T13:00:00
W-1113,HCU,2.3,2026-09-01T13:30:00
W-1113,HCU,2.8,2026-09-01T14:00:00
W-1113,HCU,2.6,2026-09-01T14:30:00
W-1113,HCU,2.3,2026-09-01T15:00:00
W-1113,HCU,2.8,2026-09-01T15:30:00
W-1116,DHDT,2.4,2026-09-01T16:00:00
W-1116,DHDT,2.0,2026-09-01T16:30:00
W-1116,DHDT,1.1,2026-09-01T17:00:00
W-1116,DHDT,1.2,2026-09-01T17:30:00
W-1116,DHDT,1.1,2026-09-01T18:00:00
W-1116,DHDT,1.5,2026-09-01T18:30:00
W-1116,DHDT,1.9,2026-09-01T19:00:00
W-1116,DHDT,1.9,2026-09-01T19:30:00
W-1116,DHDT,1.8,2026-09-01T20:00:00
W-1116,DHDT,2.4,2026-09-01T20:30:00
W-1116,DHDT,2.4,2026-09-01T21:00:00
W-1116,DHDT,1.2,2026-09-01T21:30:00
W-1116,DHDT,2.4,2026-09-01T22:00:00
W-1116,DHDT,2.1,2026-09-01T22:30:00
W-1116,DHDT,1.5,2026-09-01T23:00:00
W-1116,DHDT,1.4,2026-09-01T23:30:00
W-1119,CDU-III,1.8,2026-09-01T00:00:00
W-1119,CDU-III,1.5,2026-09-01T00:30:00
W-1119,CDU-III,1.6,2026-09-01T01:00:00
W-1119,CDU-III,1.3,2026-09-01T01:30:00
W-1119,CDU-III,4.2,2026-09-01T02:00:00
W-1119,CDU-III,2.5,2026-09-01T02:30:00
W-1119,CDU-III,4.8,2026-09-01T03:00:00
W-1119,CDU-III,1.5,2026-09-01T03:30:00
W-1119,CDU-III,1.4,2026-09-01T04:00:00
W-1119,CDU-III,1.2,2026-09-01T04:30:00
W-1119,CDU-III,1.2,2026-09-01T05:00:00
W-1119,CDU-III,1.9,2026-09-01T05:30:00
W-1119,CDU-III,1.9,2026-09-01T06:00:00
W-1119,CDU-III,1.0,2026-09-01T06:30:00
W-1119,CDU-III,1.8,2026-09-01T07:00:00
W-1119,CDU-III,1.9,2026-09-01T07:30:00
W-1122,ETP,4.0,2026-09-01T08:00:00
W-1122,ETP,1.0,2026-09-01T08:30:00
W-1122,ETP,0.9,2026-09-01T09:00:00
W-1122,ETP,0.7,2026-09-01T09:30:00
W-1122,ETP,0.9,2026-09-01T10:00:00
W-1122,ETP,4.6,2026-09-01T10:30:00
W-1122,ETP,4.9,2026-09-01T11:00:00
W-1122,ETP,0.8,2026-09-01T11:30:00
W-1122,ETP,1.0,2026-09-01T12:00:00
W-1122,ETP,1.2,2026-09-01T12:30:00
W-1122,ETP,2.5,2026-09-01T13:00:00
W-1122,ETP,1.2,2026-09-01T13:30:00
W-1122,ETP,1.4,2026-09-01T14:00:00
W-1122,ETP,1.0,2026-09-01T14:30:00
W-1122,ETP,0.6,2026-09-01T15:00:00
W-1122,ETP,1.2,2026-09-01T15:30:00
W-1125,TF,0.8,2026-09-01T16:00:00
W-1125,TF,0.6,2026-09-01T16:30:00
W-1125,TF,0.7,2026-09-01T17:00:00
W-1125,TF,0.6,2026-09-01T17:30:00
W-1125,TF,0.4,2026-09-01T18:00:00
W-1125,TF,0.8,2026-09-01T18:30:00
W-1125,TF,0.8,2026-09-01T19:00:00
W-1125,TF,0.8,2026-09-01T19:30:00
W-1125,TF,0.4,2026-09-01T20:00:00
W-1125,TF,0.7,2026-09-01T20:30:00
W-1125,TF,0.5,2026-09-01T21:00:00
W-1125,TF,0.6,2026-09-01T21:30:00
W-1125,TF,0.3,2026-09-01T22:00:00
W-1125,TF,0.4,2026-09-01T22:30:00
W-1125,TF,0.5,2026-09-01T23:00:00
W-1125,TF,0.6,2026-09-01T23:30:00
W-1128,SRU,6.1,2026-09-01T00:00:00
W-1128,SRU,4.4,2026-09-01T00:30:00
W-1128,SRU,10.8,2026-09-01T01:00:00
W-1128,SRU,6.2,2026-09-01T01:30:00
W-1128,SRU,6.3,2026-09-01T02:00:00
W-1128,SRU,8.6,2026-09-01T02:30:00
W-1128,SRU,12.8,2026-09-01T03:00:00
W-1128,SRU,11.1,2026-09-01T03:30:00
W-1128,SRU,17.9,2026-09-01T04:00:00
W-1128,SRU,15.8,2026-09-01T04:30:00
W-1128,SRU,8.5,2026-09-01T05:00:00
W-1128,SRU,5.2,2026-09-01T05:30:00
W-1128,SRU,5.0,2026-09-01T06:00:00
W-1128,SRU,7.0,2026-09-01T06:30:00
W-1128,SRU,4.0,2026-09-01T07:00:00
W-1128,SRU,6.8,2026-09-01T07:30:00
W-1131,ARU,4.5,2026-09-01T08:00:00
W-1131,ARU,5.7,2026-09-01T08:30:00
W-1131,ARU,8.2,2026-09-01T09:00:00
W-1131,ARU,11.5,2026-09-01T09:30:00
W-1131,ARU,5.3,2026-09-01T10:00:00
W-1131,ARU,3.1,2026-09-01T10:30:00
W-1131,ARU,5.8,2026-09-01T11:00:00
W-1131,ARU,5.9,2026-09-01T11:30:00
W-1131,ARU,5.7,2026-09-01T12:00:00
W-1131,ARU,3.6,2026-09-01T12:30:00
W-1131,ARU,6.1,2026-09-01T13:00:00
W-1131,ARU,13.6,2026-09-01T13:30:00
W-1131,ARU,15.4,2026-09-01T14:00:00
W-1131,ARU,15.1,2026-09-01T14:30:00
W-1131,ARU,3.6,2026-09-01T15:00:00
W-1131,ARU,11.2,2026-09-01T15:30:00
W-1134,SWS,4.2,2026-09-01T16:00:00
W-1134,SWS,4.9,2026-09-01T16:30:00
W-1134,SWS,4.7,2026-09-01T17:00:00
W-1134,SWS,5.0,2026-09-01T17:30:00
W-1134,SWS,4.8,2026-09-01T18:00:00
W-1134,SWS,3.6,2026-09-01T18:30:00
W-1134,SWS,3.6,2026-09-01T19:00:00
W-1134,SWS,5.5,2026-09-01T19:30:00
W-1134,SWS,3.7,2026-09-01T20:00:00
W-1134,SWS,6.2,2026-09-01T20:30:00
W-1134,SWS,3.1,2026-09-01T21:00:00
W-1134,SWS,2.8,2026-09-01T21:30:00
W-1134,SWS,3.6,2026-09-01T22:00:00
W-1134,SWS,3.9,2026-09-01T22:30:00
W-1134,SWS,2.5,2026-09-01T23:00:00
W-1134,SWS,4.5,2026-09-01T23:30:00
W-1140,HCU,5.5,2026-09-01T08:00:00
W-1140,HCU,1.4,2026-09-01T08:30:00
W-1140,HCU,2.3,2026-09-01T09:00:00
W-1140,HCU,1.6,2026-09-01T09:30:00
W-1140,HCU,2.8,2026-09-01T10:00:00
W-1140,HCU,5.3,2026-09-01T10:30:00
W-1140,HCU,7.8,2026-09-01T11:00:00
W-1140,HCU,1.2,2026-09-01T11:30:00
W-1140,HCU,2.8,2026-09-01T12:00:00
W-1140,HCU,1.4,2026-09-01T12:30:00
W-1140,HCU,2.7,2026-09-01T13:00:00
W-1140,HCU,1.2,2026-09-01T13:30:00
W-1140,HCU,2.5,2026-09-01T14:00:00
W-1140,HCU,2.0,2026-09-01T14:30:00
W-1140,HCU,2.7,2026-09-01T15:00:00
W-1140,HCU,2.5,2026-09-01T15:30:00
W-1143,DHDT,1.9,2026-09-01T16:00:00
W-1143,DHDT,1.0,2026-09-01T16:30:00
W-1143,DHDT,2.3,2026-09-01T17:00:00
W-1143,DHDT,1.2,2026-09-01T17:30:00
W-1143,DHDT,2.2,2026-09-01T18:00:00
W-1143,DHDT,1.6,2026-09-01T18:30:00
W-1143,DHDT,1.0,2026-09-01T19:00:00
W-1143,DHDT,1.5,2026-09-01T19:30:00
W-1143,DHDT,1.5,2026-09-01T20:00:00
W-1143,DHDT,2.0,2026-09-01T20:30:00
W-1143,DHDT,1.3,2026-09-01T21:00:00
W-1143,DHDT,1.0,2026-09-01T21:30:00
W-1143,DHDT,2.1,2026-09-01T22:00:00
W-1143,DHDT,2.3,2026-09-01T22:30:00
W-1143,DHDT,1.5,2026-09-01T23:00:00
W-1143,DHDT,2.3,2026-09-01T23:30:00
W-1146,CDU-III,0.8,2026-09-01T00:00:00
W-1146,CDU-III,1.5,2026-09-01T00:30:00
W-1146,CDU-III,1.4,2026-09-01T01:00:00
W-1146,CDU-III,1.4,2026-09-01T01:30:00
W-1146,CDU-III,1.7,2026-09-01T02:00:00
W-1146,CDU-III,1.0,2026-09-01T02:30:00
W-1146,CDU-III,1.3,2026-09-01T03:00:00
W-1146,CDU-III,1.4,2026-09-01T03:30:00
W-1146,CDU-III,0.9,2026-09-01T04:00:00
W-1146,CDU-III,1.9,2026-09-01T04:30:00
W-1146,CDU-III,3.3,2026-09-01T05:00:00
W-1146,CDU-III,2.3,2026-09-01T05:30:00
W-1146,CDU-III,1.5,2026-09-01T06:00:00
W-1146,CDU-III,0.9,2026-09-01T06:30:00
W-1146,CDU-III,2.0,2026-09-01T07:00:00
W-1146,CDU-III,1.8,2026-09-01T07:30:00
W-1149,ETP,1.0,2026-09-01T08:00:00
W-1149,ETP,0.7,2026-09-01T08:30:00
W-1149,ETP,2.7,2026-09-01T09:00:00
W-1149,ETP,4.9,2026-09-01T09:30:00
W-1149,ETP,0.9,2026-09-01T10:00:00
W-1149,ETP,0.9,2026-09-01T10:30:00
W-1149,ETP,1.0,2026-09-01T11:00:00
W-1149,ETP,1.3,2026-09-01T11:30:00
W-1149,ETP,0.9,2026-09-01T12:00:00
W-1149,ETP,1.1,2026-09-01T12:30:00
W-1149,ETP,1.5,2026-09-01T13:00:00
W-1149,ETP,1.0,2026-09-01T13:30:00
W-1149,ETP,0.7,2026-09-01T14:00:00
W-1149,ETP,1.0,2026-09-01T14:30:00
W-1149,ETP,1.1,2026-09-01T15:00:00
W-1149,ETP,0.6,2026-09-01T15:30:00
W-1152,TF,0.5,2026-09-01T16:00:00
W-1152,TF,0.7,2026-09-01T16:30:00
W-1152,TF,0.5,2026-09-01T17:00:00
W-1152,TF,0.8,2026-09-01T17:30:00
W-1152,TF,0.5,2026-09-01T18:00:00
W-1152,TF,0.6,2026-09-01T18:30:00
W-1152,TF,0.4,2026-09-01T19:00:00
W-1152,TF,2.1,2026-09-01T19:30:00
W-1152,TF,2.1,2026-09-01T20:00:00
W-1152,TF,0.6,2026-09-01T20:30:00
W-1152,TF,0.7,2026-09-01T21:00:00
W-1152,TF,0.8,2026-09-01T21:30:00
W-1152,TF,0.5,2026-09-01T22:00:00
W-1152,TF,0.3,2026-09-01T22:30:00
W-1152,TF,0.8,2026-09-01T23:00:00
W-1152,TF,0.7,2026-09-01T23:30:00
W-1155,SRU,4.6,2026-09-01T00:00:00
W-1155,SRU,3.7,2026-09-01T00:30:00
W-1155,SRU,3.5,2026-09-01T01:00:00
W-1155,SRU,2.8,2026-09-01T01:30:00
W-1155,SRU,6.4,2026-09-01T02:00:00
W-1155,SRU,4.4,2026-09-01T02:30:00
W-1155,SRU,5.1,2026-09-01T03:00:00
W-1155,SRU,3.0,2026-09-01T03:30:00
W-1155,SRU,6.9,2026-09-01T04:00:00
W-1155,SRU,5.5,2026-09-01T04:30:00
W-1155,SRU,3.4,2026-09-01T05:00:00
W-1155,SRU,6.8,2026-09-01T05:30:00
W-1155,SRU,19.3,2026-09-01T06:00:00
W-1155,SRU,3.3,2026-09-01T06:30:00
W-1155,SRU,7.0,2026-09-01T07:00:00
W-1155,SRU,2.9,2026-09-01T07:30:00
W-1158,ARU,4.0,2026-09-01T08:00:00
W-1158,ARU,14.1,2026-09-01T08:30:00
W-1158,ARU,13.7,2026-09-01T09:00:00
W-1158,ARU,4.3,2026-09-01T09:30:00
W-1158,ARU,2.4,2026-09-01T10:00:00
W-1158,ARU,4.0,2026-09-01T10:30:00
W-1158,ARU,5.0,2026-09-01T11:00:00
W-1158,ARU,4.9,2026-09-01T11:30:00
W-1158,ARU,3.0,2026-09-01T12:00:00
W-1158,ARU,4.0,2026-09-01T12:30:00
W-1158,ARU,4.1,2026-09-01T13:00:00
W-1158,ARU,6.0,2026-09-01T13:30:00
W-1158,ARU,5.2,2026-09-01T14:00:00
W-1158,ARU,6.0,2026-09-01T14:30:00
W-1158,ARU,3.6,2026-09-01T15:00:00
W-1158,ARU,5.1,2026-09-01T15:30:00
W-1164,DCU,2.0,2026-09-01T00:00:00
W-1164,DCU,1.9,2026-09-01T00:30:00
W-1164,DCU,10.9,2026-09-01T01:00:00
W-1164,DCU,3.7,2026-09-01T01:30:00
W-1164,DCU,2.7,2026-09-01T02:00:00
W-1164,DCU,1.8,2026-09-01T02:30:00
W-1164,DCU,5.3,2026-09-01T03:00:00
W-1164,DCU,1.9,2026-09-01T03:30:00
W-1164,DCU,3.8,2026-09-01T04:00:00
W-1164,DCU,3.6,2026-09-01T04:30:00
W-1164,DCU,3.3,2026-09-01T05:00:00
W-1164,DCU,2.2,2026-09-01T05:30:00
W-1164,DCU,2.6,2026-09-01T06:00:00
W-1164,DCU,3.5,2026-09-01T06:30:00
W-1164,DCU,3.8,2026-09-01T07:00:00
W-1164,DCU,2.2,2026-09-01T07:30:00
W-1167,HCU,2.6,2026-09-01T08:00:00
W-1167,HCU,2.9,2026-09-01T08:30:00
W-1167,HCU,2.3,2026-09-01T09:00:00
W-1167,HCU,1.8,2026-09-01T09:30:00
W-1167,HCU,2.3,2026-09-01T10:00:00
W-1167,HCU,1.8,2026-09-01T10:30:00
W-1167,HCU,1.2,2026-09-01T11:00:00
W-1167,HCU,1.9,2026-09-01T11:30:00
W-1167,HCU,2.8,2026-09-01T12:00:00
W-1167,HCU,3.0,2026-09-01T12:30:00
W-1167,HCU,2.7,2026-09-01T13:00:00
W-1167,HCU,1.7,2026-09-01T13:30:00
W-1167,HCU,2.1,2026-09-01T14:00:00
W-1167,HCU,1.2,2026-09-01T14:30:00
W-1167,HCU,2.8,2026-09-01T15:00:00
W-1167,HCU,1.9,2026-09-01T15:30:00
W-1170,DHDT,1.7,2026-09-01T16:00:00
W-1170,DHDT,1.0,2026-09-01T16:30:00
W-1170,DHDT,1.2,2026-09-01T17:00:00
W-1170,DHDT,1.1,2026-09-01T17:30:00
W-1170,DHDT,2.2,2026-09-01T18:00:00
W-1170,DHDT,1.5,2026-09-01T18:30:00
W-1170,DHDT,2.3,2026-09-01T19:00:00
W-1170,DHDT,1.9,2026-09-01T19:30:00
W-1170,DHDT,2.5,2026-09-01T20:00:00
W-1170,DHDT,2.1,2026-09-01T20:30:00
W-1170,DHDT,1.4,2026-09-01T21:00:00
W-1170,DHDT,1.2,2026-09-01T21:30:00
W-1170,DHDT,1.0,2026-09-01T22:00:00
W-1170,DHDT,1.9,2026-09-01T22:30:00
W-1170,DHDT,2.0,2026-09-01T23:00:00
W-1170,DHDT,2.4,2026-09-01T23:30:00
W-1173,CDU-III,1.7,2026-09-01T00:00:00
W-1173,CDU-III,1.5,2026-09-01T00:30:00
W-1173,CDU-III,1.5,2026-09-01T01:00:00
W-1173,CDU-III,1.8,2026-09-01T01:30:00
W-1173,CDU-III,1.0,2026-09-01T02:00:00
W-1173,CDU-III,1.8,2026-09-01T02:30:00
W-1173,CDU-III,1.9,2026-09-01T03:00:00
W-1173,CDU-III,2.0,2026-09-01T03:30:00
W-1173,CDU-III,1.9,2026-09-01T04:00:00
W-1173,CDU-III,0.9,2026-09-01T04:30:00
W-1173,CDU-III,1.6,2026-09-01T05:00:00
W-1173,CDU-III,1.8,2026-09-01T05:30:00
W-1173,CDU-III,1.5,2026-09-01T06:00:00
W-1173,CDU-III,1.1,2026-09-01T06:30:00
W-1173,CDU-III,1.9,2026-09-01T07:00:00
W-1173,CDU-III,1.8,2026-09-01T07:30:00
W-1176,ETP,1.1,2026-09-01T08:00:00
W-1176,ETP,1.3,2026-09-01T08:30:00
W-1176,ETP,0.7,2026-09-01T09:00:00
W-1176,ETP,1.4,2026-09-01T09:30:00
W-1176,ETP,0.9,2026-09-01T10:00:00
W-1176,ETP,0.8,2026-09-01T10:30:00
W-1176,ETP,1.5,2026-09-01T11:00:00
W-1176,ETP,0.9,2026-09-01T11:30:00
W-1176,ETP,1.5,2026-09-01T12:00:00
W-1176,ETP,1.3,2026-09-01T12:30:00
W-1176,ETP,1.4,2026-09-01T13:00:00
W-1176,ETP,1.3,2026-09-01T13:30:00
W-1176,ETP,1.5,2026-09-01T14:00:00
W-1176,ETP,0.6,2026-09-01T14:30:00
W-1176,ETP,1.4,2026-09-01T15:00:00
W-1176,ETP,1.2,2026-09-01T15:30:00
W-1179,TF,0.7,2026-09-01T16:00:00
W-1179,TF,0.7,2026-09-01T16:30:00
W-1179,TF,0.8,2026-09-01T17:00:00
W-1179,TF,0.6,2026-09-01T17:30:00
W-1179,TF,0.6,2026-09-01T18:00:00
W-1179,TF,0.7,2026-09-01T18:30:00
W-1179,TF,0.4,2026-09-01T19:00:00
W-1179,TF,0.5,2026-09-01T19:30:00
W-1179,TF,0.8,2026-09-01T20:00:00
W-1179,TF,0.7,2026-09-01T20:30:00
W-1179,TF,1.5,2026-09-01T21:00:00
W-1179,TF,0.4,2026-09-01T21:30:00
W-1179,TF,0.7,2026-09-01T22:00:00
W-1179,TF,0.8,2026-09-01T22:30:00
W-1179,TF,0.7,2026-09-01T23:00:00
W-1179,TF,0.4,2026-09-01T23:30:00
W-1182,SRU,3.0,2026-09-01T00:00:00
W-1182,SRU,8.9,2026-09-01T00:30:00
W-1182,SRU,18.3,2026-09-01T01:00:00
W-1182,SRU,11.3,2026-09-01T01:30:00
W-1182,SRU,4.9,2026-09-01T02:00:00
W-1182,SRU,5.0,2026-09-01T02:30:00
W-1182,SRU,7.1,2026-09-01T03:00:00
W-1182,SRU,3.2,2026-09-01T03:30:00
W-1182,SRU,2.6,2026-09-01T04:00:00
W-1182,SRU,4.7,2026-09-01T04:30:00
W-1182,SRU,5.0,2026-09-01T05:00:00
W-1182,SRU,7.0,2026-09-01T05:30:00
W-1182,SRU,4.0,2026-09-01T06:00:00
W-1182,SRU,3.6,2026-09-01T06:30:00
W-1182,SRU,5.6,2026-09-01T07:00:00
W-1182,SRU,4.1,2026-09-01T07:30:00
W-1185,ARU,5.1,2026-09-01T08:00:00
W-1185,ARU,4.5,2026-09-01T08:30:00
W-1185,ARU,3.5,2026-09-01T09:00:00
W-1185,ARU,3.5,2026-09-01T09:30:00
W-1185,ARU,5.6,2026-09-01T10:00:00
W-1185,ARU,3.8,2026-09-01T10:30:00
W-1185,ARU,5.4,2026-09-01T11:00:00
W-1185,ARU,4.4,2026-09-01T11:30:00
W-1185,ARU,6.1,2026-09-01T12:00:00
W-1185,ARU,4.5,2026-09-01T12:30:00
W-1185,ARU,3.1,2026-09-01T13:00:00
W-1185,ARU,2.7,2026-09-01T13:30:00
W-1185,ARU,5.4,2026-09-01T14:00:00
W-1185,ARU,5.3,2026-09-01T14:30:00
W-1185,ARU,4.1,2026-09-01T15:00:00
W-1185,ARU,2.4,2026-09-01T15:30:00
W-1188,SWS,2.9,2026-09-01T16:00:00
W-1188,SWS,5.4,2026-09-01T16:30:00
W-1188,SWS,3.6,2026-09-01T17:00:00
W-1188,SWS,6.5,2026-09-01T17:30:00
W-1188,SWS,5.4,2026-09-01T18:00:00
W-1188,SWS,2.9,2026-09-01T18:30:00
W-1188,SWS,5.2,2026-09-01T19:00:00
W-1188,SWS,6.5,2026-09-01T19:30:00
W-1188,SWS,2.8,2026-09-01T20:00:00
W-1188,SWS,3.7,2026-09-01T20:30:00
W-1188,SWS,3.3,2026-09-01T21:00:00
W-1188,SWS,6.5,2026-09-01T21:30:00
W-1188,SWS,4.6,2026-09-01T22:00:00
W-1188,SWS,4.7,2026-09-01T22:30:00
W-1188,SWS,21.9,2026-09-01T23:00:00
W-1188,SWS,21.4,2026-09-01T23:30:00
W-1191,DCU,1.8,2026-09-01T00:00:00
W-1191,DCU,2.0,2026-09-01T00:30:00
W-1191,DCU,2.4,2026-09-01T01:00:00
W-1191,DCU,2.7,2026-09-01T01:30:00
W-1191,DCU,1.6,2026-09-01T02:00:00
W-1191,DCU,1.7,2026-09-01T02:30:00
W-1191,DCU,2.3,2026-09-01T03:00:00
W-1191,DCU,3.4,2026-09-01T03:30:00
W-1191,DCU,3.7,2026-09-01T04:00:00
W-1191,DCU,2.1,2026-09-01T04:30:00
W-1191,DCU,3.4,2026-09-01T05:00:00
W-1191,DCU,2.1,2026-09-01T05:30:00
W-1191,DCU,2.6,2026-09-01T06:00:00
W-1191,DCU,4.0,2026-09-01T06:30:00
W-1191,DCU,3.4,2026-09-01T07:00:00
W-1191,DCU,3.5,2026-09-01T07:30:00
W-1194,HCU,2.3,2026-09-01T08:00:00
W-1194,HCU,1.8,2026-09-01T08:30:00
W-1194,HCU,1.5,2026-09-01T09:00:00
W-1194,HCU,1.6,2026-09-01T09:30:00
W-1194,HCU,2.5,2026-09-01T10:00:00
W-1194,HCU,2.5,2026-09-01T10:30:00
W-1194,HCU,1.7,2026-09-01T11:00:00
W-1194,HCU,1.8,2026-09-01T11:30:00
W-1194,HCU,1.8,2026-09-01T12:00:00
W-1194,HCU,2.7,2026-09-01T12:30:00
W-1194,HCU,2.3,2026-09-01T13:00:00
W-1194,HCU,2.6,2026-09-01T13:30:00
W-1194,HCU,2.8,2026-09-01T14:00:00
W-1194,HCU,2.9,2026-09-01T14:30:00
W-1194,HCU,2.8,2026-09-01T15:00:00
W-1194,HCU,2.7,2026-09-01T15:30:00
W-1197,DHDT,1.7,2026-09-01T16:00:00
W-1197,DHDT,1.9,2026-09-01T16:30:00
W-1197,DHDT,1.0,2026-09-01T17:00:00
W-1197,DHDT,1.0,2026-09-01T17:30:00
W-1197,DHDT,1.1,2026-09-01T18:00:00
W-1197,DHDT,1.1,2026-09-01T18:30:00
W-1197,DHDT,1.4,2026-09-01T19:00:00
W-1197,DHDT,1.4,2026-09-01T19:30:00
W-1197,DHDT,1.5,2026-09-01T20:00:00
W-1197,DHDT,2.5,2026-09-01T20:30:00
W-1197,DHDT,1.6,2026-09-01T21:00:00
W-1197,DHDT,1.4,2026-09-01T21:30:00
W-1197,DHDT,2.2,2026-09-01T22:00:00
W-1197,DHDT,2.3,2026-09-01T22:30:00
W-1197,DHDT,2.5,2026-09-01T23:00:00
W-1197,DHDT,1.5,2026-09-01T23:30:00
W-1200,CDU-III,0.9,2026-09-01T00:00:00
W-1200,CDU-III,1.1,2026-09-01T00:30:00
W-1200,CDU-III,1.8,2026-09-01T01:00:00
W-1200,CDU-III,2.0,2026-09-01T01:30:00
W-1200,CDU-III,1.5,2026-09-01T02:00:00
W-1200,CDU-III,1.6,2026-09-01T02:30:00
W-1200,CDU-III,0.8,2026-09-01T03:00:00
W-1200,CDU-III,1.0,2026-09-01T03:30:00
W-1200,CDU-III,0.9,2026-09-01T04:00:00
W-1200,CDU-III,1.3,2026-09-01T04:30:00
W-1200,CDU-III,1.7,2026-09-01T05:00:00
W-1200,CDU-III,1.3,2026-09-01T05:30:00
W-1200,CDU-III,1.9,2026-09-01T06:00:00
W-1200,CDU-III,1.6,2026-09-01T06:30:00
W-1200,CDU-III,1.6,2026-09-01T07:00:00
W-1200,CDU-III,1.9,2026-09-01T07:30:00
W-1203,ETP,0.7,2026-09-01T08:00:00
W-1203,ETP,0.9,2026-09-01T08:30:00
W-1203,ETP,1.4,2026-09-01T09:00:00
W-1203,ETP,0.9,2026-09-01T09:30:00
W-1203,ETP,0.9,2026-09-01T10:00:00
W-1203,ETP,1.4,2026-09-01T10:30:00
W-1203,ETP,0.9,2026-09-01T11:00:00
W-1203,ETP,1.1,2026-09-01T11:30:00
W-1203,ETP,0.7,2026-09-01T12:00:00
W-1203,ETP,0.8,2026-09-01T12:30:00
W-1203,ETP,0.8,2026-09-01T13:00:00
W-1203,ETP,1.2,2026-09-01T13:30:00
W-1203,ETP,0.9,2026-09-01T14:00:00
W-1203,ETP,1.4,2026-09-01T14:30:00
W-1203,ETP,0.7,2026-09-01T15:00:00
W-1203,ETP,1.2,2026-09-01T15:30:00
W-1209,SRU,3.5,2026-09-01T00:00:00
W-1209,SRU,6.2,2026-09-01T00:30:00
W-1209,SRU,5.9,2026-09-01T01:00:00
W-1209,SRU,6.6,2026-09-01T01:30:00
W-1209,SRU,3.6,2026-09-01T02:00:00
W-1209,SRU,11.5,2026-09-01T02:30:00
W-1209,SRU,15.1,2026-09-01T03:00:00
W-1209,SRU,9.2,2026-09-01T03:30:00
W-1209,SRU,21.1,2026-09-01T04:00:00
W-1209,SRU,7.8,2026-09-01T04:30:00
W-1209,SRU,4.9,2026-09-01T05:00:00
W-1209,SRU,6.2,2026-09-01T05:30:00
W-1209,SRU,6.6,2026-09-01T06:00:00
W-1209,SRU,4.7,2026-09-01T06:30:00
W-1209,SRU,3.2,2026-09-01T07:00:00
W-1209,SRU,5.5,2026-09-01T07:30:00
W-1212,ARU,15.7,2026-09-01T08:00:00
W-1212,ARU,10.8,2026-09-01T08:30:00
W-1212,ARU,5.2,2026-09-01T09:00:00
W-1212,ARU,6.0,2026-09-01T09:30:00
W-1212,ARU,14.0,2026-09-01T10:00:00
W-1212,ARU,2.3,2026-09-01T10:30:00
W-1212,ARU,4.9,2026-09-01T11:00:00
W-1212,ARU,5.3,2026-09-01T11:30:00
W-1212,ARU,5.2,2026-09-01T12:00:00
W-1212,ARU,5.3,2026-09-01T12:30:00
W-1212,ARU,2.7,2026-09-01T13:00:00
W-1212,ARU,3.2,2026-09-01T13:30:00
W-1212,ARU,3.6,2026-09-01T14:00:00
W-1212,ARU,4.7,2026-09-01T14:30:00
W-1212,ARU,5.4,2026-09-01T15:00:00
W-1212,ARU,4.2,2026-09-01T15:30:00
W-1215,SWS,3.4,2026-09-01T16:00:00
W-1215,SWS,3.5,2026-09-01T16:30:00
W-1215,SWS,2.5,2026-09-01T17:00:00
W-1215,SWS,5.8,2026-09-01T17:30:00
W-1215,SWS,6.5,2026-09-01T18:00:00
W-1215,SWS,3.7,2026-09-01T18:30:00
W-1215,SWS,2.5,2026-09-01T19:00:00
W-1215,SWS,4.6,2026-09-01T19:30:00
W-1215,SWS,4.8,2026-09-01T20:00:00
W-1215,SWS,6.2,2026-09-01T20:30:00
W-1215,SWS,6.5,2026-09-01T21:00:00
W-1215,SWS,4.1,2026-09-01T21:30:00
W-1215,SWS,5.6,2026-09-01T22:00:00
W-1215,SWS,4.3,2026-09-01T22:30:00
W-1215,SWS,2.6,2026-09-01T23:00:00
W-1215,SWS,6.3,2026-09-01T23:30:00
W-1218,DCU,3.5,2026-09-01T00:00:00
W-1218,DCU,3.2,2026-09-01T00:30:00
W-1218,DCU,1.7,2026-09-01T01:00:00
W-1218,DCU,3.3,2026-09-01T01:30:00
W-1218,DCU,1.7,2026-09-01T02:00:00
W-1218,DCU,4.0,2026-09-01T02:30:00
W-1218,DCU,3.3,2026-09-01T03:00:00
W-1218,DCU,2.7,2026-09-01T03:30:00
W-1218,DCU,10.5,2026-09-01T04:00:00
W-1218,DCU,3.3,2026-09-01T04:30:00
W-1218,DCU,2.7,2026-09-01T05:00:00
W-1218,DCU,3.3,2026-09-01T05:30:00
W-1218,DCU,2.7,2026-09-01T06:00:00
W-1218,DCU,1.7,2026-09-01T06:30:00
W-1218,DCU,2.3,2026-09-01T07:00:00
W-1218,DCU,3.8,2026-09-01T07:30:00
W-1221,HCU,2.5,2026-09-01T08:00:00
W-1221,HCU,1.5,2026-09-01T08:30:00
W-1221,HCU,2.4,2026-09-01T09:00:00
W-1221,HCU,2.2,2026-09-01T09:30:00
W-1221,HCU,1.8,2026-09-01T10:00:00
W-1221,HCU,2.9,2026-09-01T10:30:00
W-1221,HCU,1.4,2026-09-01T11:00:00
W-1221,HCU,3.2,2026-09-01T11:30:00
W-1221,HCU,2.8,2026-09-01T12:00:00
W-1221,HCU,1.3,2026-09-01T12:30:00
W-1221,HCU,2.4,2026-09-01T13:00:00
W-1221,HCU,1.7,2026-09-01T13:30:00
W-1221,HCU,2.7,2026-09-01T14:00:00
W-1221,HCU,2.8,2026-09-01T14:30:00
W-1221,HCU,1.4,2026-09-01T15:00:00
W-1221,HCU,1.5,2026-09-01T15:30:00
W-1224,DHDT,2.2,2026-09-01T16:00:00
W-1224,DHDT,1.8,2026-09-01T16:30:00
W-1224,DHDT,2.3,2026-09-01T17:00:00
W-1224,DHDT,2.4,2026-09-01T17:30:00
W-1224,DHDT,1.4,2026-09-01T18:00:00
W-1224,DHDT,1.1,2026-09-01T18:30:00
W-1224,DHDT,1.1,2026-09-01T19:00:00
W-1224,DHDT,2.3,2026-09-01T19:30:00
W-1224,DHDT,2.3,2026-09-01T20:00:00
W-1224,DHDT,1.2,2026-09-01T20:30:00
W-1224,DHDT,2.4,2026-09-01T21:00:00
W-1224,DHDT,2.1,2026-09-01T21:30:00
W-1224,DHDT,1.3,2026-09-01T22:00:00
W-1224,DHDT,2.5,2026-09-01T22:30:00
W-1224,DHDT,1.8,2026-09-01T23:00:00
W-1224,DHDT,1.5,2026-09-01T23:30:00
W-1227,CDU-III,1.2,2026-09-01T00:00:00
W-1227,CDU-III,1.5,2026-09-01T00:30:00
W-1227,CDU-III,0.8,2026-09-01T01:00:00
W-1227,CDU-III,1.1,2026-09-01T01:30:00
W-1227,CDU-III,4.1,2026-09-01T02:00:00
W-1227,CDU-III,4.7,2026-09-01T02:30:00
W-1227,CDU-III,4.0,2026-09-01T03:00:00
W-1227,CDU-III,1.9,2026-09-01T03:30:00
W-1227,CDU-III,0.9,2026-09-01T04:00:00
W-1227,CDU-III,1.0,2026-09-01T04:30:00
W-1227,CDU-III,1.1,2026-09-01T05:00:00
W-1227,CDU-III,0.9,2026-09-01T05:30:00
W-1227,CDU-III,2.0,2026-09-01T06:00:00
W-1227,CDU-III,1.7,2026-09-01T06:30:00
W-1227,CDU-III,1.8,2026-09-01T07:00:00
W-1227,CDU-III,1.2,2026-09-01T07:30:00
W-1230,ETP,1.2,2026-09-01T08:00:00
W-1230,ETP,0.7,2026-09-01T08:30:00
W-1230,ETP,1.4,2026-09-01T09:00:00
W-1230,ETP,1.2,2026-09-01T09:30:00
W-1230,ETP,1.3,2026-09-01T10:00:00
W-1230,ETP,1.1,2026-09-01T10:30:00
W-1230,ETP,0.8,2026-09-01T11:00:00
W-1230,ETP,0.7,2026-09-01T11:30:00
W-1230,ETP,1.1,2026-09-01T12:00:00
W-1230,ETP,1.0,2026-09-01T12:30:00
W-1230,ETP,1.4,2026-09-01T13:00:00
W-1230,ETP,1.2,2026-09-01T13:30:00
W-1230,ETP,0.7,2026-09-01T14:00:00
W-1230,ETP,1.3,2026-09-01T14:30:00
W-1230,ETP,0.9,2026-09-01T15:00:00
W-1230,ETP,0.9,2026-09-01T15:30:00
W-1233,TF,0.7,2026-09-01T16:00:00
W-1233,TF,0.8,2026-09-01T16:30:00
W-1233,TF,0.8,2026-09-01T17:00:00
W-1233,TF,0.6,2026-09-01T17:30:00
W-1233,TF,0.7,2026-09-01T18:00:00
W-1233,TF,0.4,2026-09-01T18:30:00
W-1233,TF,0.8,2026-09-01T19:00:00
W-1233,TF,0.5,2026-09-01T19:30:00
W-1233,TF,0.5,2026-09-01T20:00:00
W-1233,TF,1.0,2026-09-01T20:30:00
W-1233,TF,1.3,2026-09-01T21:00:00
W-1233,TF,0.9,2026-09-01T21:30:00
W-1233,TF,0.3,2026-09-01T22:00:00
W-1233,TF,0.8,2026-09-01T22:30:00
W-1233,TF,0.7,2026-09-01T23:00:00
W-1233,TF,0.4,2026-09-01T23:30:00
W-1101,SRU,5.3,2026-09-02T00:00:00
W-1101,SRU,2.7,2026-09-02T00:30:00
W-1101,SRU,3.5,2026-09-02T01:00:00
W-1101,SRU,2.9,2026-09-02T01:30:00
W-1101,SRU,5.3,2026-09-02T02:00:00
W-1101,SRU,3.0,2026-09-02T02:30:00
W-1101,SRU,5.2,2026-09-02T03:00:00
W-1101,SRU,3.1,2026-09-02T03:30:00
W-1101,SRU,4.5,2026-09-02T04:00:00
W-1101,SRU,4.1,2026-09-02T04:30:00
W-1101,SRU,5.5,2026-09-02T05:00:00
W-1101,SRU,17.0,2026-09-02T05:30:00
W-1101,SRU,8.8,2026-09-02T06:00:00
W-1101,SRU,6.3,2026-09-02T06:30:00
W-1101,SRU,3.6,2026-09-02T07:00:00
W-1101,SRU,2.5,2026-09-02T07:30:00
W-1107,SWS,3.8,2026-09-02T16:00:00
W-1107,SWS,2.0,2026-09-02T16:30:00
W-1107,SWS,4.3,2026-09-02T17:00:00
W-1107,SWS,5.0,2026-09-02T17:30:00
W-1107,SWS,2.1,2026-09-02T18:00:00
W-1107,SWS,4.1,2026-09-02T18:30:00
W-1107,SWS,2.6,2026-09-02T19:00:00
W-1107,SWS,2.7,2026-09-02T19:30:00
W-1107,SWS,2.8,2026-09-02T20:00:00
W-1107,SWS,4.6,2026-09-02T20:30:00
W-1107,SWS,5.1,2026-09-02T21:00:00
W-1107,SWS,2.5,2026-09-02T21:30:00
W-1107,SWS,2.6,2026-09-02T22:00:00
W-1107,SWS,3.7,2026-09-02T22:30:00
W-1107,SWS,4.0,2026-09-02T23:00:00
W-1107,SWS,3.3,2026-09-02T23:30:00
W-1110,DCU,2.2,2026-09-02T00:00:00
W-1110,DCU,1.4,2026-09-02T00:30:00
W-1110,DCU,2.7,2026-09-02T01:00:00
W-1110,DCU,2.1,2026-09-02T01:30:00
W-1110,DCU,1.8,2026-09-02T02:00:00
W-1110,DCU,1.2,2026-09-02T02:30:00
W-1110,DCU,2.3,2026-09-02T03:00:00
W-1110,DCU,1.5,2026-09-02T03:30:00
W-1110,DCU,2.1,2026-09-02T04:00:00
W-1110,DCU,2.1,2026-09-02T04:30:00
W-1110,DCU,2.3,2026-09-02T05:00:00
W-1110,DCU,2.8,2026-09-02T05:30:00
W-1110,DCU,2.5,2026-09-02T06:00:00
W-1110,DCU,2.2,2026-09-02T06:30:00
W-1110,DCU,1.7,2026-09-02T07:00:00
W-1110,DCU,3.1,2026-09-02T07:30:00
W-1113,HCU,1.8,2026-09-02T08:00:00
W-1113,HCU,2.3,2026-09-02T08:30:00
W-1113,HCU,1.5,2026-09-02T09:00:00
W-1113,HCU,1.2,2026-09-02T09:30:00
W-1113,HCU,1.5,2026-09-02T10:00:00
W-1113,HCU,1.2,2026-09-02T10:30:00
W-1113,HCU,1.8,2026-09-02T11:00:00
W-1113,HCU,1.1,2026-09-02T11:30:00
W-1113,HCU,0.9,2026-09-02T12:00:00
W-1113,HCU,1.2,2026-09-02T12:30:00
W-1113,HCU,1.5,2026-09-02T13:00:00
W-1113,HCU,1.6,2026-09-02T13:30:00
W-1113,HCU,1.0,2026-09-02T14:00:00
W-1113,HCU,1.1,2026-09-02T14:30:00
W-1113,HCU,1.4,2026-09-02T15:00:00
W-1113,HCU,1.0,2026-09-02T15:30:00
W-1116,DHDT,1.0,2026-09-02T16:00:00
W-1116,DHDT,1.5,2026-09-02T16:30:00
W-1116,DHDT,1.2,2026-09-02T17:00:00
W-1116,DHDT,1.8,2026-09-02T17:30:00
W-1116,DHDT,1.5,2026-09-02T18:00:00
W-1116,DHDT,0.9,2026-09-02T18:30:00
W-1116,DHDT,1.8,2026-09-02T19:00:00
W-1116,DHDT,1.2,2026-09-02T19:30:00
W-1116,DHDT,1.5,2026-09-02T20:00:00
W-1116,DHDT,1.4,2026-09-02T20:30:00
W-1116,DHDT,1.1,2026-09-02T21:00:00
W-1116,DHDT,1.1,2026-09-02T21:30:00
W-1116,DHDT,0.8,2026-09-02T22:00:00
W-1116,DHDT,1.6,2026-09-02T22:30:00
W-1116,DHDT,1.1,2026-09-02T23:00:00
W-1116,DHDT,1.6,2026-09-02T23:30:00
W-1122,ETP,2.7,2026-09-02T08:00:00
W-1122,ETP,3.3,2026-09-02T08:30:00
W-1122,ETP,1.1,2026-09-02T09:00:00
W-1122,ETP,0.6,2026-09-02T09:30:00
W-1122,ETP,0.6,2026-09-02T10:00:00
W-1122,ETP,0.5,2026-09-02T10:30:00
W-1122,ETP,1.1,2026-09-02T11:00:00
W-1122,ETP,0.7,2026-09-02T11:30:00
W-1122,ETP,0.8,2026-09-02T12:00:00
W-1122,ETP,0.5,2026-09-02T12:30:00
W-1122,ETP,0.6,2026-09-02T13:00:00
W-1122,ETP,0.9,2026-09-02T13:30:00
W-1122,ETP,0.5,2026-09-02T14:00:00
W-1122,ETP,0.8,2026-09-02T14:30:00
W-1122,ETP,0.9,2026-09-02T15:00:00
W-1122,ETP,0.9,2026-09-02T15:30:00
W-1125,TF,0.5,2026-09-02T16:00:00
W-1125,TF,0.6,2026-09-02T16:30:00
W-1125,TF,0.6,2026-09-02T17:00:00
W-1125,TF,0.6,2026-09-02T17:30:00
W-1125,TF,0.5,2026-09-02T18:00:00
W-1125,TF,0.4,2026-09-02T18:30:00
W-1125,TF,0.4,2026-09-02T19:00:00
W-1125,TF,0.6,2026-09-02T19:30:00
W-1125,TF,0.7,2026-09-02T20:00:00
W-1125,TF,0.4,2026-09-02T20:30:00
W-1125,TF,0.5,2026-09-02T21:00:00
W-1125,TF,0.4,2026-09-02T21:30:00
W-1125,TF,0.3,2026-09-02T22:00:00
W-1125,TF,0.4,2026-09-02T22:30:00
W-1125,TF,0.6,2026-09-02T23:00:00
W-1125,TF,0.5,2026-09-02T23:30:00
W-1128,SRU,2.9,2026-09-02T00:00:00
W-1128,SRU,4.9,2026-09-02T00:30:00
W-1128,SRU,3.1,2026-09-02T01:00:00
W-1128,SRU,2.2,2026-09-02T01:30:00
W-1128,SRU,3.8,2026-09-02T02:00:00
W-1128,SRU,3.9,2026-09-02T02:30:00
W-1128,SRU,13.4,2026-09-02T03:00:00
W-1128,SRU,19.0,2026-09-02T03:30:00
W-1128,SRU,9.6,2026-09-02T04:00:00
W-1128,SRU,4.2,2026-09-02T04:30:00
W-1128,SRU,2.8,2026-09-02T05:00:00
W-1128,SRU,4.0,2026-09-02T05:30:00
W-1128,SRU,2.8,2026-09-02T06:00:00
W-1128,SRU,2.5,2026-09-02T06:30:00
W-1128,SRU,2.5,2026-09-02T07:00:00
W-1128,SRU,8.4,2026-09-02T07:30:00
W-1131,ARU,2.5,2026-09-02T08:00:00
W-1131,ARU,3.4,2026-09-02T08:30:00
W-1131,ARU,3.4,2026-09-02T09:00:00
W-1131,ARU,4.4,2026-09-02T09:30:00
W-1131,ARU,3.9,2026-09-02T10:00:00
W-1131,ARU,1.9,2026-09-02T10:30:00
W-1131,ARU,3.3,2026-09-02T11:00:00
W-1131,ARU,3.8,2026-09-02T11:30:00
W-1131,ARU,2.6,2026-09-02T12:00:00
W-1131,ARU,2.4,2026-09-02T12:30:00
W-1131,ARU,3.4,2026-09-02T13:00:00
W-1131,ARU,3.3,2026-09-02T13:30:00
W-1131,ARU,2.1,2026-09-02T14:00:00
W-1131,ARU,3.8,2026-09-02T14:30:00
W-1131,ARU,4.3,2026-09-02T15:00:00
W-1131,ARU,4.1,2026-09-02T15:30:00
W-1140,HCU,2.2,2026-09-02T08:00:00
W-1140,HCU,1.4,2026-09-02T08:30:00
W-1140,HCU,2.4,2026-09-02T09:00:00
W-1140,HCU,1.8,2026-09-02T09:30:00
W-1140,HCU,1.3,2026-09-02T10:00:00
W-1140,HCU,1.6,2026-09-02T10:30:00
W-1140,HCU,1.1,2026-09-02T11:00:00
W-1140,HCU,1.4,2026-09-02T11:30:00
W-1140,HCU,1.3,2026-09-02T12:00:00
W-1140,HCU,1.5,2026-09-02T12:30:00
W-1140,HCU,2.0,2026-09-02T13:00:00
W-1140,HCU,1.8,2026-09-02T13:30:00
W-1140,HCU,2.0,2026-09-02T14:00:00
W-1140,HCU,2.0,2026-09-02T14:30:00
W-1140,HCU,1.5,2026-09-02T15:00:00
W-1140,HCU,2.3,2026-09-02T15:30:00
W-1143,DHDT,0.8,2026-09-02T16:00:00
W-1143,DHDT,1.0,2026-09-02T16:30:00
W-1143,DHDT,1.6,2026-09-02T17:00:00
W-1143,DHDT,1.0,2026-09-02T17:30:00
W-1143,DHDT,0.8,2026-09-02T18:00:00
W-1143,DHDT,1.2,2026-09-02T18:30:00
W-1143,DHDT,1.4,2026-09-02T19:00:00
W-1143,DHDT,1.2,2026-09-02T19:30:00
W-1143,DHDT,0.9,2026-09-02T20:00:00
W-1143,DHDT,0.7,2026-09-02T20:30:00
W-1143,DHDT,1.8,2026-09-02T21:00:00
W-1143,DHDT,1.1,2026-09-02T21:30:00
W-1143,DHDT,1.7,2026-09-02T22:00:00
W-1143,DHDT,1.9,2026-09-02T22:30:00
W-1143,DHDT,1.5,2026-09-02T23:00:00
W-1143,DHDT,0.9,2026-09-02T23:30:00
W-1146,CDU-III,1.4,2026-09-02T00:00:00
W-1146,CDU-III,1.4,2026-09-02T00:30:00
W-1146,CDU-III,1.0,2026-09-02T01:00:00
W-1146,CDU-III,3.3,2026-09-02T01:30:00
W-1146,CDU-III,0.7,2026-09-02T02:00:00
W-1146,CDU-III,1.5,2026-09-02T02:30:00
W-1146,CDU-III,0.9,2026-09-02T03:00:00
W-1146,CDU-III,0.9,2026-09-02T03:30:00
W-1146,CDU-III,0.7,2026-09-02T04:00:00
W-1146,CDU-III,1.4,2026-09-02T04:30:00
W-1146,CDU-III,1.5,2026-09-02T05:00:00
W-1146,CDU-III,0.7,2026-09-02T05:30:00
W-1146,CDU-III,1.1,2026-09-02T06:00:00
W-1146,CDU-III,1.2,2026-09-02T06:30:00
W-1146,CDU-III,3.2,2026-09-02T07:00:00
W-1146,CDU-III,0.6,2026-09-02T07:30:00
W-1149,ETP,0.7,2026-09-02T08:00:00
W-1149,ETP,0.8,2026-09-02T08:30:00
W-1149,ETP,0.5,2026-09-02T09:00:00
W-1149,ETP,1.2,2026-09-02T09:30:00
W-1149,ETP,0.7,2026-09-02T10:00:00
W-1149,ETP,1.1,2026-09-02T10:30:00
W-1149,ETP,0.9,2026-09-02T11:00:00
W-1149,ETP,0.7,2026-09-02T11:30:00
W-1149,ETP,0.6,2026-09-02T12:00:00
W-1149,ETP,0.6,2026-09-02T12:30:00
W-1149,ETP,0.5,2026-09-02T13:00:00
W-1149,ETP,0.9,2026-09-02T13:30:00
W-1149,ETP,0.9,2026-09-02T14:00:00
W-1149,ETP,0.8,2026-09-02T14:30:00
W-1149,ETP,0.8,2026-09-02T15:00:00
W-1149,ETP,1.1,2026-09-02T15:30:00
W-1152,TF,0.5,2026-09-02T16:00:00
W-1152,TF,0.3,2026-09-02T16:30:00
W-1152,TF,0.5,2026-09-02T17:00:00
W-1152,TF,0.4,2026-09-02T17:30:00
W-1152,TF,0.5,2026-09-02T18:00:00
W-1152,TF,0.6,2026-09-02T18:30:00
W-1152,TF,0.4,2026-09-02T19:00:00
W-1152,TF,0.6,2026-09-02T19:30:00
W-1152,TF,0.4,2026-09-02T20:00:00
W-1152,TF,0.3,2026-09-02T20:30:00
W-1152,TF,0.5,2026-09-02T21:00:00
W-1152,TF,0.6,2026-09-02T21:30:00
W-1152,TF,0.5,2026-09-02T22:00:00
W-1152,TF,0.3,2026-09-02T22:30:00
W-1152,TF,0.3,2026-09-02T23:00:00
W-1152,TF,0.5,2026-09-02T23:30:00
W-1155,SRU,4.9,2026-09-02T00:00:00
W-1155,SRU,2.9,2026-09-02T00:30:00
W-1155,SRU,3.5,2026-09-02T01:00:00
W-1155,SRU,2.9,2026-09-02T01:30:00
W-1155,SRU,3.1,2026-09-02T02:00:00
W-1155,SRU,3.8,2026-09-02T02:30:00
W-1155,SRU,3.2,2026-09-02T03:00:00
W-1155,SRU,4.8,2026-09-02T03:30:00
W-1155,SRU,4.6,2026-09-02T04:00:00
W-1155,SRU,4.1,2026-09-02T04:30:00
W-1155,SRU,4.9,2026-09-02T05:00:00
W-1155,SRU,3.5,2026-09-02T05:30:00
W-1155,SRU,2.8,2026-09-02T06:00:00
W-1155,SRU,2.7,2026-09-02T06:30:00
W-1155,SRU,4.8,2026-09-02T07:00:00
W-1155,SRU,4.8,2026-09-02T07:30:00
W-1158,ARU,4.5,2026-09-02T08:00:00
W-1158,ARU,2.3,2026-09-02T08:30:00
W-1158,ARU,4.4,2026-09-02T09:00:00
W-1158,ARU,3.0,2026-09-02T09:30:00
W-1158,ARU,1.9,2026-09-02T10:00:00
W-1158,ARU,3.2,2026-09-02T10:30:00
W-1158,ARU,2.4,2026-09-02T11:00:00
W-1158,ARU,3.0,2026-09-02T11:30:00
W-1158,ARU,4.4,2026-09-02T12:00:00
W-1158,ARU,1.8,2026-09-02T12:30:00
W-1158,ARU,4.0,2026-09-02T13:00:00
W-1158,ARU,4.4,2026-09-02T13:30:00
W-1158,ARU,3.6,2026-09-02T14:00:00
W-1158,ARU,4.0,2026-09-02T14:30:00
W-1158,ARU,6.1,2026-09-02T15:00:00
W-1158,ARU,6.1,2026-09-02T15:30:00
W-1161,SWS,3.7,2026-09-02T16:00:00
W-1161,SWS,3.8,2026-09-02T16:30:00
W-1161,SWS,2.8,2026-09-02T17:00:00
W-1161,SWS,2.8,2026-09-02T17:30:00
W-1161,SWS,3.8,2026-09-02T18:00:00
W-1161,SWS,3.7,2026-09-02T18:30:00
W-1161,SWS,2.8,2026-09-02T19:00:00
W-1161,SWS,4.4,2026-09-02T19:30:00
W-1161,SWS,4.0,2026-09-02T20:00:00
W-1161,SWS,2.0,2026-09-02T20:30:00
W-1161,SWS,4.6,2026-09-02T21:00:00
W-1161,SWS,3.6,2026-09-02T21:30:00
W-1161,SWS,3.4,2026-09-02T22:00:00
W-1161,SWS,3.5,2026-09-02T22:30:00
W-1161,SWS,2.4,2026-09-02T23:00:00
W-1161,SWS,4.1,2026-09-02T23:30:00
W-1164,DCU,2.2,2026-09-02T00:00:00
W-1164,DCU,5.8,2026-09-02T00:30:00
W-1164,DCU,4.0,2026-09-02T01:00:00
W-1164,DCU,7.8,2026-09-02T01:30:00
W-1164,DCU,2.0,2026-09-02T02:00:00
W-1164,DCU,2.5,2026-09-02T02:30:00
W-1164,DCU,1.2,2026-09-02T03:00:00
W-1164,DCU,2.0,2026-09-02T03:30:00
W-1164,DCU,2.6,2026-09-02T04:00:00
W-1164,DCU,2.2,2026-09-02T04:30:00
W-1164,DCU,1.9,2026-09-02T05:00:00
W-1164,DCU,1.8,2026-09-02T05:30:00
W-1164,DCU,2.5,2026-09-02T06:00:00
W-1164,DCU,1.9,2026-09-02T06:30:00
W-1164,DCU,2.2,2026-09-02T07:00:00
W-1164,DCU,1.3,2026-09-02T07:30:00
W-1167,HCU,1.9,2026-09-02T08:00:00
W-1167,HCU,1.5,2026-09-02T08:30:00
W-1167,HCU,1.8,2026-09-02T09:00:00
W-1167,HCU,2.5,2026-09-02T09:30:00
W-1167,HCU,6.4,2026-09-02T10:00:00
W-1167,HCU,4.3,2026-09-02T10:30:00
W-1167,HCU,2.0,2026-09-02T11:00:00
W-1167,HCU,1.4,2026-09-02T11:30:00
W-1167,HCU,1.1,2026-09-02T12:00:00
W-1167,HCU,1.9,2026-09-02T12:30:00
W-1167,HCU,2.1,2026-09-02T13:00:00
W-1167,HCU,1.7,2026-09-02T13:30:00
W-1167,HCU,2.4,2026-09-02T14:00:00
W-1167,HCU,2.9,2026-09-02T14:30:00
W-1167,HCU,4.4,2026-09-02T15:00:00
W-1167,HCU,6.1,2026-09-02T15:30:00
W-1173,CDU-III,0.7,2026-09-02T00:00:00
W-1173,CDU-III,1.4,2026-09-02T00:30:00
W-1173,CDU-III,0.7,2026-09-02T01:00:00
W-1173,CDU-III,0.8,2026-09-02T01:30:00
W-1173,CDU-III,1.4,2026-09-02T02:00:00
W-1173,CDU-III,0.8,2026-09-02T02:30:00
W-1173,CDU-III,1.3,2026-09-02T03:00:00
W-1173,CDU-III,0.6,2026-09-02T03:30:00
W-1173,CDU-III,1.2,2026-09-02T04:00:00
W-1173,CDU-III,1.3,2026-09-02T04:30:00
W-1173,CDU-III,1.4,2026-09-02T05:00:00
W-1173,CDU-III,1.3,2026-09-02T05:30:00
W-1173,CDU-III,0.6,2026-09-02T06:00:00
W-1173,CDU-III,1.5,2026-09-02T06:30:00
W-1173,CDU-III,0.8,2026-09-02T07:00:00
W-1173,CDU-III,1.2,2026-09-02T07:30:00
W-1176,ETP,0.8,2026-09-02T08:00:00
W-1176,ETP,1.1,2026-09-02T08:30:00
W-1176,ETP,0.5,2026-09-02T09:00:00
W-1176,ETP,1.2,2026-09-02T09:30:00
W-1176,ETP,0.6,2026-09-02T10:00:00
W-1176,ETP,0.8,2026-09-02T10:30:00
W-1176,ETP,0.4,2026-09-02T11:00:00
W-1176,ETP,0.8,2026-09-02T11:30:00
W-1176,ETP,0.6,2026-09-02T12:00:00
W-1176,ETP,0.5,2026-09-02T12:30:00
W-1176,ETP,0.8,2026-09-02T13:00:00
W-1176,ETP,1.0,2026-09-02T13:30:00
W-1176,ETP,0.5,2026-09-02T14:00:00
W-1176,ETP,0.6,2026-09-02T14:30:00
W-1176,ETP,0.4,2026-09-02T15:00:00
W-1176,ETP,0.8,2026-09-02T15:30:00
W-1179,TF,0.5,2026-09-02T16:00:00
W-1179,TF,0.3,2026-09-02T16:30:00
W-1179,TF,0.5,2026-09-02T17:00:00
W-1179,TF,0.4,2026-09-02T17:30:00
W-1179,TF,0.6,2026-09-02T18:00:00
W-1179,TF,0.5,2026-09-02T18:30:00
W-1179,TF,0.3,2026-09-02T19:00:00
W-1179,TF,0.6,2026-09-02T19:30:00
W-1179,TF,0.5,2026-09-02T20:00:00
W-1179,TF,0.6,2026-09-02T20:30:00
W-1179,TF,0.3,2026-09-02T21:00:00
W-1179,TF,0.3,2026-09-02T21:30:00
W-1179,TF,0.4,2026-09-02T22:00:00
W-1179,TF,0.6,2026-09-02T22:30:00
W-1179,TF,0.3,2026-09-02T23:00:00
W-1179,TF,0.6,2026-09-02T23:30:00
W-1185,ARU,2.4,2026-09-02T08:00:00
W-1185,ARU,3.0,2026-09-02T08:30:00
W-1185,ARU,3.9,2026-09-02T09:00:00
W-1185,ARU,4.7,2026-09-02T09:30:00
W-1185,ARU,4.2,2026-09-02T10:00:00
W-1185,ARU,3.8,2026-09-02T10:30:00
W-1185,ARU,1.8,2026-09-02T11:00:00
W-1185,ARU,9.5,2026-09-02T11:30:00
W-1185,ARU,7.3,2026-09-02T12:00:00
W-1185,ARU,11.3,2026-09-02T12:30:00
W-1185,ARU,4.4,2026-09-02T13:00:00
W-1185,ARU,6.9,2026-09-02T13:30:00
W-1185,ARU,8.0,2026-09-02T14:00:00
W-1185,ARU,14.5,2026-09-02T14:30:00
W-1185,ARU,4.3,2026-09-02T15:00:00
W-1185,ARU,1.9,2026-09-02T15:30:00
W-1188,SWS,2.9,2026-09-02T16:00:00
W-1188,SWS,4.2,2026-09-02T16:30:00
W-1188,SWS,2.1,2026-09-02T17:00:00
W-1188,SWS,4.3,2026-09-02T17:30:00
W-1188,SWS,4.0,2026-09-02T18:00:00
W-1188,SWS,2.1,2026-09-02T18:30:00
W-1188,SWS,4.1,2026-09-02T19:00:00
W-1188,SWS,4.6,2026-09-02T19:30:00
W-1188,SWS,4.6,2026-09-02T20:00:00
W-1188,SWS,4.7,2026-09-02T20:30:00
W-1188,SWS,3.6,2026-09-02T21:00:00
W-1188,SWS,2.5,2026-09-02T21:30:00
W-1188,SWS,2.2,2026-09-02T22:00:00
W-1188,SWS,3.4,2026-09-02T22:30:00
W-1188,SWS,2.5,2026-09-02T23:00:00
W-1188,SWS,2.6,2026-09-02T23:30:00
W-1191,DCU,1.7,2026-09-02T00:00:00
W-1191,DCU,1.9,2026-09-02T00:30:00
W-1191,DCU,4.0,2026-09-02T01:00:00
W-1191,DCU,4.8,2026-09-02T01:30:00
W-1191,DCU,1.4,2026-09-02T02:00:00
W-1191,DCU,2.6,2026-09-02T02:30:00
W-1191,DCU,3.0,2026-09-02T03:00:00
W-1191,DCU,1.8,2026-09-02T03:30:00
W-1191,DCU,3.0,2026-09-02T04:00:00
W-1191,DCU,5.8,2026-09-02T04:30:00
W-1191,DCU,9.3,2026-09-02T05:00:00
W-1191,DCU,3.0,2026-09-02T05:30:00
W-1191,DCU,2.9,2026-09-02T06:00:00
W-1191,DCU,2.5,2026-09-02T06:30:00
W-1191,DCU,1.7,2026-09-02T07:00:00
W-1191,DCU,1.6,2026-09-02T07:30:00
W-1197,DHDT,1.7,2026-09-02T16:00:00
W-1197,DHDT,1.5,2026-09-02T16:30:00
W-1197,DHDT,0.8,2026-09-02T17:00:00
W-1197,DHDT,1.8,2026-09-02T17:30:00
W-1197,DHDT,1.7,2026-09-02T18:00:00
W-1197,DHDT,1.2,2026-09-02T18:30:00
W-1197,DHDT,0.9,2026-09-02T19:00:00
W-1197,DHDT,1.0,2026-09-02T19:30:00
W-1197,DHDT,3.9,2026-09-02T20:00:00
W-1197,DHDT,1.1,2026-09-02T20:30:00
W-1197,DHDT,4.1,2026-09-02T21:00:00
W-1197,DHDT,2.8,2026-09-02T21:30:00
W-1197,DHDT,2.2,2026-09-02T22:00:00
W-1197,DHDT,1.6,2026-09-02T22:30:00
W-1197,DHDT,1.9,2026-09-02T23:00:00
W-1197,DHDT,1.8,2026-09-02T23:30:00
W-1206,TF,0.5,2026-09-02T16:00:00
W-1206,TF,0.3,2026-09-02T16:30:00
W-1206,TF,0.5,2026-09-02T17:00:00
W-1206,TF,0.5,2026-09-02T17:30:00
W-1206,TF,0.5,2026-09-02T18:00:00
W-1206,TF,0.4,2026-09-02T18:30:00
W-1206,TF,0.5,2026-09-02T19:00:00
W-1206,TF,0.5,2026-09-02T19:30:00
W-1206,TF,0.4,2026-09-02T20:00:00
W-1206,TF,0.6,2026-09-02T20:30:00
W-1206,TF,0.3,2026-09-02T21:00:00
W-1206,TF,0.5,2026-09-02T21:30:00
W-1206,TF,0.6,2026-09-02T22:00:00
W-1206,TF,0.3,2026-09-02T22:30:00
W-1206,TF,0.4,2026-09-02T23:00:00
W-1206,TF,0.3,2026-09-02T23:30:00
W-1209,SRU,2.2,2026-09-02T00:00:00
W-1209,SRU,2.9,2026-09-02T00:30:00
W-1209,SRU,4.2,2026-09-02T01:00:00
W-1209,SRU,2.9,2026-09-02T01:30:00
W-1209,SRU,10.9,2026-09-02T02:00:00
W-1209,SRU,4.4,2026-09-02T02:30:00
W-1209,SRU,4.0,2026-09-02T03:00:00
W-1209,SRU,5.1,2026-09-02T03:30:00
W-1209,SRU,4.0,2026-09-02T04:00:00
W-1209,SRU,2.6,2026-09-02T04:30:00
W-1209,SRU,2.9,2026-09-02T05:00:00
W-1209,SRU,3.1,2026-09-02T05:30:00
W-1209,SRU,2.3,2026-09-02T06:00:00
W-1209,SRU,3.0,2026-09-02T06:30:00
W-1209,SRU,4.4,2026-09-02T07:00:00
W-1209,SRU,3.2,2026-09-02T07:30:00
W-1212,ARU,3.8,2026-09-02T08:00:00
W-1212,ARU,4.7,2026-09-02T08:30:00
W-1212,ARU,3.0,2026-09-02T09:00:00
W-1212,ARU,2.7,2026-09-02T09:30:00
W-1212,ARU,3.0,2026-09-02T10:00:00
W-1212,ARU,4.1,2026-09-02T10:30:00
W-1212,ARU,2.0,2026-09-02T11:00:00
W-1212,ARU,2.1,2026-09-02T11:30:00
W-1212,ARU,2.1,2026-09-02T12:00:00
W-1212,ARU,3.1,2026-09-02T12:30:00
W-1212,ARU,3.3,2026-09-02T13:00:00
W-1212,ARU,2.1,2026-09-02T13:30:00
W-1212,ARU,2.0,2026-09-02T14:00:00
W-1212,ARU,1.8,2026-09-02T14:30:00
W-1212,ARU,1.8,2026-09-02T15:00:00
W-1212,ARU,4.0,2026-09-02T15:30:00
W-1215,SWS,3.8,2026-09-02T16:00:00
W-1215,SWS,16.3,2026-09-02T16:30:00
W-1215,SWS,13.5,2026-09-02T17:00:00
W-1215,SWS,8.5,2026-09-02T17:30:00
W-1215,SWS,4.4,2026-09-02T18:00:00
W-1215,SWS,3.5,2026-09-02T18:30:00
W-1215,SWS,3.0,2026-09-02T19:00:00
W-1215,SWS,2.5,2026-09-02T19:30:00
W-1215,SWS,2.4,2026-09-02T20:00:00
W-1215,SWS,3.0,2026-09-02T20:30:00
W-1215,SWS,3.4,2026-09-02T21:00:00
W-1215,SWS,3.5,2026-09-02T21:30:00
W-1215,SWS,3.3,2026-09-02T22:00:00
W-1215,SWS,3.1,2026-09-02T22:30:00
W-1215,SWS,2.4,2026-09-02T23:00:00
W-1215,SWS,4.2,2026-09-02T23:30:00
W-1218,DCU,2.1,2026-09-02T00:00:00
W-1218,DCU,2.0,2026-09-02T00:30:00
W-1218,DCU,2.4,2026-09-02T01:00:00
W-1218,DCU,2.8,2026-09-02T01:30:00
W-1218,DCU,1.4,2026-09-02T02:00:00
W-1218,DCU,3.0,2026-09-02T02:30:00
W-1218,DCU,3.1,2026-09-02T03:00:00
W-1218,DCU,2.2,2026-09-02T03:30:00
W-1218,DCU,2.6,2026-09-02T04:00:00
W-1218,DCU,2.8,2026-09-02T04:30:00
W-1218,DCU,2.8,2026-09-02T05:00:00
W-1218,DCU,1.7,2026-09-02T05:30:00
W-1218,DCU,1.5,2026-09-02T06:00:00
W-1218,DCU,7.5,2026-09-02T06:30:00
W-1218,DCU,8.3,2026-09-02T07:00:00
W-1218,DCU,7.6,2026-09-02T07:30:00
W-1221,HCU,1.3,2026-09-02T08:00:00
W-1221,HCU,1.2,2026-09-02T08:30:00
W-1221,HCU,2.7,2026-09-02T09:00:00
W-1221,HCU,5.8,2026-09-02T09:30:00
W-1221,HCU,3.5,2026-09-02T10:00:00
W-1221,HCU,1.8,2026-09-02T10:30:00
W-1221,HCU,1.2,2026-09-02T11:00:00
W-1221,HCU,1.0,2026-09-02T11:30:00
W-1221,HCU,2.0,2026-09-02T12:00:00
W-1221,HCU,1.8,2026-09-02T12:30:00
W-1221,HCU,1.5,2026-09-02T13:00:00
W-1221,HCU,2.2,2026-09-02T13:30:00
W-1221,HCU,2.0,2026-09-02T14:00:00
W-1221,HCU,1.4,2026-09-02T14:30:00
W-1221,HCU,2.0,2026-09-02T15:00:00
W-1221,HCU,1.8,2026-09-02T15:30:00
W-1224,DHDT,0.9,2026-09-02T16:00:00
W-1224,DHDT,1.0,2026-09-02T16:30:00
W-1224,DHDT,1.4,2026-09-02T17:00:00
W-1224,DHDT,1.7,2026-09-02T17:30:00
W-1224,DHDT,0.9,2026-09-02T18:00:00
W-1224,DHDT,1.9,2026-09-02T18:30:00
W-1224,DHDT,1.5,2026-09-02T19:00:00
W-1224,DHDT,1.3,2026-09-02T19:30:00
W-1224,DHDT,1.7,2026-09-02T20:00:00
W-1224,DHDT,1.7,2026-09-02T20:30:00
W-1224,DHDT,0.8,2026-09-02T21:00:00
W-1224,DHDT,0.7,2026-09-02T21:30:00
W-1224,DHDT,1.0,2026-09-02T22:00:00
W-1224,DHDT,1.8,2026-09-02T22:30:00
W-1224,DHDT,1.4,2026-09-02T23:00:00
W-1224,DHDT,1.2,2026-09-02T23:30:00
W-1227,CDU-III,3.2,2026-09-02T00:00:00
W-1227,CDU-III,2.1,2026-09-02T00:30:00
W-1227,CDU-III,2.0,2026-09-02T01:00:00
W-1227,CDU-III,1.3,2026-09-02T01:30:00
W-1227,CDU-III,1.3,2026-09-02T02:00:00
W-1227,CDU-III,0.9,2026-09-02T02:30:00
W-1227,CDU-III,1.1,2026-09-02T03:00:00
W-1227,CDU-III,1.0,2026-09-02T03:30:00
W-1227,CDU-III,1.1,2026-09-02T04:00:00
W-1227,CDU-III,0.6,2026-09-02T04:30:00
W-1227,CDU-III,0.9,2026-09-02T05:00:00
W-1227,CDU-III,1.3,2026-09-02T05:30:00
W-1227,CDU-III,1.1,2026-09-02T06:00:00
W-1227,CDU-III,1.3,2026-09-02T06:30:00
W-1227,CDU-III,0.8,2026-09-02T07:00:00
W-1227,CDU-III,1.1,2026-09-02T07:30:00
W-1230,ETP,1.0,2026-09-02T08:00:00
W-1230,ETP,3.3,2026-09-02T08:30:00
W-1230,ETP,2.1,2026-09-02T09:00:00
W-1230,ETP,0.6,2026-09-02T09:30:00
W-1230,ETP,0.9,2026-09-02T10:00:00
W-1230,ETP,2.3,2026-09-02T10:30:00
W-1230,ETP,3.4,2026-09-02T11:00:00
W-1230,ETP,2.4,2026-09-02T11:30:00
W-1230,ETP,0.9,2026-09-02T12:00:00
W-1230,ETP,0.7,2026-09-02T12:30:00
W-1230,ETP,1.0,2026-09-02T13:00:00
W-1230,ETP,0.6,2026-09-02T13:30:00
W-1230,ETP,0.7,2026-09-02T14:00:00
W-1230,ETP,0.9,2026-09-02T14:30:00
W-1230,ETP,0.6,2026-09-02T15:00:00
W-1230,ETP,0.8,2026-09-02T15:30:00
W-1233,TF,0.4,2026-09-02T16:00:00
W-1233,TF,0.4,2026-09-02T16:30:00
W-1233,TF,0.4,2026-09-02T17:00:00
W-1233,TF,0.6,2026-09-02T17:30:00
W-1233,TF,0.4,2026-09-02T18:00:00
W-1233,TF,0.3,2026-09-02T18:30:00
W-1233,TF,0.2,2026-09-02T19:00:00
W-1233,TF,0.4,2026-09-02T19:30:00
W-1233,TF,0.5,2026-09-02T20:00:00
W-1233,TF,0.3,2026-09-02T20:30:00
W-1233,TF,0.3,2026-09-02T21:00:00
W-1233,TF,0.3,2026-09-02T21:30:00
W-1233,TF,0.6,2026-09-02T22:00:00
W-1233,TF,0.5,2026-09-02T22:30:00
W-1233,TF,0.4,2026-09-02T23:00:00
W-1233,TF,0.4,2026-09-02T23:30:00
W-1101,SRU,3.5,2026-09-03T00:00:00
W-1101,SRU,4.3,2026-09-03T00:30:00
W-1101,SRU,3.5,2026-09-03T01:00:00
W-1101,SRU,3.6,2026-09-03T01:30:00
W-1101,SRU,5.0,2026-09-03T02:00:00
W-1101,SRU,2.4,2026-09-03T02:30:00
W-1101,SRU,12.7,2026-09-03T03:00:00
W-1101,SRU,12.7,2026-09-03T03:30:00
W-1101,SRU,6.4,2026-09-03T04:00:00
W-1101,SRU,2.4,2026-09-03T04:30:00
W-1101,SRU,4.3,2026-09-03T05:00:00
W-1101,SRU,3.6,2026-09-03T05:30:00
W-1101,SRU,3.1,2026-09-03T06:00:00
W-1101,SRU,3.1,2026-09-03T06:30:00
W-1101,SRU,3.5,2026-09-03T07:00:00
W-1101,SRU,2.7,2026-09-03T07:30:00
W-1104,ARU,2.9,2026-09-03T08:00:00
W-1104,ARU,3.2,2026-09-03T08:30:00
W-1104,ARU,5.3,2026-09-03T09:00:00
W-1104,ARU,5.4,2026-09-03T09:30:00
W-1104,ARU,2.1,2026-09-03T10:00:00
W-1104,ARU,3.0,2026-09-03T10:30:00
W-1104,ARU,4.3,2026-09-03T11:00:00
W-1104,ARU,4.9,2026-09-03T11:30:00
W-1104,ARU,4.8,2026-09-03T12:00:00
W-1104,ARU,2.8,2026-09-03T12:30:00
W-1104,ARU,5.2,2026-09-03T13:00:00
W-1104,ARU,2.6,2026-09-03T13:30:00
W-1104,ARU,3.0,2026-09-03T14:00:00
W-1104,ARU,5.3,2026-09-03T14:30:00
W-1104,ARU,2.2,2026-09-03T15:00:00
W-1104,ARU,4.3,2026-09-03T15:30:00
W-1107,SWS,4.1,2026-09-03T16:00:00
W-1107,SWS,2.5,2026-09-03T16:30:00
W-1107,SWS,2.4,2026-09-03T17:00:00
W-1107,SWS,3.2,2026-09-03T17:30:00
W-1107,SWS,4.6,2026-09-03T18:00:00
W-1107,SWS,4.2,2026-09-03T18:30:00
W-1107,SWS,5.1,2026-09-03T19:00:00
W-1107,SWS,3.1,2026-09-03T19:30:00
W-1107,SWS,3.2,2026-09-03T20:00:00
W-1107,SWS,4.5,2026-09-03T20:30:00
W-1107,SWS,5.6,2026-09-03T21:00:00
W-1107,SWS,4.5,2026-09-03T21:30:00
W-1107,SWS,3.2,2026-09-03T22:00:00
W-1107,SWS,4.3,2026-09-03T22:30:00
W-1107,SWS,3.7,2026-09-03T23:00:00
W-1107,SWS,4.1,2026-09-03T23:30:00
W-1113,HCU,1.1,2026-09-03T08:00:00
W-1113,HCU,2.5,2026-09-03T08:30:00
W-1113,HCU,1.2,2026-09-03T09:00:00
W-1113,HCU,2.0,2026-09-03T09:30:00
W-1113,HCU,1.4,2026-09-03T10:00:00
W-1113,HCU,2.2,2026-09-03T10:30:00
W-1113,HCU,2.0,2026-09-03T11:00:00
W-1113,HCU,2.5,2026-09-03T11:30:00
W-1113,HCU,2.5,2026-09-03T12:00:00
W-1113,HCU,1.9,2026-09-03T12:30:00
W-1113,HCU,2.6,2026-09-03T13:00:00
W-1113,HCU,2.5,2026-09-03T13:30:00
W-1113,HCU,1.4,2026-09-03T14:00:00
W-1113,HCU,2.4,2026-09-03T14:30:00
W-1113,HCU,1.9,2026-09-03T15:00:00
W-1113,HCU,1.2,2026-09-03T15:30:00
W-1116,DHDT,1.6,2026-09-03T16:00:00
W-1116,DHDT,1.5,2026-09-03T16:30:00
W-1116,DHDT,2.3,2026-09-03T17:00:00
W-1116,DHDT,2.3,2026-09-03T17:30:00
W-1116,DHDT,1.7,2026-09-03T18:00:00
W-1116,DHDT,1.1,2026-09-03T18:30:00
W-1116,DHDT,1.5,2026-09-03T19:00:00
W-1116,DHDT,2.3,2026-09-03T19:30:00
W-1116,DHDT,2.1,2026-09-03T20:00:00
W-1116,DHDT,1.9,2026-09-03T20:30:00
W-1116,DHDT,1.5,2026-09-03T21:00:00
W-1116,DHDT,2.3,2026-09-03T21:30:00
W-1116,DHDT,1.7,2026-09-03T22:00:00
W-1116,DHDT,1.8,2026-09-03T22:30:00
W-1116,DHDT,1.5,2026-09-03T23:00:00
W-1116,DHDT,1.1,2026-09-03T23:30:00
W-1119,CDU-III,1.7,2026-09-03T00:00:00
W-1119,CDU-III,0.8,2026-09-03T00:30:00
W-1119,CDU-III,1.8,2026-09-03T01:00:00
W-1119,CDU-III,1.4,2026-09-03T01:30:00
W-1119,CDU-III,1.8,2026-09-03T02:00:00
W-1119,CDU-III,0.7,2026-09-03T02:30:00
W-1119,CDU-III,1.6,2026-09-03T03:00:00
W-1119,CDU-III,1.4,2026-09-03T03:30:00
W-1119,CDU-III,1.3,2026-09-03T04:00:00
W-1119,CDU-III,1.4,2026-09-03T04:30:00
W-1119,CDU-III,0.9,2026-09-03T05:00:00
W-1119,CDU-III,1.7,2026-09-03T05:30:00
W-1119,CDU-III,0.9,2026-09-03T06:00:00
W-1119,CDU-III,1.1,2026-09-03T06:30:00
W-1119,CDU-III,1.3,2026-09-03T07:00:00
W-1119,CDU-III,0.7,2026-09-03T07:30:00
W-1122,ETP,0.6,2026-09-03T08:00:00
W-1122,ETP,0.8,2026-09-03T08:30:00
W-1122,ETP,0.6,2026-09-03T09:00:00
W-1122,ETP,1.2,2026-09-03T09:30:00
W-1122,ETP,1.2,2026-09-03T10:00:00
W-1122,ETP,0.8,2026-09-03T10:30:00
W-1122,ETP,2.1,2026-09-03T11:00:00
W-1122,ETP,2.6,2026-09-03T11:30:00
W-1122,ETP,2.5,2026-09-03T12:00:00
W-1122,ETP,1.3,2026-09-03T12:30:00
W-1122,ETP,1.0,2026-09-03T13:00:00
W-1122,ETP,2.4,2026-09-03T13:30:00
W-1122,ETP,3.4,2026-09-03T14:00:00
W-1122,ETP,1.2,2026-09-03T14:30:00
W-1122,ETP,1.3,2026-09-03T15:00:00
W-1122,ETP,1.2,2026-09-03T15:30:00
W-1125,TF,0.3,2026-09-03T16:00:00
W-1125,TF,0.4,2026-09-03T16:30:00
W-1125,TF,0.6,2026-09-03T17:00:00
W-1125,TF,0.5,2026-09-03T17:30:00
W-1125,TF,0.4,2026-09-03T18:00:00
W-1125,TF,0.3,2026-09-03T18:30:00
W-1125,TF,0.5,2026-09-03T19:00:00
W-1125,TF,0.5,2026-09-03T19:30:00
W-1125,TF,0.3,2026-09-03T20:00:00
W-1125,TF,0.3,2026-09-03T20:30:00
W-1125,TF,0.3,2026-09-03T21:00:00
W-1125,TF,0.4,2026-09-03T21:30:00
W-1125,TF,0.4,2026-09-03T22:00:00
W-1125,TF,0.6,2026-09-03T22:30:00
W-1125,TF,0.6,2026-09-03T23:00:00
W-1125,TF,0.5,2026-09-03T23:30:00
W-1128,SRU,10.4,2026-09-03T00:00:00
W-1128,SRU,14.3,2026-09-03T00:30:00
W-1128,SRU,4.0,2026-09-03T01:00:00
W-1128,SRU,6.2,2026-09-03T01:30:00
W-1128,SRU,6.3,2026-09-03T02:00:00
W-1128,SRU,5.4,2026-09-03T02:30:00
W-1128,SRU,5.3,2026-09-03T03:00:00
W-1128,SRU,2.9,2026-09-03T03:30:00
W-1128,SRU,8.8,2026-09-03T04:00:00
W-1128,SRU,10.9,2026-09-03T04:30:00
W-1128,SRU,4.1,2026-09-03T05:00:00
W-1128,SRU,3.4,2026-09-03T05:30:00
W-1128,SRU,3.5,2026-09-03T06:00:00
W-1128,SRU,4.2,2026-09-03T06:30:00
W-1128,SRU,3.5,2026-09-03T07:00:00
W-1128,SRU,11.6,2026-09-03T07:30:00
W-1131,ARU,3.6,2026-09-03T08:00:00
W-1131,ARU,3.1,2026-09-03T08:30:00
W-1131,ARU,4.1,2026-09-03T09:00:00
W-1131,ARU,3.1,2026-09-03T09:30:00
W-1131,ARU,3.7,2026-09-03T10:00:00
W-1131,ARU,3.9,2026-09-03T10:30:00
W-1131,ARU,5.3,2026-09-03T11:00:00
W-1131,ARU,3.4,2026-09-03T11:30:00
W-1131,ARU,2.9,2026-09-03T12:00:00
W-1131,ARU,3.9,2026-09-03T12:30:00
W-1131,ARU,4.1,2026-09-03T13:00:00
W-1131,ARU,5.6,2026-09-03T13:30:00
W-1131,ARU,5.3,2026-09-03T14:00:00
W-1131,ARU,12.2,2026-09-03T14:30:00
W-1131,ARU,2.3,2026-09-03T15:00:00
W-1131,ARU,4.7,2026-09-03T15:30:00
W-1137,DCU,3.1,2026-09-03T00:00:00
W-1137,DCU,2.4,2026-09-03T00:30:00
W-1137,DCU,2.3,2026-09-03T01:00:00
W-1137,DCU,2.7,2026-09-03T01:30:00
W-1137,DCU,3.4,2026-09-03T02:00:00
W-1137,DCU,2.5,2026-09-03T02:30:00
W-1137,DCU,1.8,2026-09-03T03:00:00
W-1137,DCU,2.1,2026-09-03T03:30:00
W-1137,DCU,2.5,2026-09-03T04:00:00
W-1137,DCU,3.5,2026-09-03T04:30:00
W-1137,DCU,3.1,2026-09-03T05:00:00
W-1137,DCU,2.8,2026-09-03T05:30:00
W-1137,DCU,7.9,2026-09-03T06:00:00
W-1137,DCU,6.3,2026-09-03T06:30:00
W-1137,DCU,3.2,2026-09-03T07:00:00
W-1137,DCU,3.7,2026-09-03T07:30:00
W-1140,HCU,5.3,2026-09-03T08:00:00
W-1140,HCU,6.4,2026-09-03T08:30:00
W-1140,HCU,1.7,2026-09-03T09:00:00
W-1140,HCU,1.1,2026-09-03T09:30:00
W-1140,HCU,2.4,2026-09-03T10:00:00
W-1140,HCU,2.1,2026-09-03T10:30:00
W-1140,HCU,1.4,2026-09-03T11:00:00
W-1140,HCU,2.5,2026-09-03T11:30:00
W-1140,HCU,2.3,2026-09-03T12:00:00
W-1140,HCU,2.3,2026-09-03T12:30:00
W-1140,HCU,2.4,2026-09-03T13:00:00
W-1140,HCU,1.7,2026-09-03T13:30:00
W-1140,HCU,2.8,2026-09-03T14:00:00
W-1140,HCU,2.6,2026-09-03T14:30:00
W-1140,HCU,2.1,2026-09-03T15:00:00
W-1140,HCU,1.4,2026-09-03T15:30:00
W-1143,DHDT,1.7,2026-09-03T16:00:00
W-1143,DHDT,1.5,2026-09-03T16:30:00
W-1143,DHDT,1.0,2026-09-03T17:00:00
W-1143,DHDT,1.2,2026-09-03T17:30:00
W-1143,DHDT,1.4,2026-09-03T18:00:00
W-1143,DHDT,1.2,2026-09-03T18:30:00
W-1143,DHDT,1.2,2026-09-03T19:00:00
W-1143,DHDT,1.5,2026-09-03T19:30:00
W-1143,DHDT,1.5,2026-09-03T20:00:00
W-1143,DHDT,0.9,2026-09-03T20:30:00
W-1143,DHDT,1.2,2026-09-03T21:00:00
W-1143,DHDT,1.2,2026-09-03T21:30:00
W-1143,DHDT,2.2,2026-09-03T22:00:00
W-1143,DHDT,1.1,2026-09-03T22:30:00
W-1143,DHDT,1.4,2026-09-03T23:00:00
W-1143,DHDT,1.5,2026-09-03T23:30:00
W-1146,CDU-III,1.4,2026-09-03T00:00:00
W-1146,CDU-III,1.6,2026-09-03T00:30:00
W-1146,CDU-III,1.2,2026-09-03T01:00:00
W-1146,CDU-III,2.4,2026-09-03T01:30:00
W-1146,CDU-III,3.6,2026-09-03T02:00:00
W-1146,CDU-III,4.3,2026-09-03T02:30:00
W-1146,CDU-III,3.9,2026-09-03T03:00:00
W-1146,CDU-III,1.4,2026-09-03T03:30:00
W-1146,CDU-III,1.5,2026-09-03T04:00:00
W-1146,CDU-III,0.7,2026-09-03T04:30:00
W-1146,CDU-III,1.3,2026-09-03T05:00:00
W-1146,CDU-III,1.4,2026-09-03T05:30:00
W-1146,CDU-III,1.8,2026-09-03T06:00:00
W-1146,CDU-III,1.7,2026-09-03T06:30:00
W-1146,CDU-III,0.7,2026-09-03T07:00:00
W-1146,CDU-III,1.8,2026-09-03T07:30:00
W-1152,TF,0.7,2026-09-03T16:00:00
W-1152,TF,0.3,2026-09-03T16:30:00
W-1152,TF,0.7,2026-09-03T17:00:00
W-1152,TF,0.7,2026-09-03T17:30:00
W-1152,TF,0.6,2026-09-03T18:00:00
W-1152,TF,0.6,2026-09-03T18:30:00
W-1152,TF,0.7,2026-09-03T19:00:00
W-1152,TF,0.5,2026-09-03T19:30:00
W-1152,TF,0.7,2026-09-03T20:00:00
W-1152,TF,0.3,2026-09-03T20:30:00
W-1152,TF,0.3,2026-09-03T21:00:00
W-1152,TF,0.7,2026-09-03T21:30:00
W-1152,TF,0.4,2026-09-03T22:00:00
W-1152,TF,0.7,2026-09-03T22:30:00
W-1152,TF,0.6,2026-09-03T23:00:00
W-1152,TF,0.4,2026-09-03T23:30:00
W-1155,SRU,4.5,2026-09-03T00:00:00
W-1155,SRU,3.9,2026-09-03T00:30:00
W-1155,SRU,2.5,2026-09-03T01:00:00
W-1155,SRU,3.4,2026-09-03T01:30:00
W-1155,SRU,4.6,2026-09-03T02:00:00
W-1155,SRU,14.9,2026-09-03T02:30:00
W-1155,SRU,15.4,2026-09-03T03:00:00
W-1155,SRU,4.2,2026-09-03T03:30:00
W-1155,SRU,3.9,2026-09-03T04:00:00
W-1155,SRU,4.9,2026-09-03T04:30:00
W-1155,SRU,5.1,2026-09-03T05:00:00
W-1155,SRU,3.6,2026-09-03T05:30:00
W-1155,SRU,3.6,2026-09-03T06:00:00
W-1155,SRU,5.1,2026-09-03T06:30:00
W-1155,SRU,6.5,2026-09-03T07:00:00
W-1155,SRU,16.3,2026-09-03T07:30:00
W-1158,ARU,6.8,2026-09-03T08:00:00
W-1158,ARU,19.4,2026-09-03T08:30:00
W-1158,ARU,5.2,2026-09-03T09:00:00
W-1158,ARU,4.4,2026-09-03T09:30:00
W-1158,ARU,3.2,2026-09-03T10:00:00
W-1158,ARU,3.7,2026-09-03T10:30:00
W-1158,ARU,4.2,2026-09-03T11:00:00
W-1158,ARU,4.9,2026-09-03T11:30:00
W-1158,ARU,5.2,2026-09-03T12:00:00
W-1158,ARU,3.2,2026-09-03T12:30:00
W-1158,ARU,2.3,2026-09-03T13:00:00
W-1158,ARU,2.9,2026-09-03T13:30:00
W-1158,ARU,2.6,2026-09-03T14:00:00
W-1158,ARU,5.5,2026-09-03T14:30:00
W-1158,ARU,2.2,2026-09-03T15:00:00
W-1158,ARU,3.2,2026-09-03T15:30:00
W-1161,SWS,3.2,2026-09-03T16:00:00
W-1161,SWS,3.0,2026-09-03T16:30:00
W-1161,SWS,3.5,2026-09-03T17:00:00
W-1161,SWS,13.5,2026-09-03T17:30:00
W-1161,SWS,3.6,2026-09-03T18:00:00
W-1161,SWS,3.0,2026-09-03T18:30:00
W-1161,SWS,5.5,2026-09-03T19:00:00
W-1161,SWS,6.0,2026-09-03T19:30:00
W-1161,SWS,3.6,2026-09-03T20:00:00
W-1161,SWS,2.6,2026-09-03T20:30:00
W-1161,SWS,5.5,2026-09-03T21:00:00
W-1161,SWS,4.6,2026-09-03T21:30:00
W-1161,SWS,3.4,2026-09-03T22:00:00
W-1161,SWS,2.6,2026-09-03T22:30:00
W-1161,SWS,4.9,2026-09-03T23:00:00
W-1161,SWS,4.5,2026-09-03T23:30:00
W-1164,DCU,3.0,2026-09-03T00:00:00
W-1164,DCU,2.6,2026-09-03T00:30:00
W-1164,DCU,2.7,2026-09-03T01:00:00
W-1164,DCU,2.7,2026-09-03T01:30:00
W-1164,DCU,7.5,2026-09-03T02:00:00
W-1164,DCU,10.0,2026-09-03T02:30:00
W-1164,DCU,3.8,2026-09-03T03:00:00
W-1164,DCU,2.2,2026-09-03T03:30:00
W-1164,DCU,2.7,2026-09-03T04:00:00
W-1164,DCU,2.3,2026-09-03T04:30:00
W-1164,DCU,3.6,2026-09-03T05:00:00
W-1164,DCU,2.4,2026-09-03T05:30:00
W-1164,DCU,1.9,2026-09-03T06:00:00
W-1164,DCU,3.5,2026-09-03T06:30:00
W-1164,DCU,1.5,2026-09-03T07:00:00
W-1164,DCU,1.9,2026-09-03T07:30:00
W-1167,HCU,2.7,2026-09-03T08:00:00
W-1167,HCU,2.3,2026-09-03T08:30:00
W-1167,HCU,2.1,2026-09-03T09:00:00
W-1167,HCU,7.3,2026-09-03T09:30:00
W-1167,HCU,4.4,2026-09-03T10:00:00
W-1167,HCU,3.0,2026-09-03T10:30:00
W-1167,HCU,1.5,2026-09-03T11:00:00
W-1167,HCU,2.1,2026-09-03T11:30:00
W-1167,HCU,2.1,2026-09-03T12:00:00
W-1167,HCU,1.0,2026-09-03T12:30:00
W-1167,HCU,1.1,2026-09-03T13:00:00
W-1167,HCU,2.1,2026-09-03T13:30:00
W-1167,HCU,2.4,2026-09-03T14:00:00
W-1167,HCU,6.0,2026-09-03T14:30:00
W-1167,HCU,6.8,2026-09-03T15:00:00
W-1167,HCU,1.3,2026-09-03T15:30:00
W-1170,DHDT,0.9,2026-09-03T16:00:00
W-1170,DHDT,0.9,2026-09-03T16:30:00
W-1170,DHDT,2.1,2026-09-03T17:00:00
W-1170,DHDT,1.4,2026-09-03T17:30:00
W-1170,DHDT,1.7,2026-09-03T18:00:00
W-1170,DHDT,4.8,2026-09-03T18:30:00
W-1170,DHDT,1.9,2026-09-03T19:00:00
W-1170,DHDT,1.5,2026-09-03T19:30:00
W-1170,DHDT,2.2,2026-09-03T20:00:00
W-1170,DHDT,1.9,2026-09-03T20:30:00
W-1170,DHDT,1.7,2026-09-03T21:00:00
W-1170,DHDT,2.0,2026-09-03T21:30:00
W-1170,DHDT,1.5,2026-09-03T22:00:00
W-1170,DHDT,2.1,2026-09-03T22:30:00
W-1170,DHDT,2.0,2026-09-03T23:00:00
W-1170,DHDT,2.1,2026-09-03T23:30:00
W-1173,CDU-III,1.2,2026-09-03T00:00:00
W-1173,CDU-III,1.3,2026-09-03T00:30:00
W-1173,CDU-III,0.9,2026-09-03T01:00:00
W-1173,CDU-III,1.6,2026-09-03T01:30:00
W-1173,CDU-III,0.9,2026-09-03T02:00:00
W-1173,CDU-III,1.0,2026-09-03T02:30:00
W-1173,CDU-III,1.6,2026-09-03T03:00:00
W-1173,CDU-III,1.6,2026-09-03T03:30:00
W-1173,CDU-III,1.3,2026-09-03T04:00:00
W-1173,CDU-III,1.2,2026-09-03T04:30:00
W-1173,CDU-III,0.8,2026-09-03T05:00:00
W-1173,CDU-III,1.4,2026-09-03T05:30:00
W-1173,CDU-III,0.9,2026-09-03T06:00:00
W-1173,CDU-III,1.5,2026-09-03T06:30:00
W-1173,CDU-III,1.8,2026-09-03T07:00:00
W-1173,CDU-III,1.6,2026-09-03T07:30:00
W-1176,ETP,1.3,2026-09-03T08:00:00
W-1176,ETP,0.6,2026-09-03T08:30:00
W-1176,ETP,0.8,2026-09-03T09:00:00
W-1176,ETP,0.8,2026-09-03T09:30:00
W-1176,ETP,1.8,2026-09-03T10:00:00
W-1176,ETP,3.1,2026-09-03T10:30:00
W-1176,ETP,0.9,2026-09-03T11:00:00
W-1176,ETP,0.8,2026-09-03T11:30:00
W-1176,ETP,0.7,2026-09-03T12:00:00
W-1176,ETP,1.0,2026-09-03T12:30:00
W-1176,ETP,1.1,2026-09-03T13:00:00
W-1176,ETP,0.5,2026-09-03T13:30:00
W-1176,ETP,1.0,2026-09-03T14:00:00
W-1176,ETP,1.2,2026-09-03T14:30:00
W-1176,ETP,1.2,2026-09-03T15:00:00
W-1176,ETP,1.2,2026-09-03T15:30:00
W-1179,TF,0.6,2026-09-03T16:00:00
W-1179,TF,0.7,2026-09-03T16:30:00
W-1179,TF,0.6,2026-09-03T17:00:00
W-1179,TF,0.4,2026-09-03T17:30:00
W-1179,TF,0.3,2026-09-03T18:00:00
W-1179,TF,0.8,2026-09-03T18:30:00
W-1179,TF,0.7,2026-09-03T19:00:00
W-1179,TF,0.5,2026-09-03T19:30:00
W-1179,TF,0.5,2026-09-03T20:00:00
W-1179,TF,0.7,2026-09-03T20:30:00
W-1179,TF,0.4,2026-09-03T21:00:00
W-1179,TF,0.3,2026-09-03T21:30:00
W-1179,TF,0.5,2026-09-03T22:00:00
W-1179,TF,0.5,2026-09-03T22:30:00
W-1179,TF,0.7,2026-09-03T23:00:00
W-1179,TF,0.5,2026-09-03T23:30:00
W-1182,SRU,4.0,2026-09-03T00:00:00
W-1182,SRU,5.4,2026-09-03T00:30:00
W-1182,SRU,4.1,2026-09-03T01:00:00
W-1182,SRU,3.5,2026-09-03T01:30:00
W-1182,SRU,2.7,2026-09-03T02:00:00
W-1182,SRU,2.6,2026-09-03T02:30:00
W-1182,SRU,4.6,2026-09-03T03:00:00
W-1182,SRU,18.2,2026-09-03T03:30:00
W-1182,SRU,21.5,2026-09-03T04:00:00
W-1182,SRU,10.4,2026-09-03T04:30:00
W-1182,SRU,4.6,2026-09-03T05:00:00
W-1182,SRU,3.4,2026-09-03T05:30:00
W-1182,SRU,2.8,2026-09-03T06:00:00
W-1182,SRU,4.5,2026-09-03T06:30:00
W-1182,SRU,5.0,2026-09-03T07:00:00
W-1182,SRU,5.5,2026-09-03T07:30:00
W-1185,ARU,2.5,2026-09-03T08:00:00
W-1185,ARU,2.3,2026-09-03T08:30:00
W-1185,ARU,12.0,2026-09-03T09:00:00
W-1185,ARU,5.2,2026-09-03T09:30:00
W-1185,ARU,5.1,2026-09-03T10:00:00
W-1185,ARU,2.9,2026-09-03T10:30:00
W-1185,ARU,3.6,2026-09-03T11:00:00
W-1185,ARU,3.3,2026-09-03T11:30:00
W-1185,ARU,2.2,2026-09-03T12:00:00
W-1185,ARU,3.1,2026-09-03T12:30:00
W-1185,ARU,4.6,2026-09-03T13:00:00
W-1185,ARU,3.9,2026-09-03T13:30:00
W-1185,ARU,3.8,2026-09-03T14:00:00
W-1185,ARU,2.5,2026-09-03T14:30:00
W-1185,ARU,2.9,2026-09-03T15:00:00
W-1185,ARU,4.3,2026-09-03T15:30:00
W-1188,SWS,3.0,2026-09-03T16:00:00
W-1188,SWS,2.8,2026-09-03T16:30:00
W-1188,SWS,2.7,2026-09-03T17:00:00
W-1188,SWS,14.5,2026-09-03T17:30:00
W-1188,SWS,4.3,2026-09-03T18:00:00
W-1188,SWS,5.2,2026-09-03T18:30:00
W-1188,SWS,4.0,2026-09-03T19:00:00
W-1188,SWS,5.8,2026-09-03T19:30:00
W-1188,SWS,13.3,2026-09-03T20:00:00
W-1188,SWS,14.7,2026-09-03T20:30:00
W-1188,SWS,9.0,2026-09-03T21:00:00
W-1188,SWS,5.4,2026-09-03T21:30:00
W-1188,SWS,5.8,2026-09-03T22:00:00
W-1188,SWS,19.6,2026-09-03T22:30:00
W-1188,SWS,14.1,2026-09-03T23:00:00
W-1188,SWS,6.0,2026-09-03T23:30:00
W-1197,DHDT,2.3,2026-09-03T16:00:00
W-1197,DHDT,1.0,2026-09-03T16:30:00
W-1197,DHDT,1.6,2026-09-03T17:00:00
W-1197,DHDT,2.2,2026-09-03T17:30:00
W-1197,DHDT,1.3,2026-09-03T18:00:00
W-1197,DHDT,1.1,2026-09-03T18:30:00
W-1197,DHDT,1.6,2026-09-03T19:00:00
W-1197,DHDT,1.9,2026-09-03T19:30:00
W-1197,DHDT,3.5,2026-09-03T20:00:00
W-1197,DHDT,1.9,2026-09-03T20:30:00
W-1197,DHDT,1.4,2026-09-03T21:00:00
W-1197,DHDT,1.3,2026-09-03T21:30:00
W-1197,DHDT,1.2,2026-09-03T22:00:00
W-1197,DHDT,2.3,2026-09-03T22:30:00
W-1197,DHDT,1.4,2026-09-03T23:00:00
W-1197,DHDT,2.1,2026-09-03T23:30:00
W-1200,CDU-III,1.8,2026-09-03T00:00:00
W-1200,CDU-III,4.7,2026-09-03T00:30:00
W-1200,CDU-III,2.6,2026-09-03T01:00:00
W-1200,CDU-III,2.3,2026-09-03T01:30:00
W-1200,CDU-III,0.7,2026-09-03T02:00:00
W-1200,CDU-III,1.2,2026-09-03T02:30:00
W-1200,CDU-III,1.8,2026-09-03T03:00:00
W-1200,CDU-III,1.1,2026-09-03T03:30:00
W-1200,CDU-III,0.7,2026-09-03T04:00:00
W-1200,CDU-III,0.9,2026-09-03T04:30:00
W-1200,CDU-III,1.3,2026-09-03T05:00:00
W-1200,CDU-III,1.3,2026-09-03T05:30:00
W-1200,CDU-III,1.8,2026-09-03T06:00:00
W-1200,CDU-III,1.6,2026-09-03T06:30:00
W-1200,CDU-III,0.9,2026-09-03T07:00:00
W-1200,CDU-III,1.0,2026-09-03T07:30:00
W-1203,ETP,0.6,2026-09-03T08:00:00
W-1203,ETP,1.0,2026-09-03T08:30:00
W-1203,ETP,1.2,2026-09-03T09:00:00
W-1203,ETP,1.0,2026-09-03T09:30:00
W-1203,ETP,1.4,2026-09-03T10:00:00
W-1203,ETP,0.9,2026-09-03T10:30:00
W-1203,ETP,1.3,2026-09-03T11:00:00
W-1203,ETP,0.8,2026-09-03T11:30:00
W-1203,ETP,0.9,2026-09-03T12:00:00
W-1203,ETP,1.1,2026-09-03T12:30:00
W-1203,ETP,1.3,2026-09-03T13:00:00
W-1203,ETP,1.1,2026-09-03T13:30:00
W-1203,ETP,0.6,2026-09-03T14:00:00
W-1203,ETP,1.0,2026-09-03T14:30:00
W-1203,ETP,0.7,2026-09-03T15:00:00
W-1203,ETP,0.6,2026-09-03T15:30:00
W-1206,TF,0.3,2026-09-03T16:00:00
W-1206,TF,0.4,2026-09-03T16:30:00
W-1206,TF,0.6,2026-09-03T17:00:00
W-1206,TF,0.5,2026-09-03T17:30:00
W-1206,TF,0.5,2026-09-03T18:00:00
W-1206,TF,0.3,2026-09-03T18:30:00
W-1206,TF,0.5,2026-09-03T19:00:00
W-1206,TF,0.6,2026-09-03T19:30:00
W-1206,TF,0.3,2026-09-03T20:00:00
W-1206,TF,0.7,2026-09-03T20:30:00
W-1206,TF,0.4,2026-09-03T21:00:00
W-1206,TF,0.6,2026-09-03T21:30:00
W-1206,TF,0.7,2026-09-03T22:00:00
W-1206,TF,0.7,2026-09-03T22:30:00
W-1206,TF,0.5,2026-09-03T23:00:00
W-1206,TF,0.5,2026-09-03T23:30:00
W-1209,SRU,2.9,2026-09-03T00:00:00
W-1209,SRU,5.3,2026-09-03T00:30:00
W-1209,SRU,5.8,2026-09-03T01:00:00
W-1209,SRU,3.2,2026-09-03T01:30:00
W-1209,SRU,6.2,2026-09-03T02:00:00
W-1209,SRU,15.1,2026-09-03T02:30:00
W-1209,SRU,13.1,2026-09-03T03:00:00
W-1209,SRU,5.6,2026-09-03T03:30:00
W-1209,SRU,11.8,2026-09-03T04:00:00
W-1209,SRU,3.4,2026-09-03T04:30:00
W-1209,SRU,2.6,2026-09-03T05:00:00
W-1209,SRU,4.7,2026-09-03T05:30:00
W-1209,SRU,6.4,2026-09-03T06:00:00
W-1209,SRU,3.3,2026-09-03T06:30:00
W-1209,SRU,9.9,2026-09-03T07:00:00
W-1209,SRU,10.3,2026-09-03T07:30:00
W-1212,ARU,3.3,2026-09-03T08:00:00
W-1212,ARU,3.7,2026-09-03T08:30:00
W-1212,ARU,4.4,2026-09-03T09:00:00
W-1212,ARU,4.1,2026-09-03T09:30:00
W-1212,ARU,4.9,2026-09-03T10:00:00
W-1212,ARU,4.7,2026-09-03T10:30:00
W-1212,ARU,5.3,2026-09-03T11:00:00
W-1212,ARU,2.4,2026-09-03T11:30:00
W-1212,ARU,12.6,2026-09-03T12:00:00
W-1212,ARU,8.6,2026-09-03T12:30:00
W-1212,ARU,10.2,2026-09-03T13:00:00
W-1212,ARU,5.4,2026-09-03T13:30:00
W-1212,ARU,3.9,2026-09-03T14:00:00
W-1212,ARU,4.1,2026-09-03T14:30:00
W-1212,ARU,3.1,2026-09-03T15:00:00
W-1212,ARU,4.6,2026-09-03T15:30:00
W-1215,SWS,4.0,2026-09-03T16:00:00
W-1215,SWS,10.7,2026-09-03T16:30:00
W-1215,SWS,10.0,2026-09-03T17:00:00
W-1215,SWS,5.0,2026-09-03T17:30:00
W-1215,SWS,15.3,2026-09-03T18:00:00
W-1215,SWS,9.2,2026-09-03T18:30:00
W-1215,SWS,8.7,2026-09-03T19:00:00
W-1215,SWS,3.0,2026-09-03T19:30:00
W-1215,SWS,2.2,2026-09-03T20:00:00
W-1215,SWS,2.9,2026-09-03T20:30:00
W-1215,SWS,7.3,2026-09-03T21:00:00
W-1215,SWS,21.6,2026-09-03T21:30:00
W-1215,SWS,3.1,2026-09-03T22:00:00
W-1215,SWS,4.1,2026-09-03T22:30:00
W-1215,SWS,5.3,2026-09-03T23:00:00
W-1215,SWS,5.0,2026-09-03T23:30:00
W-1218,DCU,3.0,2026-09-03T00:00:00
W-1218,DCU,2.2,2026-09-03T00:30:00
W-1218,DCU,3.6,2026-09-03T01:00:00
W-1218,DCU,6.6,2026-09-03T01:30:00
W-1218,DCU,4.3,2026-09-03T02:00:00
W-1218,DCU,5.7,2026-09-03T02:30:00
W-1218,DCU,3.4,2026-09-03T03:00:00
W-1218,DCU,2.6,2026-09-03T03:30:00
W-1218,DCU,3.4,2026-09-03T04:00:00
W-1218,DCU,3.5,2026-09-03T04:30:00
W-1218,DCU,3.2,2026-09-03T05:00:00
W-1218,DCU,1.8,2026-09-03T05:30:00
W-1218,DCU,2.1,2026-09-03T06:00:00
W-1218,DCU,3.0,2026-09-03T06:30:00
W-1218,DCU,3.1,2026-09-03T07:00:00
W-1218,DCU,2.9,2026-09-03T07:30:00
W-1221,HCU,5.6,2026-09-03T08:00:00
W-1221,HCU,2.5,2026-09-03T08:30:00
W-1221,HCU,2.1,2026-09-03T09:00:00
W-1221,HCU,2.5,2026-09-03T09:30:00
W-1221,HCU,1.6,2026-09-03T10:00:00
W-1221,HCU,1.1,2026-09-03T10:30:00
W-1221,HCU,1.0,2026-09-03T11:00:00
W-1221,HCU,1.2,2026-09-03T11:30:00
W-1221,HCU,1.2,2026-09-03T12:00:00
W-1221,HCU,2.4,2026-09-03T12:30:00
W-1221,HCU,1.5,2026-09-03T13:00:00
W-1221,HCU,2.2,2026-09-03T13:30:00
W-1221,HCU,1.2,2026-09-03T14:00:00
W-1221,HCU,2.1,2026-09-03T14:30:00
W-1221,HCU,2.5,2026-09-03T15:00:00
W-1221,HCU,1.7,2026-09-03T15:30:00
W-1224,DHDT,1.4,2026-09-03T16:00:00
W-1224,DHDT,1.2,2026-09-03T16:30:00
W-1224,DHDT,1.1,2026-09-03T17:00:00
W-1224,DHDT,1.9,2026-09-03T17:30:00
W-1224,DHDT,2.2,2026-09-03T18:00:00
W-1224,DHDT,2.2,2026-09-03T18:30:00
W-1224,DHDT,2.0,2026-09-03T19:00:00
W-1224,DHDT,1.5,2026-09-03T19:30:00
W-1224,DHDT,1.1,2026-09-03T20:00:00
W-1224,DHDT,2.2,2026-09-03T20:30:00
W-1224,DHDT,1.9,2026-09-03T21:00:00
W-1224,DHDT,1.8,2026-09-03T21:30:00
W-1224,DHDT,1.5,2026-09-03T22:00:00
W-1224,DHDT,0.9,2026-09-03T22:30:00
W-1224,DHDT,2.0,2026-09-03T23:00:00
W-1224,DHDT,1.9,2026-09-03T23:30:00
W-1227,CDU-III,1.8,2026-09-03T00:00:00
W-1227,CDU-III,1.7,2026-09-03T00:30:00
W-1227,CDU-III,0.8,2026-09-03T01:00:00
W-1227,CDU-III,1.3,2026-09-03T01:30:00
W-1227,CDU-III,1.5,2026-09-03T02:00:00
W-1227,CDU-III,1.1,2026-09-03T02:30:00
W-1227,CDU-III,1.5,2026-09-03T03:00:00
W-1227,CDU-III,1.3,2026-09-03T03:30:00
W-1227,CDU-III,1.1,2026-09-03T04:00:00
W-1227,CDU-III,0.9,2026-09-03T04:30:00
W-1227,CDU-III,1.7,2026-09-03T05:00:00
W-1227,CDU-III,1.2,2026-09-03T05:30:00
W-1227,CDU-III,1.2,2026-09-03T06:00:00
W-1227,CDU-III,1.5,2026-09-03T06:30:00
W-1227,CDU-III,1.6,2026-09-03T07:00:00
W-1227,CDU-III,1.6,2026-09-03T07:30:00
W-1230,ETP,0.8,2026-09-03T08:00:00
W-1230,ETP,0.8,2026-09-03T08:30:00
W-1230,ETP,0.9,2026-09-03T09:00:00
W-1230,ETP,1.3,2026-09-03T09:30:00
W-1230,ETP,1.0,2026-09-03T10:00:00
W-1230,ETP,0.9,2026-09-03T10:30:00
W-1230,ETP,0.8,2026-09-03T11:00:00
W-1230,ETP,0.7,2026-09-03T11:30:00
W-1230,ETP,0.8,2026-09-03T12:00:00
W-1230,ETP,4.5,2026-09-03T12:30:00
W-1230,ETP,2.4,2026-09-03T13:00:00
W-1230,ETP,3.1,2026-09-03T13:30:00
W-1230,ETP,1.3,2026-09-03T14:00:00
W-1230,ETP,0.9,2026-09-03T14:30:00
W-1230,ETP,0.7,2026-09-03T15:00:00
W-1230,ETP,4.1,2026-09-03T15:30:00
W-1233,TF,0.4,2026-09-03T16:00:00
W-1233,TF,0.8,2026-09-03T16:30:00
W-1233,TF,0.4,2026-09-03T17:00:00
W-1233,TF,0.5,2026-09-03T17:30:00
W-1233,TF,0.6,2026-09-03T18:00:00
W-1233,TF,0.3,2026-09-03T18:30:00
W-1233,TF,0.7,2026-09-03T19:00:00
W-1233,TF,0.7,2026-09-03T19:30:00
W-1233,TF,0.3,2026-09-03T20:00:00
W-1233,TF,0.4,2026-09-03T20:30:00
W-1233,TF,0.7,2026-09-03T21:00:00
W-1233,TF,0.6,2026-09-03T21:30:00
W-1233,TF,0.6,2026-09-03T22:00:00
W-1233,TF,0.4,2026-09-03T22:30:00
W-1233,TF,0.3,2026-09-03T23:00:00
W-1233,TF,0.3,2026-09-03T23:30:00
W-1101,SRU,6.7,2026-09-04T00:00:00
W-1101,SRU,4.4,2026-09-04T00:30:00
W-1101,SRU,10.5,2026-09-04T01:00:00
W-1101,SRU,14.3,2026-09-04T01:30:00
W-1101,SRU,5.7,2026-09-04T02:00:00
W-1101,SRU,6.1,2026-09-04T02:30:00
W-1101,SRU,18.0,2026-09-04T03:00:00
W-1101,SRU,15.1,2026-09-04T03:30:00
W-1101,SRU,13.4,2026-09-04T04:00:00
W-1101,SRU,20.5,2026-09-04T04:30:00
W-1101,SRU,14.9,2026-09-04T05:00:00
W-1101,SRU,9.6,2026-09-04T05:30:00
W-1101,SRU,4.3,2026-09-04T06:00:00
W-1101,SRU,16.8,2026-09-04T06:30:00
W-1101,SRU,10.0,2026-09-04T07:00:00
W-1101,SRU,5.3,2026-09-04T07:30:00
W-1104,ARU,5.8,2026-09-04T08:00:00
W-1104,ARU,3.6,2026-09-04T08:30:00
W-1104,ARU,4.2,2026-09-04T09:00:00
W-1104,ARU,4.6,2026-09-04T09:30:00
W-1104,ARU,3.6,2026-09-04T10:00:00
W-1104,ARU,2.9,2026-09-04T10:30:00
W-1104,ARU,5.3,2026-09-04T11:00:00
W-1104,ARU,2.9,2026-09-04T11:30:00
W-1104,ARU,4.5,2026-09-04T12:00:00
W-1104,ARU,5.8,2026-09-04T12:30:00
W-1104,ARU,5.5,2026-09-04T13:00:00
W-1104,ARU,5.1,2026-09-04T13:30:00
W-1104,ARU,4.5,2026-09-04T14:00:00
W-1104,ARU,4.1,2026-09-04T14:30:00
W-1104,ARU,5.4,2026-09-04T15:00:00
W-1104,ARU,5.3,2026-09-04T15:30:00
W-1107,SWS,16.7,2026-09-04T16:00:00
W-1107,SWS,3.4,2026-09-04T16:30:00
W-1107,SWS,6.2,2026-09-04T17:00:00
W-1107,SWS,5.2,2026-09-04T17:30:00
W-1107,SWS,3.0,2026-09-04T18:00:00
W-1107,SWS,6.2,2026-09-04T18:30:00
W-1107,SWS,5.5,2026-09-04T19:00:00
W-1107,SWS,6.0,2026-09-04T19:30:00
W-1107,SWS,20.2,2026-09-04T20:00:00
W-1107,SWS,3.6,2026-09-04T20:30:00
W-1107,SWS,2.7,2026-09-04T21:00:00
W-1107,SWS,4.7,2026-09-04T21:30:00
W-1107,SWS,3.7,2026-09-04T22:00:00
W-1107,SWS,5.9,2026-09-04T22:30:00
W-1107,SWS,3.2,2026-09-04T23:00:00
W-1107,SWS,17.7,2026-09-04T23:30:00
W-1110,DCU,2.9,2026-09-04T00:00:00
W-1110,DCU,3.8,2026-09-04T00:30:00
W-1110,DCU,2.6,2026-09-04T01:00:00
W-1110,DCU,1.5,2026-09-04T01:30:00
W-1110,DCU,2.2,2026-09-04T02:00:00
W-1110,DCU,3.5,2026-09-04T02:30:00
W-1110,DCU,3.7,2026-09-04T03:00:00
W-1110,DCU,2.6,2026-09-04T03:30:00
W-1110,DCU,3.8,2026-09-04T04:00:00
W-1110,DCU,1.6,2026-09-04T04:30:00
W-1110,DCU,2.5,2026-09-04T05:00:00
W-1110,DCU,2.9,2026-09-04T05:30:00
W-1110,DCU,3.0,2026-09-04T06:00:00
W-1110,DCU,1.9,2026-09-04T06:30:00
W-1110,DCU,3.3,2026-09-04T07:00:00
W-1110,DCU,1.9,2026-09-04T07:30:00
W-1113,HCU,1.8,2026-09-04T08:00:00
W-1113,HCU,1.4,2026-09-04T08:30:00
W-1113,HCU,2.4,2026-09-04T09:00:00
W-1113,HCU,2.2,2026-09-04T09:30:00
W-1113,HCU,2.7,2026-09-04T10:00:00
W-1113,HCU,1.2,2026-09-04T10:30:00
W-1113,HCU,1.7,2026-09-04T11:00:00
W-1113,HCU,2.0,2026-09-04T11:30:00
W-1113,HCU,1.9,2026-09-04T12:00:00
W-1113,HCU,1.6,2026-09-04T12:30:00
W-1113,HCU,1.8,2026-09-04T13:00:00
W-1113,HCU,2.7,2026-09-04T13:30:00
W-1113,HCU,2.8,2026-09-04T14:00:00
W-1113,HCU,1.2,2026-09-04T14:30:00
W-1113,HCU,2.3,2026-09-04T15:00:00
W-1113,HCU,2.4,2026-09-04T15:30:00
W-1116,DHDT,2.2,2026-09-04T16:00:00
W-1116,DHDT,1.5,2026-09-04T16:30:00
W-1116,DHDT,2.0,2026-09-04T17:00:00
W-1116,DHDT,1.8,2026-09-04T17:30:00
W-1116,DHDT,1.2,2026-09-04T18:00:00
W-1116,DHDT,1.5,2026-09-04T18:30:00
W-1116,DHDT,1.9,2026-09-04T19:00:00
W-1116,DHDT,1.2,2026-09-04T19:30:00
W-1116,DHDT,1.2,2026-09-04T20:00:00
W-1116,DHDT,1.3,2026-09-04T20:30:00
W-1116,DHDT,2.2,2026-09-04T21:00:00
W-1116,DHDT,2.2,2026-09-04T21:30:00
W-1116,DHDT,0.9,2026-09-04T22:00:00
W-1116,DHDT,1.0,2026-09-04T22:30:00
W-1116,DHDT,2.3,2026-09-04T23:00:00
W-1116,DHDT,2.3,2026-09-04T23:30:00
W-1119,CDU-III,0.8,2026-09-04T00:00:00
W-1119,CDU-III,1.7,2026-09-04T00:30:00
W-1119,CDU-III,1.6,2026-09-04T01:00:00
W-1119,CDU-III,1.5,2026-09-04T01:30:00
W-1119,CDU-III,1.0,2026-09-04T02:00:00
W-1119,CDU-III,0.8,2026-09-04T02:30:00
W-1119,CDU-III,1.4,2026-09-04T03:00:00
W-1119,CDU-III,1.9,2026-09-04T03:30:00
W-1119,CDU-III,1.5,2026-09-04T04:00:00
W-1119,CDU-III,0.7,2026-09-04T04:30:00
W-1119,CDU-III,1.8,2026-09-04T05:00:00
W-1119,CDU-III,0.8,2026-09-04T05:30:00
W-1119,CDU-III,0.9,2026-09-04T06:00:00
W-1119,CDU-III,1.1,2026-09-04T06:30:00
W-1119,CDU-III,1.2,2026-09-04T07:00:00
W-1119,CDU-III,1.6,2026-09-04T07:30:00
W-1125,TF,0.8,2026-09-04T16:00:00
W-1125,TF,0.4,2026-09-04T16:30:00
W-1125,TF,0.8,2026-09-04T17:00:00
W-1125,TF,0.8,2026-09-04T17:30:00
W-1125,TF,0.8,2026-09-04T18:00:00
W-1125,TF,0.8,2026-09-04T18:30:00
W-1125,TF,0.6,2026-09-04T19:00:00
W-1125,TF,0.8,2026-09-04T19:30:00
W-1125,TF,0.8,2026-09-04T20:00:00
W-1125,TF,0.7,2026-09-04T20:30:00
W-1125,TF,0.8,2026-09-04T21:00:00
W-1125,TF,0.4,2026-09-04T21:30:00
W-1125,TF,0.6,2026-09-04T22:00:00
W-1125,TF,1.4,2026-09-04T22:30:00
W-1125,TF,0.8,2026-09-04T23:00:00
W-1125,TF,0.6,2026-09-04T23:30:00
W-1128,SRU,18.3,2026-09-04T00:00:00
W-1128,SRU,6.7,2026-09-04T00:30:00
W-1128,SRU,6.7,2026-09-04T01:00:00
W-1128,SRU,6.8,2026-09-04T01:30:00
W-1128,SRU,4.6,2026-09-04T02:00:00
W-1128,SRU,6.6,2026-09-04T02:30:00
W-1128,SRU,5.2,2026-09-04T03:00:00
W-1128,SRU,4.5,2026-09-04T03:30:00
W-1128,SRU,4.2,2026-09-04T04:00:00
W-1128,SRU,4.0,2026-09-04T04:30:00
W-1128,SRU,3.1,2026-09-04T05:00:00
W-1128,SRU,3.1,2026-09-04T05:30:00
W-1128,SRU,9.8,2026-09-04T06:00:00
W-1128,SRU,17.4,2026-09-04T06:30:00
W-1128,SRU,22.9,2026-09-04T07:00:00
W-1128,SRU,5.4,2026-09-04T07:30:00
W-1131,ARU,20.6,2026-09-04T08:00:00
W-1131,ARU,13.0,2026-09-04T08:30:00
W-1131,ARU,14.5,2026-09-04T09:00:00
W-1131,ARU,6.0,2026-09-04T09:30:00
W-1131,ARU,5.9,2026-09-04T10:00:00
W-1131,ARU,3.1,2026-09-04T10:30:00
W-1131,ARU,3.9,2026-09-04T11:00:00
W-1131,ARU,6.0,2026-09-04T11:30:00
W-1131,ARU,5.0,2026-09-04T12:00:00
W-1131,ARU,3.0,2026-09-04T12:30:00
W-1131,ARU,3.9,2026-09-04T13:00:00
W-1131,ARU,3.1,2026-09-04T13:30:00
W-1131,ARU,10.4,2026-09-04T14:00:00
W-1131,ARU,14.2,2026-09-04T14:30:00
W-1131,ARU,5.1,2026-09-04T15:00:00
W-1131,ARU,5.1,2026-09-04T15:30:00
W-1134,SWS,4.4,2026-09-04T16:00:00
W-1134,SWS,6.2,2026-09-04T16:30:00
W-1134,SWS,3.4,2026-09-04T17:00:00
W-1134,SWS,4.2,2026-09-04T17:30:00
W-1134,SWS,5.4,2026-09-04T18:00:00
W-1134,SWS,2.9,2026-09-04T18:30:00
W-1134,SWS,2.6,2026-09-04T19:00:00
W-1134,SWS,5.1,2026-09-04T19:30:00
W-1134,SWS,4.9,2026-09-04T20:00:00
W-1134,SWS,4.5,2026-09-04T20:30:00
W-1134,SWS,11.6,2026-09-04T21:00:00
W-1134,SWS,9.4,2026-09-04T21:30:00
W-1134,SWS,3.5,2026-09-04T22:00:00
W-1134,SWS,2.6,2026-09-04T22:30:00
W-1134,SWS,5.1,2026-09-04T23:00:00
W-1134,SWS,6.1,2026-09-04T23:30:00
W-1137,DCU,2.8,2026-09-04T00:00:00
W-1137,DCU,1.6,2026-09-04T00:30:00
W-1137,DCU,3.4,2026-09-04T01:00:00
W-1137,DCU,3.4,2026-09-04T01:30:00
W-1137,DCU,2.3,2026-09-04T02:00:00
W-1137,DCU,3.6,2026-09-04T02:30:00
W-1137,DCU,2.2,2026-09-04T03:00:00
W-1137,DCU,1.6,2026-09-04T03:30:00
W-1137,DCU,2.3,2026-09-04T04:00:00
W-1137,DCU,3.6,2026-09-04T04:30:00
W-1137,DCU,1.7,2026-09-04T05:00:00
W-1137,DCU,2.2,2026-09-04T05:30:00
W-1137,DCU,2.7,2026-09-04T06:00:00
W-1137,DCU,3.5,2026-09-04T06:30:00
W-1137,DCU,3.5,2026-09-04T07:00:00
W-1137,DCU,1.5,2026-09-04T07:30:00
W-1140,HCU,2.8,2026-09-04T08:00:00
W-1140,HCU,7.2,2026-09-04T08:30:00
W-1140,HCU,2.7,2026-09-04T09:00:00
W-1140,HCU,1.6,2026-09-04T09:30:00
W-1140,HCU,1.7,2026-09-04T10:00:00
W-1140,HCU,1.2,2026-09-04T10:30:00
W-1140,HCU,1.9,2026-09-04T11:00:00
W-1140,HCU,2.4,2026-09-04T11:30:00
W-1140,HCU,1.4,2026-09-04T12:00:00
W-1140,HCU,2.8,2026-09-04T12:30:00
W-1140,HCU,1.8,2026-09-04T13:00:00
W-1140,HCU,1.9,2026-09-04T13:30:00
W-1140,HCU,1.8,2026-09-04T14:00:00
W-1140,HCU,2.0,2026-09-04T14:30:00
W-1140,HCU,5.5,2026-09-04T15:00:00
W-1140,HCU,6.1,2026-09-04T15:30:00
W-1143,DHDT,1.5,2026-09-04T16:00:00
W-1143,DHDT,4.7,2026-09-04T16:30:00
W-1143,DHDT,2.2,2026-09-04T17:00:00
W-1143,DHDT,2.1,2026-09-04T17:30:00
W-1143,DHDT,1.3,2026-09-04T18:00:00
W-1143,DHDT,2.1,2026-09-04T18:30:00
W-1143,DHDT,2.0,2026-09-04T19:00:00
W-1143,DHDT,2.4,2026-09-04T19:30:00
W-1143,DHDT,2.5,2026-09-04T20:00:00
W-1143,DHDT,1.8,2026-09-04T20:30:00
W-1143,DHDT,2.4,2026-09-04T21:00:00
W-1143,DHDT,6.3,2026-09-04T21:30:00
W-1143,DHDT,5.8,2026-09-04T22:00:00
W-1143,DHDT,2.2,2026-09-04T22:30:00
W-1143,DHDT,1.0,2026-09-04T23:00:00
W-1143,DHDT,1.0,2026-09-04T23:30:00
W-1149,ETP,0.6,2026-09-04T08:00:00
W-1149,ETP,1.0,2026-09-04T08:30:00
W-1149,ETP,0.7,2026-09-04T09:00:00
W-1149,ETP,1.3,2026-09-04T09:30:00
W-1149,ETP,1.3,2026-09-04T10:00:00
W-1149,ETP,0.7,2026-09-04T10:30:00
W-1149,ETP,0.8,2026-09-04T11:00:00
W-1149,ETP,3.8,2026-09-04T11:30:00
W-1149,ETP,3.2,2026-09-04T12:00:00
W-1149,ETP,1.3,2026-09-04T12:30:00
W-1149,ETP,1.4,2026-09-04T13:00:00
W-1149,ETP,1.1,2026-09-04T13:30:00
W-1149,ETP,1.1,2026-09-04T14:00:00
W-1149,ETP,0.8,2026-09-04T14:30:00
W-1149,ETP,1.0,2026-09-04T15:00:00
W-1149,ETP,1.0,2026-09-04T15:30:00
W-1152,TF,0.5,2026-09-04T16:00:00
W-1152,TF,0.8,2026-09-04T16:30:00
W-1152,TF,0.8,2026-09-04T17:00:00
W-1152,TF,0.8,2026-09-04T17:30:00
W-1152,TF,0.5,2026-09-04T18:00:00
W-1152,TF,0.4,2026-09-04T18:30:00
W-1152,TF,0.6,2026-09-04T19:00:00
W-1152,TF,0.4,2026-09-04T19:30:00
W-1152,TF,0.6,2026-09-04T20:00:00
W-1152,TF,0.8,2026-09-04T20:30:00
W-1152,TF,0.5,2026-09-04T21:00:00
W-1152,TF,0.4,2026-09-04T21:30:00
W-1152,TF,0.3,2026-09-04T22:00:00
W-1152,TF,0.7,2026-09-04T22:30:00
W-1152,TF,0.5,2026-09-04T23:00:00
W-1152,TF,0.7,2026-09-04T23:30:00
W-1155,SRU,4.4,2026-09-04T00:00:00
W-1155,SRU,6.1,2026-09-04T00:30:00
W-1155,SRU,5.5,2026-09-04T01:00:00
W-1155,SRU,2.6,2026-09-04T01:30:00
W-1155,SRU,6.5,2026-09-04T02:00:00
W-1155,SRU,5.8,2026-09-04T02:30:00
W-1155,SRU,4.4,2026-09-04T03:00:00
W-1155,SRU,6.3,2026-09-04T03:30:00
W-1155,SRU,6.1,2026-09-04T04:00:00
W-1155,SRU,5.0,2026-09-04T04:30:00
W-1155,SRU,4.5,2026-09-04T05:00:00
W-1155,SRU,9.3,2026-09-04T05:30:00
W-1155,SRU,11.8,2026-09-04T06:00:00
W-1155,SRU,5.8,2026-09-04T06:30:00
W-1155,SRU,2.7,2026-09-04T07:00:00
W-1155,SRU,3.2,2026-09-04T07:30:00
W-1158,ARU,4.7,2026-09-04T08:00:00
W-1158,ARU,3.3,2026-09-04T08:30:00
W-1158,ARU,4.2,2026-09-04T09:00:00
W-1158,ARU,3.2,2026-09-04T09:30:00
W-1158,ARU,2.6,2026-09-04T10:00:00
W-1158,ARU,3.9,2026-09-04T10:30:00
W-1158,ARU,5.5,2026-09-04T11:00:00
W-1158,ARU,3.6,2026-09-04T11:30:00
W-1158,ARU,2.4,2026-09-04T12:00:00
W-1158,ARU,17.7,2026-09-04T12:30:00
W-1158,ARU,4.0,2026-09-04T13:00:00
W-1158,ARU,5.7,2026-09-04T13:30:00
W-1158,ARU,4.3,2026-09-04T14:00:00
W-1158,ARU,4.4,2026-09-04T14:30:00
W-1158,ARU,6.0,2026-09-04T15:00:00
W-1158,ARU,4.2,2026-09-04T15:30:00
W-1161,SWS,4.0,2026-09-04T16:00:00
W-1161,SWS,2.7,2026-09-04T16:30:00
W-1161,SWS,6.6,2026-09-04T17:00:00
W-1161,SWS,3.2,2026-09-04T17:30:00
W-1161,SWS,5.4,2026-09-04T18:00:00
W-1161,SWS,5.8,2026-09-04T18:30:00
W-1161,SWS,3.5,2026-09-04T19:00:00
W-1161,SWS,2.5,2026-09-04T19:30:00
W-1161,SWS,2.4,2026-09-04T20:00:00
W-1161,SWS,5.0,2026-09-04T20:30:00
W-1161,SWS,3.4,2026-09-04T21:00:00
W-1161,SWS,3.2,2026-09-04T21:30:00
W-1161,SWS,3.2,2026-09-04T22:00:00
W-1161,SWS,6.2,2026-09-04T22:30:00
W-1161,SWS,3.0,2026-09-04T23:00:00
W-1161,SWS,21.0,2026-09-04T23:30:00
W-1164,DCU,3.5,2026-09-04T00:00:00
W-1164,DCU,12.6,2026-09-04T00:30:00
W-1164,DCU,4.6,2026-09-04T01:00:00
W-1164,DCU,6.7,2026-09-04T01:30:00
W-1164,DCU,2.7,2026-09-04T02:00:00
W-1164,DCU,1.9,2026-09-04T02:30:00
W-1164,DCU,3.3,2026-09-04T03:00:00
W-1164,DCU,6.0,2026-09-04T03:30:00
W-1164,DCU,7.3,2026-09-04T04:00:00
W-1164,DCU,6.2,2026-09-04T04:30:00
W-1164,DCU,1.5,2026-09-04T05:00:00
W-1164,DCU,2.7,2026-09-04T05:30:00
W-1164,DCU,3.6,2026-09-04T06:00:00
W-1164,DCU,2.2,2026-09-04T06:30:00
W-1164,DCU,2.3,2026-09-04T07:00:00
W-1164,DCU,2.7,2026-09-04T07:30:00
W-1167,HCU,2.2,2026-09-04T08:00:00
W-1167,HCU,2.7,2026-09-04T08:30:00
W-1167,HCU,1.9,2026-09-04T09:00:00
W-1167,HCU,1.5,2026-09-04T09:30:00
W-1167,HCU,1.7,2026-09-04T10:00:00
W-1167,HCU,2.8,2026-09-04T10:30:00
W-1167,HCU,2.6,2026-09-04T11:00:00
W-1167,HCU,4.7,2026-09-04T11:30:00
W-1167,HCU,3.7,2026-09-04T12:00:00
W-1167,HCU,1.1,2026-09-04T12:30:00
W-1167,HCU,2.3,2026-09-04T13:00:00
W-1167,HCU,2.7,2026-09-04T13:30:00
W-1167,HCU,2.1,2026-09-04T14:00:00
W-1167,HCU,1.9,2026-09-04T14:30:00
W-1167,HCU,5.8,2026-09-04T15:00:00
W-1167,HCU,1.2,2026-09-04T15:30:00
W-1170,DHDT,2.2,2026-09-04T16:00:00
W-1170,DHDT,1.8,2026-09-04T16:30:00
W-1170,DHDT,2.2,2026-09-04T17:00:00
W-1170,DHDT,1.5,2026-09-04T17:30:00
W-1170,DHDT,1.7,2026-09-04T18:00:00
W-1170,DHDT,1.6,2026-09-04T18:30:00
W-1170,DHDT,2.1,2026-09-04T19:00:00
W-1170,DHDT,1.6,2026-09-04T19:30:00
W-1170,DHDT,2.5,2026-09-04T20:00:00
W-1170,DHDT,1.2,2026-09-04T20:30:00
W-1170,DHDT,1.1,2026-09-04T21:00:00
W-1170,DHDT,1.9,2026-09-04T21:30:00
W-1170,DHDT,1.4,2026-09-04T22:00:00
W-1170,DHDT,1.3,2026-09-04T22:30:00
W-1170,DHDT,1.0,2026-09-04T23:00:00
W-1170,DHDT,1.7,2026-09-04T23:30:00
W-1173,CDU-III,0.8,2026-09-04T00:00:00
W-1173,CDU-III,2.0,2026-09-04T00:30:00
W-1173,CDU-III,1.7,2026-09-04T01:00:00
W-1173,CDU-III,1.6,2026-09-04T01:30:00
W-1173,CDU-III,0.7,2026-09-04T02:00:00
W-1173,CDU-III,5.0,2026-09-04T02:30:00
W-1173,CDU-III,3.7,2026-09-04T03:00:00
W-1173,CDU-III,5.6,2026-09-04T03:30:00
W-1173,CDU-III,1.8,2026-09-04T04:00:00
W-1173,CDU-III,1.3,2026-09-04T04:30:00
W-1173,CDU-III,0.8,2026-09-04T05:00:00
W-1173,CDU-III,1.1,2026-09-04T05:30:00
W-1173,CDU-III,1.8,2026-09-04T06:00:00
W-1173,CDU-III,1.5,2026-09-04T06:30:00
W-1173,CDU-III,1.5,2026-09-04T07:00:00
W-1173,CDU-III,1.2,2026-09-04T07:30:00
W-1176,ETP,0.8,2026-09-04T08:00:00
W-1176,ETP,1.5,2026-09-04T08:30:00
W-1176,ETP,1.3,2026-09-04T09:00:00
W-1176,ETP,0.8,2026-09-04T09:30:00
W-1176,ETP,1.2,2026-09-04T10:00:00
W-1176,ETP,1.2,2026-09-04T10:30:00
W-1176,ETP,1.4,2026-09-04T11:00:00
W-1176,ETP,1.3,2026-09-04T11:30:00
W-1176,ETP,0.7,2026-09-04T12:00:00
W-1176,ETP,1.5,2026-09-04T12:30:00
W-1176,ETP,1.4,2026-09-04T13:00:00
W-1176,ETP,0.8,2026-09-04T13:30:00
W-1176,ETP,1.4,2026-09-04T14:00:00
W-1176,ETP,0.6,2026-09-04T14:30:00
W-1176,ETP,0.9,2026-09-04T15:00:00
W-1176,ETP,0.9,2026-09-04T15:30:00
W-1179,TF,0.7,2026-09-04T16:00:00
W-1179,TF,0.3,2026-09-04T16:30:00
W-1179,TF,0.5,2026-09-04T17:00:00
W-1179,TF,0.7,2026-09-04T17:30:00
W-1179,TF,0.7,2026-09-04T18:00:00
W-1179,TF,0.4,2026-09-04T18:30:00
W-1179,TF,0.8,2026-09-04T19:00:00
W-1179,TF,0.7,2026-09-04T19:30:00
W-1179,TF,0.7,2026-09-04T20:00:00
W-1179,TF,0.3,2026-09-04T20:30:00
W-1179,TF,0.6,2026-09-04T21:00:00
W-1179,TF,0.5,2026-09-04T21:30:00
W-1179,TF,0.4,2026-09-04T22:00:00
W-1179,TF,0.7,2026-09-04T22:30:00
W-1179,TF,0.5,2026-09-04T23:00:00
W-1179,TF,0.3,2026-09-04T23:30:00
W-1182,SRU,7.0,2026-09-04T00:00:00
W-1182,SRU,6.6,2026-09-04T00:30:00
W-1182,SRU,8.0,2026-09-04T01:00:00
W-1182,SRU,11.3,2026-09-04T01:30:00
W-1182,SRU,12.8,2026-09-04T02:00:00
W-1182,SRU,5.1,2026-09-04T02:30:00
W-1182,SRU,6.1,2026-09-04T03:00:00
W-1182,SRU,20.4,2026-09-04T03:30:00
W-1182,SRU,2.9,2026-09-04T04:00:00
W-1182,SRU,5.6,2026-09-04T04:30:00
W-1182,SRU,6.5,2026-09-04T05:00:00
W-1182,SRU,3.1,2026-09-04T05:30:00
W-1182,SRU,4.6,2026-09-04T06:00:00
W-1182,SRU,2.7,2026-09-04T06:30:00
W-1182,SRU,4.7,2026-09-04T07:00:00
W-1182,SRU,6.3,2026-09-04T07:30:00
W-1185,ARU,3.5,2026-09-04T08:00:00
W-1185,ARU,3.1,2026-09-04T08:30:00
W-1185,ARU,5.6,2026-09-04T09:00:00
W-1185,ARU,2.4,2026-09-04T09:30:00
W-1185,ARU,3.3,2026-09-04T10:00:00
W-1185,ARU,4.6,2026-09-04T10:30:00
W-1185,ARU,3.3,2026-09-04T11:00:00
W-1185,ARU,2.9,2026-09-04T11:30:00
W-1185,ARU,16.1,2026-09-04T12:00:00
W-1185,ARU,11.7,2026-09-04T12:30:00
W-1185,ARU,7.7,2026-09-04T13:00:00
W-1185,ARU,2.7,2026-09-04T13:30:00
W-1185,ARU,3.8,2026-09-04T14:00:00
W-1185,ARU,5.9,2026-09-04T14:30:00
W-1185,ARU,4.7,2026-09-04T15:00:00
W-1185,ARU,5.0,2026-09-04T15:30:00
W-1188,SWS,6.0,2026-09-04T16:00:00
W-1188,SWS,5.1,2026-09-04T16:30:00
W-1188,SWS,3.7,2026-09-04T17:00:00
W-1188,SWS,5.6,2026-09-04T17:30:00
W-1188,SWS,3.4,2026-09-04T18:00:00
W-1188,SWS,5.1,2026-09-04T18:30:00
W-1188,SWS,3.5,2026-09-04T19:00:00
W-1188,SWS,3.2,2026-09-04T19:30:00
W-1188,SWS,6.4,2026-09-04T20:00:00
W-1188,SWS,6.1,2026-09-04T20:30:00
W-1188,SWS,5.0,2026-09-04T21:00:00
W-1188,SWS,5.7,2026-09-04T21:30:00
W-1188,SWS,5.2,2026-09-04T22:00:00
W-1188,SWS,4.9,2026-09-04T22:30:00
W-1188,SWS,3.5,2026-09-04T23:00:00
W-1188,SWS,2.7,2026-09-04T23:30:00
W-1191,DCU,2.1,2026-09-04T00:00:00
W-1191,DCU,3.9,2026-09-04T00:30:00
W-1191,DCU,3.4,2026-09-04T01:00:00
W-1191,DCU,2.4,2026-09-04T01:30:00
W-1191,DCU,3.6,2026-09-04T02:00:00
W-1191,DCU,2.6,2026-09-04T02:30:00
W-1191,DCU,3.7,2026-09-04T03:00:00
W-1191,DCU,1.8,2026-09-04T03:30:00
W-1191,DCU,3.6,2026-09-04T04:00:00
W-1191,DCU,10.8,2026-09-04T04:30:00
W-1191,DCU,4.7,2026-09-04T05:00:00
W-1191,DCU,4.4,2026-09-04T05:30:00
W-1191,DCU,1.7,2026-09-04T06:00:00
W-1191,DCU,1.9,2026-09-04T06:30:00
W-1191,DCU,2.5,2026-09-04T07:00:00
W-1191,DCU,1.7,2026-09-04T07:30:00
W-1194,HCU,1.9,2026-09-04T08:00:00
W-1194,HCU,1.4,2026-09-04T08:30:00
W-1194,HCU,1.9,2026-09-04T09:00:00
W-1194,HCU,1.9,2026-09-04T09:30:00
W-1194,HCU,2.9,2026-09-04T10:00:00
W-1194,HCU,1.7,2026-09-04T10:30:00
W-1194,HCU,1.7,2026-09-04T11:00:00
W-1194,HCU,2.4,2026-09-04T11:30:00
W-1194,HCU,2.3,2026-09-04T12:00:00
W-1194,HCU,2.8,2026-09-04T12:30:00
W-1194,HCU,1.3,2026-09-04T13:00:00
W-1194,HCU,1.7,2026-09-04T13:30:00
W-1194,HCU,2.6,2026-09-04T14:00:00
W-1194,HCU,2.4,2026-09-04T14:30:00
W-1194,HCU,2.0,2026-09-04T15:00:00
W-1194,HCU,1.3,2026-09-04T15:30:00
W-1197,DHDT,1.0,2026-09-04T16:00:00
W-1197,DHDT,1.5,2026-09-04T16:30:00
W-1197,DHDT,1.5,2026-09-04T17:00:00
W-1197,DHDT,1.3,2026-09-04T17:30:00
W-1197,DHDT,2.3,2026-09-04T18:00:00
W-1197,DHDT,1.4,2026-09-04T18:30:00
W-1197,DHDT,1.2,2026-09-04T19:00:00
W-1197,DHDT,2.3,2026-09-04T19:30:00
W-1197,DHDT,1.9,2026-09-04T20:00:00
W-1197,DHDT,2.0,2026-09-04T20:30:00
W-1197,DHDT,1.4,2026-09-04T21:00:00
W-1197,DHDT,1.1,2026-09-04T21:30:00
W-1197,DHDT,2.9,2026-09-04T22:00:00
W-1197,DHDT,4.2,2026-09-04T22:30:00
W-1197,DHDT,1.0,2026-09-04T23:00:00
W-1197,DHDT,1.6,2026-09-04T23:30:00
W-1200,CDU-III,0.9,2026-09-04T00:00:00
W-1200,CDU-III,1.7,2026-09-04T00:30:00
W-1200,CDU-III,0.8,2026-09-04T01:00:00
W-1200,CDU-III,0.8,2026-09-04T01:30:00
W-1200,CDU-III,1.6,2026-09-04T02:00:00
W-1200,CDU-III,0.9,2026-09-04T02:30:00
W-1200,CDU-III,1.2,2026-09-04T03:00:00
W-1200,CDU-III,1.5,2026-09-04T03:30:00
W-1200,CDU-III,1.7,2026-09-04T04:00:00
W-1200,CDU-III,2.0,2026-09-04T04:30:00
W-1200,CDU-III,1.6,2026-09-04T05:00:00
W-1200,CDU-III,1.4,2026-09-04T05:30:00
W-1200,CDU-III,1.7,2026-09-04T06:00:00
W-1200,CDU-III,1.3,2026-09-04T06:30:00
W-1200,CDU-III,1.5,2026-09-04T07:00:00
W-1200,CDU-III,1.0,2026-09-04T07:30:00
W-1203,ETP,0.9,2026-09-04T08:00:00
W-1203,ETP,1.1,2026-09-04T08:30:00
W-1203,ETP,0.7,2026-09-04T09:00:00
W-1203,ETP,1.3,2026-09-04T09:30:00
W-1203,ETP,1.1,2026-09-04T10:00:00
W-1203,ETP,1.3,2026-09-04T10:30:00
W-1203,ETP,1.1,2026-09-04T11:00:00
W-1203,ETP,4.8,2026-09-04T11:30:00
W-1203,ETP,3.9,2026-09-04T12:00:00
W-1203,ETP,0.6,2026-09-04T12:30:00
W-1203,ETP,1.3,2026-09-04T13:00:00
W-1203,ETP,1.3,2026-09-04T13:30:00
W-1203,ETP,1.4,2026-09-04T14:00:00
W-1203,ETP,3.0,2026-09-04T14:30:00
W-1203,ETP,4.6,2026-09-04T15:00:00
W-1203,ETP,1.1,2026-09-04T15:30:00
W-1206,TF,0.8,2026-09-04T16:00:00
W-1206,TF,0.8,2026-09-04T16:30:00
W-1206,TF,0.4,2026-09-04T17:00:00
W-1206,TF,0.5,2026-09-04T17:30:00
W-1206,TF,0.3,2026-09-04T18:00:00
W-1206,TF,0.5,2026-09-04T18:30:00
W-1206,TF,0.4,2026-09-04T19:00:00
W-1206,TF,0.8,2026-09-04T19:30:00
W-1206,TF,0.6,2026-09-04T20:00:00
W-1206,TF,0.3,2026-09-04T20:30:00
W-1206,TF,0.7,2026-09-04T21:00:00
W-1206,TF,0.6,2026-09-04T21:30:00
W-1206,TF,0.8,2026-09-04T22:00:00
W-1206,TF,0.5,2026-09-04T22:30:00
W-1206,TF,0.7,2026-09-04T23:00:00
W-1206,TF,0.3,2026-09-04T23:30:00
W-1209,SRU,4.4,2026-09-04T00:00:00
W-1209,SRU,3.5,2026-09-04T00:30:00
W-1209,SRU,6.6,2026-09-04T01:00:00
W-1209,SRU,5.9,2026-09-04T01:30:00
W-1209,SRU,6.5,2026-09-04T02:00:00
W-1209,SRU,23.1,2026-09-04T02:30:00
W-1209,SRU,4.0,2026-09-04T03:00:00
W-1209,SRU,3.8,2026-09-04T03:30:00
W-1209,SRU,5.5,2026-09-04T04:00:00
W-1209,SRU,17.7,2026-09-04T04:30:00
W-1209,SRU,19.0,2026-09-04T05:00:00
W-1209,SRU,8.9,2026-09-04T05:30:00
W-1209,SRU,8.2,2026-09-04T06:00:00
W-1209,SRU,14.1,2026-09-04T06:30:00
W-1209,SRU,16.5,2026-09-04T07:00:00
W-1209,SRU,2.7,2026-09-04T07:30:00
W-1212,ARU,4.4,2026-09-04T08:00:00
W-1212,ARU,3.2,2026-09-04T08:30:00
W-1212,ARU,6.0,2026-09-04T09:00:00
W-1212,ARU,3.7,2026-09-04T09:30:00
W-1212,ARU,5.5,2026-09-04T10:00:00
W-1212,ARU,2.9,2026-09-04T10:30:00
W-1212,ARU,3.4,2026-09-04T11:00:00
W-1212,ARU,5.7,2026-09-04T11:30:00
W-1212,ARU,3.8,2026-09-04T12:00:00
W-1212,ARU,2.6,2026-09-04T12:30:00
W-1212,ARU,6.0,2026-09-04T13:00:00
W-1212,ARU,4.2,2026-09-04T13:30:00
W-1212,ARU,3.9,2026-09-04T14:00:00
W-1212,ARU,3.0,2026-09-04T14:30:00
W-1212,ARU,12.9,2026-09-04T15:00:00
W-1212,ARU,13.0,2026-09-04T15:30:00
W-1215,SWS,5.7,2026-09-04T16:00:00
W-1215,SWS,6.2,2026-09-04T16:30:00
W-1215,SWS,11.2,2026-09-04T17:00:00
W-1215,SWS,4.4,2026-09-04T17:30:00
W-1215,SWS,3.0,2026-09-04T18:00:00
W-1215,SWS,6.1,2026-09-04T18:30:00
W-1215,SWS,3.8,2026-09-04T19:00:00
W-1215,SWS,4.9,2026-09-04T19:30:00
W-1215,SWS,6.3,2026-09-04T20:00:00
W-1215,SWS,6.0,2026-09-04T20:30:00
W-1215,SWS,3.7,2026-09-04T21:00:00
W-1215,SWS,5.5,2026-09-04T21:30:00
W-1215,SWS,3.6,2026-09-04T22:00:00
W-1215,SWS,4.7,2026-09-04T22:30:00
W-1215,SWS,2.4,2026-09-04T23:00:00
W-1215,SWS,2.7,2026-09-04T23:30:00
W-1218,DCU,3.9,2026-09-04T00:00:00
W-1218,DCU,3.4,2026-09-04T00:30:00
W-1218,DCU,1.8,2026-09-04T01:00:00
W-1218,DCU,3.0,2026-09-04T01:30:00
W-1218,DCU,3.4,2026-09-04T02:00:00
W-1218,DCU,3.5,2026-09-04T02:30:00
W-1218,DCU,3.0,2026-09-04T03:00:00
W-1218,DCU,2.9,2026-09-04T03:30:00
W-1218,DCU,1.6,2026-09-04T04:00:00
W-1218,DCU,6.9,2026-09-04T04:30:00
W-1218,DCU,6.4,2026-09-04T05:00:00
W-1218,DCU,1.6,2026-09-04T05:30:00
W-1218,DCU,10.5,2026-09-04T06:00:00
W-1218,DCU,5.5,2026-09-04T06:30:00
W-1218,DCU,9.3,2026-09-04T07:00:00
W-1218,DCU,3.3,2026-09-04T07:30:00
W-1221,HCU,2.7,2026-09-04T08:00:00
W-1221,HCU,1.8,2026-09-04T08:30:00
W-1221,HCU,2.5,2026-09-04T09:00:00
W-1221,HCU,2.1,2026-09-04T09:30:00
W-1221,HCU,2.6,2026-09-04T10:00:00
W-1221,HCU,1.4,2026-09-04T10:30:00
W-1221,HCU,2.7,2026-09-04T11:00:00
W-1221,HCU,1.8,2026-09-04T11:30:00
W-1221,HCU,1.5,2026-09-04T12:00:00
W-1221,HCU,2.2,2026-09-04T12:30:00
W-1221,HCU,4.1,2026-09-04T13:00:00
W-1221,HCU,2.4,2026-09-04T13:30:00
W-1221,HCU,2.4,2026-09-04T14:00:00
W-1221,HCU,1.4,2026-09-04T14:30:00
W-1221,HCU,2.2,2026-09-04T15:00:00
W-1221,HCU,1.8,2026-09-04T15:30:00
W-1224,DHDT,3.2,2026-09-04T16:00:00
W-1224,DHDT,2.3,2026-09-04T16:30:00
W-1224,DHDT,0.9,2026-09-04T17:00:00
W-1224,DHDT,2.3,2026-09-04T17:30:00
W-1224,DHDT,1.9,2026-09-04T18:00:00
W-1224,DHDT,2.4,2026-09-04T18:30:00
W-1224,DHDT,2.4,2026-09-04T19:00:00
W-1224,DHDT,1.5,2026-09-04T19:30:00
W-1224,DHDT,2.8,2026-09-04T20:00:00
W-1224,DHDT,5.8,2026-09-04T20:30:00
W-1224,DHDT,3.6,2026-09-04T21:00:00
W-1224,DHDT,2.4,2026-09-04T21:30:00
W-1224,DHDT,2.2,2026-09-04T22:00:00
W-1224,DHDT,1.3,2026-09-04T22:30:00
W-1224,DHDT,1.8,2026-09-04T23:00:00
W-1224,DHDT,2.2,2026-09-04T23:30:00
W-1227,CDU-III,1.4,2026-09-04T00:00:00
W-1227,CDU-III,1.2,2026-09-04T00:30:00
W-1227,CDU-III,0.9,2026-09-04T01:00:00
W-1227,CDU-III,1.8,2026-09-04T01:30:00
W-1227,CDU-III,1.0,2026-09-04T02:00:00
W-1227,CDU-III,1.9,2026-09-04T02:30:00
W-1227,CDU-III,1.2,2026-09-04T03:00:00
W-1227,CDU-III,0.8,2026-09-04T03:30:00
W-1227,CDU-III,0.7,2026-09-04T04:00:00
W-1227,CDU-III,1.1,2026-09-04T04:30:00
W-1227,CDU-III,1.7,2026-09-04T05:00:00
W-1227,CDU-III,0.8,2026-09-04T05:30:00
W-1227,CDU-III,0.8,2026-09-04T06:00:00
W-1227,CDU-III,1.0,2026-09-04T06:30:00
W-1227,CDU-III,1.6,2026-09-04T07:00:00
W-1227,CDU-III,1.8,2026-09-04T07:30:00
W-1230,ETP,1.3,2026-09-04T08:00:00
W-1230,ETP,1.1,2026-09-04T08:30:00
W-1230,ETP,1.1,2026-09-04T09:00:00
W-1230,ETP,0.8,2026-09-04T09:30:00
W-1230,ETP,0.7,2026-09-04T10:00:00
W-1230,ETP,1.2,2026-09-04T10:30:00
W-1230,ETP,1.3,2026-09-04T11:00:00
W-1230,ETP,1.3,2026-09-04T11:30:00
W-1230,ETP,1.4,2026-09-04T12:00:00
W-1230,ETP,0.7,2026-09-04T12:30:00
W-1230,ETP,1.4,2026-09-04T13:00:00
W-1230,ETP,1.4,2026-09-04T13:30:00
W-1230,ETP,1.2,2026-09-04T14:00:00
W-1230,ETP,1.2,2026-09-04T14:30:00
W-1230,ETP,1.2,2026-09-04T15:00:00
W-1230,ETP,1.0,2026-09-04T15:30:00
W-1233,TF,0.4,2026-09-04T16:00:00
W-1233,TF,0.6,2026-09-04T16:30:00
W-1233,TF,0.4,2026-09-04T17:00:00
W-1233,TF,0.3,2026-09-04T17:30:00
W-1233,TF,0.8,2026-09-04T18:00:00
W-1233,TF,0.7,2026-09-04T18:30:00
W-1233,TF,0.5,2026-09-04T19:00:00
W-1233,TF,0.6,2026-09-04T19:30:00
W-1233,TF,0.6,2026-09-04T20:00:00
W-1233,TF,0.4,2026-09-04T20:30:00
W-1233,TF,0.7,2026-09-04T21:00:00
W-1233,TF,0.6,2026-09-04T21:30:00
W-1233,TF,0.7,2026-09-04T22:00:00
W-1233,TF,0.8,2026-09-04T22:30:00
W-1233,TF,0.4,2026-09-04T23:00:00
W-1233,TF,0.5,2026-09-04T23:30:00
W-1101,SRU,4.1,2026-09-05T00:00:00
W-1101,SRU,4.9,2026-09-05T00:30:00
W-1101,SRU,5.2,2026-09-05T01:00:00
W-1101,SRU,5.1,2026-09-05T01:30:00
W-1101,SRU,3.0,2026-09-05T02:00:00
W-1101,SRU,3.4,2026-09-05T02:30:00
W-1101,SRU,3.6,2026-09-05T03:00:00
W-1101,SRU,2.5,2026-09-05T03:30:00
W-1101,SRU,3.9,2026-09-05T04:00:00
W-1101,SRU,4.7,2026-09-05T04:30:00
W-1101,SRU,6.0,2026-09-05T05:00:00
W-1101,SRU,12.2,2026-09-05T05:30:00
W-1101,SRU,13.1,2026-09-05T06:00:00
W-1101,SRU,14.0,2026-09-05T06:30:00
W-1101,SRU,2.4,2026-09-05T07:00:00
W-1101,SRU,2.8,2026-09-05T07:30:00
W-1104,ARU,5.5,2026-09-05T08:00:00
W-1104,ARU,2.1,2026-09-05T08:30:00
W-1104,ARU,3.5,2026-09-05T09:00:00
W-1104,ARU,4.3,2026-09-05T09:30:00
W-1104,ARU,3.6,2026-09-05T10:00:00
W-1104,ARU,3.1,2026-09-05T10:30:00
W-1104,ARU,14.5,2026-09-05T11:00:00
W-1104,ARU,13.0,2026-09-05T11:30:00
W-1104,ARU,5.1,2026-09-05T12:00:00
W-1104,ARU,3.0,2026-09-05T12:30:00
W-1104,ARU,2.3,2026-09-05T13:00:00
W-1104,ARU,3.3,2026-09-05T13:30:00
W-1104,ARU,3.5,2026-09-05T14:00:00
W-1104,ARU,3.3,2026-09-05T14:30:00
W-1104,ARU,3.5,2026-09-05T15:00:00
W-1104,ARU,3.6,2026-09-05T15:30:00
W-1107,SWS,5.5,2026-09-05T16:00:00
W-1107,SWS,2.8,2026-09-05T16:30:00
W-1107,SWS,3.1,2026-09-05T17:00:00
W-1107,SWS,5.8,2026-09-05T17:30:00
W-1107,SWS,5.5,2026-09-05T18:00:00
W-1107,SWS,5.0,2026-09-05T18:30:00
W-1107,SWS,4.0,2026-09-05T19:00:00
W-1107,SWS,5.5,2026-09-05T19:30:00
W-1107,SWS,3.4,2026-09-05T20:00:00
W-1107,SWS,3.6,2026-09-05T20:30:00
W-1107,SWS,3.1,2026-09-05T21:00:00
W-1107,SWS,2.9,2026-09-05T21:30:00
W-1107,SWS,5.1,2026-09-05T22:00:00
W-1107,SWS,3.6,2026-09-05T22:30:00
W-1107,SWS,4.8,2026-09-05T23:00:00
W-1107,SWS,4.4,2026-09-05T23:30:00
W-1113,HCU,1.7,2026-09-05T08:00:00
W-1113,HCU,2.6,2026-09-05T08:30:00
W-1113,HCU,2.2,2026-09-05T09:00:00
W-1113,HCU,2.1,2026-09-05T09:30:00
W-1113,HCU,7.1,2026-09-05T10:00:00
W-1113,HCU,5.2,2026-09-05T10:30:00
W-1113,HCU,2.4,2026-09-05T11:00:00
W-1113,HCU,2.2,2026-09-05T11:30:00
W-1113,HCU,2.3,2026-09-05T12:00:00
W-1113,HCU,1.8,2026-09-05T12:30:00
W-1113,HCU,2.3,2026-09-05T13:00:00
W-1113,HCU,1.1,2026-09-05T13:30:00
W-1113,HCU,1.8,2026-09-05T14:00:00
W-1113,HCU,1.6,2026-09-05T14:30:00
W-1113,HCU,1.5,2026-09-05T15:00:00
W-1113,HCU,1.6,2026-09-05T15:30:00
W-1116,DHDT,1.7,2026-09-05T16:00:00
W-1116,DHDT,2.2,2026-09-05T16:30:00
W-1116,DHDT,1.1,2026-09-05T17:00:00
W-1116,DHDT,1.6,2026-09-05T17:30:00
W-1116,DHDT,2.0,2026-09-05T18:00:00
W-1116,DHDT,1.5,2026-09-05T18:30:00
W-1116,DHDT,1.9,2026-09-05T19:00:00
W-1116,DHDT,1.7,2026-09-05T19:30:00
W-1116,DHDT,1.8,2026-09-05T20:00:00
W-1116,DHDT,1.5,2026-09-05T20:30:00
W-1116,DHDT,1.7,2026-09-05T21:00:00
W-1116,DHDT,1.7,2026-09-05T21:30:00
W-1116,DHDT,0.9,2026-09-05T22:00:00
W-1116,DHDT,1.6,2026-09-05T22:30:00
W-1116,DHDT,1.8,2026-09-05T23:00:00
W-1116,DHDT,1.5,2026-09-05T23:30:00
W-1119,CDU-III,1.4,2026-09-05T00:00:00
W-1119,CDU-III,1.6,2026-09-05T00:30:00
W-1119,CDU-III,1.2,2026-09-05T01:00:00
W-1119,CDU-III,1.2,2026-09-05T01:30:00
W-1119,CDU-III,1.2,2026-09-05T02:00:00
W-1119,CDU-III,1.6,2026-09-05T02:30:00
W-1119,CDU-III,3.1,2026-09-05T03:00:00
W-1119,CDU-III,1.7,2026-09-05T03:30:00
W-1119,CDU-III,1.7,2026-09-05T04:00:00
W-1119,CDU-III,1.2,2026-09-05T04:30:00
W-1119,CDU-III,1.5,2026-09-05T05:00:00
W-1119,CDU-III,1.8,2026-09-05T05:30:00
W-1119,CDU-III,1.2,2026-09-05T06:00:00
W-1119,CDU-III,1.2,2026-09-05T06:30:00
W-1119,CDU-III,0.9,2026-09-05T07:00:00
W-1119,CDU-III,1.1,2026-09-05T07:30:00
W-1122,ETP,1.1,2026-09-05T08:00:00
W-1122,ETP,0.6,2026-09-05T08:30:00
W-1122,ETP,1.1,2026-09-05T09:00:00
W-1122,ETP,1.2,2026-09-05T09:30:00
W-1122,ETP,1.2,2026-09-05T10:00:00
W-1122,ETP,0.6,2026-09-05T10:30:00
W-1122,ETP,2.4,2026-09-05T11:00:00
W-1122,ETP,3.8,2026-09-05T11:30:00
W-1122,ETP,0.8,2026-09-05T12:00:00
W-1122,ETP,0.8,2026-09-05T12:30:00
W-1122,ETP,0.9,2026-09-05T13:00:00
W-1122,ETP,1.0,2026-09-05T13:30:00
W-1122,ETP,1.0,2026-09-05T14:00:00
W-1122,ETP,0.6,2026-09-05T14:30:00
W-1122,ETP,0.7,2026-09-05T15:00:00
W-1122,ETP,0.5,2026-09-05T15:30:00
W-1125,TF,0.3,2026-09-05T16:00:00
W-1125,TF,0.6,2026-09-05T16:30:00
W-1125,TF,0.7,2026-09-05T17:00:00
W-1125,TF,0.7,2026-09-05T17:30:00
W-1125,TF,0.6,2026-09-05T18:00:00
W-1125,TF,0.4,2026-09-05T18:30:00
W-1125,TF,0.6,2026-09-05T19:00:00
W-1125,TF,0.4,2026-09-05T19:30:00
W-1125,TF,0.5,2026-09-05T20:00:00
W-1125,TF,0.4,2026-09-05T20:30:00
W-1125,TF,0.3,2026-09-05T21:00:00
W-1125,TF,0.7,2026-09-05T21:30:00
W-1125,TF,0.6,2026-09-05T22:00:00
W-1125,TF,0.6,2026-09-05T22:30:00
W-1125,TF,0.7,2026-09-05T23:00:00
W-1125,TF,0.3,2026-09-05T23:30:00
W-1128,SRU,3.2,2026-09-05T00:00:00
W-1128,SRU,5.4,2026-09-05T00:30:00
W-1128,SRU,2.9,2026-09-05T01:00:00
W-1128,SRU,2.5,2026-09-05T01:30:00
W-1128,SRU,3.4,2026-09-05T02:00:00
W-1128,SRU,4.9,2026-09-05T02:30:00
W-1128,SRU,5.1,2026-09-05T03:00:00
W-1128,SRU,3.8,2026-09-05T03:30:00
W-1128,SRU,4.8,2026-09-05T04:00:00
W-1128,SRU,3.0,2026-09-05T04:30:00
W-1128,SRU,21.6,2026-09-05T05:00:00
W-1128,SRU,5.1,2026-09-05T05:30:00
W-1128,SRU,6.1,2026-09-05T06:00:00
W-1128,SRU,4.0,2026-09-05T06:30:00
W-1128,SRU,16.4,2026-09-05T07:00:00
W-1128,SRU,16.5,2026-09-05T07:30:00
W-1131,ARU,2.5,2026-09-05T08:00:00
W-1131,ARU,3.9,2026-09-05T08:30:00
W-1131,ARU,5.2,2026-09-05T09:00:00
W-1131,ARU,2.1,2026-09-05T09:30:00
W-1131,ARU,2.5,2026-09-05T10:00:00
W-1131,ARU,2.4,2026-09-05T10:30:00
W-1131,ARU,4.3,2026-09-05T11:00:00
W-1131,ARU,4.5,2026-09-05T11:30:00
W-1131,ARU,4.1,2026-09-05T12:00:00
W-1131,ARU,5.3,2026-09-05T12:30:00
W-1131,ARU,3.4,2026-09-05T13:00:00
W-1131,ARU,4.2,2026-09-05T13:30:00
W-1131,ARU,2.1,2026-09-05T14:00:00
W-1131,ARU,3.6,2026-09-05T14:30:00
W-1131,ARU,3.4,2026-09-05T15:00:00
W-1131,ARU,4.2,2026-09-05T15:30:00
W-1134,SWS,5.5,2026-09-05T16:00:00
W-1134,SWS,5.0,2026-09-05T16:30:00
W-1134,SWS,4.2,2026-09-05T17:00:00
W-1134,SWS,4.5,2026-09-05T17:30:00
W-1134,SWS,4.5,2026-09-05T18:00:00
W-1134,SWS,14.0,2026-09-05T18:30:00
W-1134,SWS,9.3,2026-09-05T19:00:00
W-1134,SWS,2.5,2026-09-05T19:30:00
W-1134,SWS,3.4,2026-09-05T20:00:00
W-1134,SWS,4.2,2026-09-05T20:30:00
W-1134,SWS,2.2,2026-09-05T21:00:00
W-1134,SWS,4.6,2026-09-05T21:30:00
W-1134,SWS,3.1,2026-09-05T22:00:00
W-1134,SWS,2.9,2026-09-05T22:30:00
W-1134,SWS,5.9,2026-09-05T23:00:00
W-1134,SWS,5.1,2026-09-05T23:30:00
W-1137,DCU,1.5,2026-09-05T00:00:00
W-1137,DCU,1.6,2026-09-05T00:30:00
W-1137,DCU,3.5,2026-09-05T01:00:00
W-1137,DCU,3.0,2026-09-05T01:30:00
W-1137,DCU,2.8,2026-09-05T02:00:00
W-1137,DCU,1.4,2026-09-05T02:30:00
W-1137,DCU,3.4,2026-09-05T03:00:00
W-1137,DCU,3.1,2026-09-05T03:30:00
W-1137,DCU,2.1,2026-09-05T04:00:00
W-1137,DCU,3.5,2026-09-05T04:30:00
W-1137,DCU,3.5,2026-09-05T05:00:00
W-1137,DCU,3.4,2026-09-05T05:30:00
W-1137,DCU,3.4,2026-09-05T06:00:00
W-1137,DCU,3.2,2026-09-05T06:30:00
W-1137,DCU,1.5,2026-09-05T07:00:00
W-1137,DCU,3.1,2026-09-05T07:30:00
W-1140,HCU,1.1,2026-09-05T08:00:00
W-1140,HCU,2.7,2026-09-05T08:30:00
W-1140,HCU,1.8,2026-09-05T09:00:00
W-1140,HCU,1.9,2026-09-05T09:30:00
W-1140,HCU,2.0,2026-09-05T10:00:00
W-1140,HCU,1.1,2026-09-05T10:30:00
W-1140,HCU,1.0,2026-09-05T11:00:00
W-1140,HCU,2.0,2026-09-05T11:30:00
W-1140,HCU,1.4,2026-09-05T12:00:00
W-1140,HCU,1.8,2026-09-05T12:30:00
W-1140,HCU,2.6,2026-09-05T13:00:00
W-1140,HCU,2.0,2026-09-05T13:30:00
W-1140,HCU,1.3,2026-09-05T14:00:00
W-1140,HCU,2.2,2026-09-05T14:30:00
W-1140,HCU,1.6,2026-09-05T15:00:00
W-1140,HCU,1.3,2026-09-05T15:30:00
W-1146,CDU-III,0.9,2026-09-05T00:00:00
W-1146,CDU-III,1.1,2026-09-05T00:30:00
W-1146,CDU-III,1.4,2026-09-05T01:00:00
W-1146,CDU-III,1.6,2026-09-05T01:30:00
W-1146,CDU-III,0.7,2026-09-05T02:00:00
W-1146,CDU-III,1.1,2026-09-05T02:30:00
W-1146,CDU-III,1.7,2026-09-05T03:00:00
W-1146,CDU-III,0.8,2026-09-05T03:30:00
W-1146,CDU-III,1.1,2026-09-05T04:00:00
W-1146,CDU-III,1.4,2026-09-05T04:30:00
W-1146,CDU-III,1.0,2026-09-05T05:00:00
W-1146,CDU-III,1.2,2026-09-05T05:30:00
W-1146,CDU-III,1.3,2026-09-05T06:00:00
W-1146,CDU-III,1.7,2026-09-05T06:30:00
W-1146,CDU-III,1.7,2026-09-05T07:00:00
W-1146,CDU-III,1.3,2026-09-05T07:30:00
W-1155,SRU,7.2,2026-09-05T00:00:00
W-1155,SRU,12.7,2026-09-05T00:30:00
W-1155,SRU,20.1,2026-09-05T01:00:00
W-1155,SRU,3.1,2026-09-05T01:30:00
W-1155,SRU,2.4,2026-09-05T02:00:00
W-1155,SRU,5.4,2026-09-05T02:30:00
W-1155,SRU,13.2,2026-09-05T03:00:00
W-1155,SRU,8.1,2026-09-05T03:30:00
W-1155,SRU,3.8,2026-09-05T04:00:00
W-1155,SRU,4.7,2026-09-05T04:30:00
W-1155,SRU,6.4,2026-09-05T05:00:00
W-1155,SRU,18.0,2026-09-05T05:30:00
W-1155,SRU,4.0,2026-09-05T06:00:00
W-1155,SRU,2.8,2026-09-05T06:30:00
W-1155,SRU,2.7,2026-09-05T07:00:00
W-1155,SRU,2.8,2026-09-05T07:30:00
W-1161,SWS,5.2,2026-09-05T16:00:00
W-1161,SWS,5.9,2026-09-05T16:30:00
W-1161,SWS,5.2,2026-09-05T17:00:00
W-1161,SWS,8.4,2026-09-05T17:30:00
W-1161,SWS,22.7,2026-09-05T18:00:00
W-1161,SWS,2.6,2026-09-05T18:30:00
W-1161,SWS,4.2,2026-09-05T19:00:00
W-1161,SWS,5.8,2026-09-05T19:30:00
W-1161,SWS,4.3,2026-09-05T20:00:00
W-1161,SWS,5.2,2026-09-05T20:30:00
W-1161,SWS,4.5,2026-09-05T21:00:00
W-1161,SWS,5.4,2026-09-05T21:30:00
W-1161,SWS,3.9,2026-09-05T22:00:00
W-1161,SWS,4.0,2026-09-05T22:30:00
W-1161,SWS,2.2,2026-09-05T23:00:00
W-1161,SWS,5.2,2026-09-05T23:30:00
W-1164,DCU,2.4,2026-09-05T00:00:00
W-1164,DCU,2.1,2026-09-05T00:30:00
W-1164,DCU,1.8,2026-09-05T01:00:00
W-1164,DCU,1.9,2026-09-05T01:30:00
W-1164,DCU,3.5,2026-09-05T02:00:00
W-1164,DCU,3.5,2026-09-05T02:30:00
W-1164,DCU,2.4,2026-09-05T03:00:00
W-1164,DCU,3.0,2026-09-05T03:30:00
W-1164,DCU,7.1,2026-09-05T04:00:00
W-1164,DCU,4.1,2026-09-05T04:30:00
W-1164,DCU,4.6,2026-09-05T05:00:00
W-1164,DCU,1.4,2026-09-05T05:30:00
W-1164,DCU,9.2,2026-09-05T06:00:00
W-1164,DCU,8.6,2026-09-05T06:30:00
W-1164,DCU,7.6,2026-09-05T07:00:00
W-1164,DCU,2.7,2026-09-05T07:30:00
W-1167,HCU,2.1,2026-09-05T08:00:00
W-1167,HCU,1.2,2026-09-05T08:30:00
W-1167,HCU,1.2,2026-09-05T09:00:00
W-1167,HCU,1.7,2026-09-05T09:30:00
W-1167,HCU,1.9,2026-09-05T10:00:00
W-1167,HCU,1.7,2026-09-05T10:30:00
W-1167,HCU,2.6,2026-09-05T11:00:00
W-1167,HCU,1.7,2026-09-05T11:30:00
W-1167,HCU,1.2,2026-09-05T12:00:00
W-1167,HCU,2.1,2026-09-05T12:30:00
W-1167,HCU,1.8,2026-09-05T13:00:00
W-1167,HCU,2.5,2026-09-05T13:30:00
W-1167,HCU,2.6,2026-09-05T14:00:00
W-1167,HCU,1.3,2026-09-05T14:30:00
W-1167,HCU,1.2,2026-09-05T15:00:00
W-1167,HCU,2.0,2026-09-05T15:30:00
W-1173,CDU-III,1.6,2026-09-05T00:00:00
W-1173,CDU-III,1.0,2026-09-05T00:30:00
W-1173,CDU-III,1.6,2026-09-05T01:00:00
W-1173,CDU-III,1.4,2026-09-05T01:30:00
W-1173,CDU-III,3.7,2026-09-05T02:00:00
W-1173,CDU-III,2.2,2026-09-05T02:30:00
W-1173,CDU-III,4.5,2026-09-05T03:00:00
W-1173,CDU-III,1.0,2026-09-05T03:30:00
W-1173,CDU-III,4.1,2026-09-05T04:00:00
W-1173,CDU-III,3.8,2026-09-05T04:30:00
W-1173,CDU-III,3.3,2026-09-05T05:00:00
W-1173,CDU-III,1.1,2026-09-05T05:30:00
W-1173,CDU-III,0.7,2026-09-05T06:00:00
W-1173,CDU-III,4.3,2026-09-05T06:30:00
W-1173,CDU-III,0.7,2026-09-05T07:00:00
W-1173,CDU-III,1.4,2026-09-05T07:30:00
W-1176,ETP,1.3,2026-09-05T08:00:00
W-1176,ETP,0.7,2026-09-05T08:30:00
W-1176,ETP,0.6,2026-09-05T09:00:00
W-1176,ETP,1.4,2026-09-05T09:30:00
W-1176,ETP,1.3,2026-09-05T10:00:00
W-1176,ETP,1.1,2026-09-05T10:30:00
W-1176,ETP,0.5,2026-09-05T11:00:00
W-1176,ETP,0.6,2026-09-05T11:30:00
W-1176,ETP,1.3,2026-09-05T12:00:00
W-1176,ETP,1.3,2026-09-05T12:30:00
W-1176,ETP,1.1,2026-09-05T13:00:00
W-1176,ETP,1.3,2026-09-05T13:30:00
W-1176,ETP,1.1,2026-09-05T14:00:00
W-1176,ETP,3.3,2026-09-05T14:30:00
W-1176,ETP,1.2,2026-09-05T15:00:00
W-1176,ETP,1.3,2026-09-05T15:30:00
W-1179,TF,0.4,2026-09-05T16:00:00
W-1179,TF,0.5,2026-09-05T16:30:00
W-1179,TF,0.7,2026-09-05T17:00:00
W-1179,TF,0.7,2026-09-05T17:30:00
W-1179,TF,0.3,2026-09-05T18:00:00
W-1179,TF,0.3,2026-09-05T18:30:00
W-1179,TF,0.6,2026-09-05T19:00:00
W-1179,TF,0.3,2026-09-05T19:30:00
W-1179,TF,0.7,2026-09-05T20:00:00
W-1179,TF,0.6,2026-09-05T20:30:00
W-1179,TF,0.3,2026-09-05T21:00:00
W-1179,TF,0.7,2026-09-05T21:30:00
W-1179,TF,0.6,2026-09-05T22:00:00
W-1179,TF,0.7,2026-09-05T22:30:00
W-1179,TF,0.6,2026-09-05T23:00:00
W-1179,TF,0.6,2026-09-05T23:30:00
W-1182,SRU,3.3,2026-09-05T00:00:00
W-1182,SRU,6.3,2026-09-05T00:30:00
W-1182,SRU,3.9,2026-09-05T01:00:00
W-1182,SRU,2.5,2026-09-05T01:30:00
W-1182,SRU,2.6,2026-09-05T02:00:00
W-1182,SRU,5.6,2026-09-05T02:30:00
W-1182,SRU,5.8,2026-09-05T03:00:00
W-1182,SRU,4.7,2026-09-05T03:30:00
W-1182,SRU,18.6,2026-09-05T04:00:00
W-1182,SRU,20.5,2026-09-05T04:30:00
W-1182,SRU,6.9,2026-09-05T05:00:00
W-1182,SRU,6.5,2026-09-05T05:30:00
W-1182,SRU,3.6,2026-09-05T06:00:00
W-1182,SRU,10.6,2026-09-05T06:30:00
W-1182,SRU,9.0,2026-09-05T07:00:00
W-1182,SRU,15.7,2026-09-05T07:30:00
W-1185,ARU,12.4,2026-09-05T08:00:00
W-1185,ARU,10.2,2026-09-05T08:30:00
W-1185,ARU,17.3,2026-09-05T09:00:00
W-1185,ARU,2.4,2026-09-05T09:30:00
W-1185,ARU,4.5,2026-09-05T10:00:00
W-1185,ARU,4.9,2026-09-05T10:30:00
W-1185,ARU,3.8,2026-09-05T11:00:00
W-1185,ARU,3.4,2026-09-05T11:30:00
W-1185,ARU,4.4,2026-09-05T12:00:00
W-1185,ARU,3.2,2026-09-05T12:30:00
W-1185,ARU,2.6,2026-09-05T13:00:00
W-1185,ARU,3.1,2026-09-05T13:30:00
W-1185,ARU,5.1,2026-09-05T14:00:00
W-1185,ARU,4.5,2026-09-05T14:30:00
W-1185,ARU,4.1,2026-09-05T15:00:00
W-1185,ARU,5.3,2026-09-05T15:30:00
W-1188,SWS,4.5,2026-09-05T16:00:00
W-1188,SWS,5.5,2026-09-05T16:30:00
W-1188,SWS,2.3,2026-09-05T17:00:00
W-1188,SWS,3.9,2026-09-05T17:30:00
W-1188,SWS,3.1,2026-09-05T18:00:00
W-1188,SWS,4.1,2026-09-05T18:30:00
W-1188,SWS,2.4,2026-09-05T19:00:00
W-1188,SWS,4.5,2026-09-05T19:30:00
W-1188,SWS,2.5,2026-09-05T20:00:00
W-1188,SWS,3.7,2026-09-05T20:30:00
W-1188,SWS,15.9,2026-09-05T21:00:00
W-1188,SWS,4.9,2026-09-05T21:30:00
W-1188,SWS,5.7,2026-09-05T22:00:00
W-1188,SWS,4.7,2026-09-05T22:30:00
W-1188,SWS,2.9,2026-09-05T23:00:00
W-1188,SWS,4.3,2026-09-05T23:30:00
W-1191,DCU,3.0,2026-09-05T00:00:00
W-1191,DCU,9.8,2026-09-05T00:30:00
W-1191,DCU,8.1,2026-09-05T01:00:00
W-1191,DCU,2.6,2026-09-05T01:30:00
W-1191,DCU,3.4,2026-09-05T02:00:00
W-1191,DCU,3.7,2026-09-05T02:30:00
W-1191,DCU,2.6,2026-09-05T03:00:00
W-1191,DCU,1.9,2026-09-05T03:30:00
W-1191,DCU,4.3,2026-09-05T04:00:00
W-1191,DCU,3.7,2026-09-05T04:30:00
W-1191,DCU,7.3,2026-09-05T05:00:00
W-1191,DCU,3.1,2026-09-05T05:30:00
W-1191,DCU,2.2,2026-09-05T06:00:00
W-1191,DCU,3.3,2026-09-05T06:30:00
W-1191,DCU,2.8,2026-09-05T07:00:00
W-1191,DCU,1.9,2026-09-05T07:30:00
W-1194,HCU,1.6,2026-09-05T08:00:00
W-1194,HCU,2.3,2026-09-05T08:30:00
W-1194,HCU,1.7,2026-09-05T09:00:00
W-1194,HCU,1.5,2026-09-05T09:30:00
W-1194,HCU,1.3,2026-09-05T10:00:00
W-1194,HCU,2.6,2026-09-05T10:30:00
W-1194,HCU,2.1,2026-09-05T11:00:00
W-1194,HCU,1.7,2026-09-05T11:30:00
W-1194,HCU,1.9,2026-09-05T12:00:00
W-1194,HCU,3.8,2026-09-05T12:30:00
W-1194,HCU,3.2,2026-09-05T13:00:00
W-1194,HCU,5.8,2026-09-05T13:30:00
W-1194,HCU,2.0,2026-09-05T14:00:00
W-1194,HCU,1.6,2026-09-05T14:30:00
W-1194,HCU,2.1,2026-09-05T15:00:00
W-1194,HCU,2.2,2026-09-05T15:30:00
W-1197,DHDT,3.7,2026-09-05T16:00:00
W-1197,DHDT,4.6,2026-09-05T16:30:00
W-1197,DHDT,4.3,2026-09-05T17:00:00
W-1197,DHDT,2.1,2026-09-05T17:30:00
W-1197,DHDT,1.5,2026-09-05T18:00:00
W-1197,DHDT,1.8,2026-09-05T18:30:00
W-1197,DHDT,1.9,2026-09-05T19:00:00
W-1197,DHDT,1.9,2026-09-05T19:30:00
W-1197,DHDT,2.7,2026-09-05T20:00:00
W-1197,DHDT,2.2,2026-09-05T20:30:00
W-1197,DHDT,1.2,2026-09-05T21:00:00
W-1197,DHDT,0.9,2026-09-05T21:30:00
W-1197,DHDT,1.5,2026-09-05T22:00:00
W-1197,DHDT,1.7,2026-09-05T22:30:00
W-1197,DHDT,1.5,2026-09-05T23:00:00
W-1197,DHDT,2.1,2026-09-05T23:30:00
W-1200,CDU-III,0.8,2026-09-05T00:00:00
W-1200,CDU-III,1.7,2026-09-05T00:30:00
W-1200,CDU-III,0.9,2026-09-05T01:00:00
W-1200,CDU-III,1.0,2026-09-05T01:30:00
W-1200,CDU-III,2.6,2026-09-05T02:00:00
W-1200,CDU-III,1.7,2026-09-05T02:30:00
W-1200,CDU-III,1.5,2026-09-05T03:00:00
W-1200,CDU-III,1.7,2026-09-05T03:30:00
W-1200,CDU-III,1.7,2026-09-05T04:00:00
W-1200,CDU-III,0.7,2026-09-05T04:30:00
W-1200,CDU-III,1.4,2026-09-05T05:00:00
W-1200,CDU-III,1.7,2026-09-05T05:30:00
W-1200,CDU-III,0.9,2026-09-05T06:00:00
W-1200,CDU-III,0.7,2026-09-05T06:30:00
W-1200,CDU-III,1.1,2026-09-05T07:00:00
W-1200,CDU-III,0.9,2026-09-05T07:30:00
W-1203,ETP,1.2,2026-09-05T08:00:00
W-1203,ETP,1.3,2026-09-05T08:30:00
W-1203,ETP,0.8,2026-09-05T09:00:00
W-1203,ETP,1.2,2026-09-05T09:30:00
W-1203,ETP,0.8,2026-09-05T10:00:00
W-1203,ETP,1.3,2026-09-05T10:30:00
W-1203,ETP,1.4,2026-09-05T11:00:00
W-1203,ETP,1.0,2026-09-05T11:30:00
W-1203,ETP,1.2,2026-09-05T12:00:00
W-1203,ETP,0.7,2026-09-05T12:30:00
W-1203,ETP,1.0,2026-09-05T13:00:00
W-1203,ETP,0.9,2026-09-05T13:30:00
W-1203,ETP,3.0,2026-09-05T14:00:00
W-1203,ETP,2.2,2026-09-05T14:30:00
W-1203,ETP,3.9,2026-09-05T15:00:00
W-1203,ETP,3.7,2026-09-05T15:30:00
W-1206,TF,0.3,2026-09-05T16:00:00
W-1206,TF,0.5,2026-09-05T16:30:00
W-1206,TF,0.5,2026-09-05T17:00:00
W-1206,TF,0.7,2026-09-05T17:30:00
W-1206,TF,0.4,2026-09-05T18:00:00
W-1206,TF,0.3,2026-09-05T18:30:00
W-1206,TF,0.3,2026-09-05T19:00:00
W-1206,TF,0.4,2026-09-05T19:30:00
W-1206,TF,0.3,2026-09-05T20:00:00
W-1206,TF,0.3,2026-09-05T20:30:00
W-1206,TF,0.3,2026-09-05T21:00:00
W-1206,TF,0.5,2026-09-05T21:30:00
W-1206,TF,0.7,2026-09-05T22:00:00
W-1206,TF,0.6,2026-09-05T22:30:00
W-1206,TF,1.4,2026-09-05T23:00:00
W-1206,TF,0.6,2026-09-05T23:30:00
W-1209,SRU,2.5,2026-09-05T00:00:00
W-1209,SRU,8.1,2026-09-05T00:30:00
W-1209,SRU,14.5,2026-09-05T01:00:00
W-1209,SRU,11.2,2026-09-05T01:30:00
W-1209,SRU,12.7,2026-09-05T02:00:00
W-1209,SRU,21.2,2026-09-05T02:30:00
W-1209,SRU,21.6,2026-09-05T03:00:00
W-1209,SRU,12.4,2026-09-05T03:30:00
W-1209,SRU,9.8,2026-09-05T04:00:00
W-1209,SRU,10.6,2026-09-05T04:30:00
W-1209,SRU,5.6,2026-09-05T05:00:00
W-1209,SRU,2.7,2026-09-05T05:30:00
W-1209,SRU,6.4,2026-09-05T06:00:00
W-1209,SRU,7.9,2026-09-05T06:30:00
W-1209,SRU,12.5,2026-09-05T07:00:00
W-1209,SRU,15.4,2026-09-05T07:30:00
W-1212,ARU,2.3,2026-09-05T08:00:00
W-1212,ARU,2.7,2026-09-05T08:30:00
W-1212,ARU,5.2,2026-09-05T09:00:00
W-1212,ARU,4.5,2026-09-05T09:30:00
W-1212,ARU,2.0,2026-09-05T10:00:00
W-1212,ARU,2.2,2026-09-05T10:30:00
W-1212,ARU,4.0,2026-09-05T11:00:00
W-1212,ARU,10.4,2026-09-05T11:30:00
W-1212,ARU,8.7,2026-09-05T12:00:00
W-1212,ARU,7.5,2026-09-05T12:30:00
W-1212,ARU,4.1,2026-09-05T13:00:00
W-1212,ARU,4.2,2026-09-05T13:30:00
W-1212,ARU,4.1,2026-09-05T14:00:00
W-1212,ARU,4.4,2026-09-05T14:30:00
W-1212,ARU,5.3,2026-09-05T15:00:00
W-1212,ARU,4.8,2026-09-05T15:30:00
W-1215,SWS,2.9,2026-09-05T16:00:00
W-1215,SWS,4.0,2026-09-05T16:30:00
W-1215,SWS,5.1,2026-09-05T17:00:00
W-1215,SWS,4.2,2026-09-05T17:30:00
W-1215,SWS,5.5,2026-09-05T18:00:00
W-1215,SWS,4.1,2026-09-05T18:30:00
W-1215,SWS,3.5,2026-09-05T19:00:00
W-1215,SWS,2.3,2026-09-05T19:30:00
W-1215,SWS,4.5,2026-09-05T20:00:00
W-1215,SWS,4.9,2026-09-05T20:30:00
W-1215,SWS,11.5,2026-09-05T21:00:00
W-1215,SWS,10.6,2026-09-05T21:30:00
W-1215,SWS,5.1,2026-09-05T22:00:00
W-1215,SWS,10.9,2026-09-05T22:30:00
W-1215,SWS,19.2,2026-09-05T23:00:00
W-1215,SWS,11.2,2026-09-05T23:30:00
W-1218,DCU,1.8,2026-09-05T00:00:00
W-1218,DCU,2.5,2026-09-05T00:30:00
W-1218,DCU,3.0,2026-09-05T01:00:00
W-1218,DCU,2.0,2026-09-05T01:30:00
W-1218,DCU,2.1,2026-09-05T02:00:00
W-1218,DCU,2.0,2026-09-05T02:30:00
W-1218,DCU,2.2,2026-09-05T03:00:00
W-1218,DCU,2.0,2026-09-05T03:30:00
W-1218,DCU,3.0,2026-09-05T04:00:00
W-1218,DCU,1.7,2026-09-05T04:30:00
W-1218,DCU,2.2,2026-09-05T05:00:00
W-1218,DCU,3.5,2026-09-05T05:30:00
W-1218,DCU,2.9,2026-09-05T06:00:00
W-1218,DCU,3.5,2026-09-05T06:30:00
W-1218,DCU,3.5,2026-09-05T07:00:00
W-1218,DCU,3.5,2026-09-05T07:30:00
W-1221,HCU,2.0,2026-09-05T08:00:00
W-1221,HCU,2.1,2026-09-05T08:30:00
W-1221,HCU,1.1,2026-09-05T09:00:00
W-1221,HCU,1.4,2026-09-05T09:30:00
W-1221,HCU,1.8,2026-09-05T10:00:00
W-1221,HCU,1.9,2026-09-05T10:30:00
W-1221,HCU,1.8,2026-09-05T11:00:00
W-1221,HCU,2.7,2026-09-05T11:30:00
W-1221,HCU,2.4,2026-09-05T12:00:00
W-1221,HCU,2.1,2026-09-05T12:30:00
W-1221,HCU,1.9,2026-09-05T13:00:00
W-1221,HCU,1.0,2026-09-05T13:30:00
W-1221,HCU,2.8,2026-09-05T14:00:00
W-1221,HCU,1.2,2026-09-05T14:30:00
W-1221,HCU,1.7,2026-09-05T15:00:00
W-1221,HCU,2.0,2026-09-05T15:30:00
W-1227,CDU-III,1.5,2026-09-05T00:00:00
W-1227,CDU-III,1.3,2026-09-05T00:30:00
W-1227,CDU-III,1.5,2026-09-05T01:00:00
W-1227,CDU-III,1.1,2026-09-05T01:30:00
W-1227,CDU-III,0.7,2026-09-05T02:00:00
W-1227,CDU-III,1.7,2026-09-05T02:30:00
W-1227,CDU-III,0.8,2026-09-05T03:00:00
W-1227,CDU-III,0.8,2026-09-05T03:30:00
W-1227,CDU-III,1.8,2026-09-05T04:00:00
W-1227,CDU-III,1.8,2026-09-05T04:30:00
W-1227,CDU-III,0.8,2026-09-05T05:00:00
W-1227,CDU-III,1.4,2026-09-05T05:30:00
W-1227,CDU-III,1.5,2026-09-05T06:00:00
W-1227,CDU-III,0.8,2026-09-05T06:30:00
W-1227,CDU-III,0.8,2026-09-05T07:00:00
W-1227,CDU-III,1.0,2026-09-05T07:30:00
W-1230,ETP,1.3,2026-09-05T08:00:00
W-1230,ETP,4.0,2026-09-05T08:30:00
W-1230,ETP,3.9,2026-09-05T09:00:00
W-1230,ETP,0.6,2026-09-05T09:30:00
W-1230,ETP,1.2,2026-09-05T10:00:00
W-1230,ETP,1.1,2026-09-05T10:30:00
W-1230,ETP,1.0,2026-09-05T11:00:00
W-1230,ETP,1.2,2026-09-05T11:30:00
W-1230,ETP,0.7,2026-09-05T12:00:00
W-1230,ETP,1.1,2026-09-05T12:30:00
W-1230,ETP,0.9,2026-09-05T13:00:00
W-1230,ETP,0.6,2026-09-05T13:30:00
W-1230,ETP,1.3,2026-09-05T14:00:00
W-1230,ETP,0.6,2026-09-05T14:30:00
W-1230,ETP,0.8,2026-09-05T15:00:00
W-1230,ETP,0.5,2026-09-05T15:30:00
W-1233,TF,0.3,2026-09-05T16:00:00
W-1233,TF,0.6,2026-09-05T16:30:00
W-1233,TF,0.6,2026-09-05T17:00:00
W-1233,TF,0.3,2026-09-05T17:30:00
W-1233,TF,0.3,2026-09-05T18:00:00
W-1233,TF,0.7,2026-09-05T18:30:00
W-1233,TF,0.6,2026-09-05T19:00:00
W-1233,TF,0.3,2026-09-05T19:30:00
W-1233,TF,0.7,2026-09-05T20:00:00
W-1233,TF,0.6,2026-09-05T20:30:00
W-1233,TF,0.7,2026-09-05T21:00:00
W-1233,TF,0.5,2026-09-05T21:30:00
W-1233,TF,0.4,2026-09-05T22:00:00
W-1233,TF,0.5,2026-09-05T22:30:00
W-1233,TF,0.7,2026-09-05T23:00:00
W-1233,TF,0.4,2026-09-05T23:30:00
W-1101,SRU,3.8,2026-09-06T00:00:00
W-1101,SRU,8.9,2026-09-06T00:30:00
W-1101,SRU,7.7,2026-09-06T01:00:00
W-1101,SRU,5.3,2026-09-06T01:30:00
W-1101,SRU,4.5,2026-09-06T02:00:00
W-1101,SRU,9.9,2026-09-06T02:30:00
W-1101,SRU,11.0,2026-09-06T03:00:00
W-1101,SRU,3.4,2026-09-06T03:30:00
W-1101,SRU,5.5,2026-09-06T04:00:00
W-1101,SRU,18.8,2026-09-06T04:30:00
W-1101,SRU,10.7,2026-09-06T05:00:00
W-1101,SRU,2.4,2026-09-06T05:30:00
W-1101,SRU,3.7,2026-09-06T06:00:00
W-1101,SRU,4.6,2026-09-06T06:30:00
W-1101,SRU,4.9,2026-09-06T07:00:00
W-1101,SRU,3.9,2026-09-06T07:30:00
W-1104,ARU,2.9,2026-09-06T08:00:00
W-1104,ARU,3.4,2026-09-06T08:30:00
W-1104,ARU,3.0,2026-09-06T09:00:00
W-1104,ARU,3.7,2026-09-06T09:30:00
W-1104,ARU,3.6,2026-09-06T10:00:00
W-1104,ARU,2.5,2026-09-06T10:30:00
W-1104,ARU,4.1,2026-09-06T11:00:00
W-1104,ARU,3.6,2026-09-06T11:30:00
W-1104,ARU,3.4,2026-09-06T12:00:00
W-1104,ARU,4.3,2026-09-06T12:30:00
W-1104,ARU,4.8,2026-09-06T13:00:00
W-1104,ARU,2.6,2026-09-06T13:30:00
W-1104,ARU,4.9,2026-09-06T14:00:00
W-1104,ARU,2.0,2026-09-06T14:30:00
W-1104,ARU,12.5,2026-09-06T15:00:00
W-1104,ARU,2.6,2026-09-06T15:30:00
W-1110,DCU,1.4,2026-09-06T00:00:00
W-1110,DCU,2.9,2026-09-06T00:30:00
W-1110,DCU,3.3,2026-09-06T01:00:00
W-1110,DCU,1.9,2026-09-06T01:30:00
W-1110,DCU,2.8,2026-09-06T02:00:00
W-1110,DCU,2.5,2026-09-06T02:30:00
W-1110,DCU,2.9,2026-09-06T03:00:00
W-1110,DCU,2.1,2026-09-06T03:30:00
W-1110,DCU,3.4,2026-09-06T04:00:00
W-1110,DCU,2.7,2026-09-06T04:30:00
W-1110,DCU,1.4,2026-09-06T05:00:00
W-1110,DCU,4.6,2026-09-06T05:30:00
W-1110,DCU,9.0,2026-09-06T06:00:00
W-1110,DCU,1.3,2026-09-06T06:30:00
W-1110,DCU,2.4,2026-09-06T07:00:00
W-1110,DCU,2.5,2026-09-06T07:30:00
W-1116,DHDT,1.1,2026-09-06T16:00:00
W-1116,DHDT,1.6,2026-09-06T16:30:00
W-1116,DHDT,0.8,2026-09-06T17:00:00
W-1116,DHDT,1.9,2026-09-06T17:30:00
W-1116,DHDT,1.0,2026-09-06T18:00:00
W-1116,DHDT,1.3,2026-09-06T18:30:00
W-1116,DHDT,1.3,2026-09-06T19:00:00
W-1116,DHDT,1.6,2026-09-06T19:30:00
W-1116,DHDT,1.5,2026-09-06T20:00:00
W-1116,DHDT,1.6,2026-09-06T20:30:00
W-1116,DHDT,1.8,2026-09-06T21:00:00
W-1116,DHDT,2.0,2026-09-06T21:30:00
W-1116,DHDT,1.4,2026-09-06T22:00:00
W-1116,DHDT,2.0,2026-09-06T22:30:00
W-1116,DHDT,1.5,2026-09-06T23:00:00
W-1116,DHDT,1.2,2026-09-06T23:30:00
W-1119,CDU-III,1.2,2026-09-06T00:00:00
W-1119,CDU-III,1.5,2026-09-06T00:30:00
W-1119,CDU-III,0.8,2026-09-06T01:00:00
W-1119,CDU-III,0.9,2026-09-06T01:30:00
W-1119,CDU-III,1.5,2026-09-06T02:00:00
W-1119,CDU-III,1.0,2026-09-06T02:30:00
W-1119,CDU-III,1.0,2026-09-06T03:00:00
W-1119,CDU-III,1.1,2026-09-06T03:30:00
W-1119,CDU-III,1.0,2026-09-06T04:00:00
W-1119,CDU-III,1.6,2026-09-06T04:30:00
W-1119,CDU-III,1.2,2026-09-06T05:00:00
W-1119,CDU-III,1.3,2026-09-06T05:30:00
W-1119,CDU-III,1.0,2026-09-06T06:00:00
W-1119,CDU-III,1.0,2026-09-06T06:30:00
W-1119,CDU-III,3.2,2026-09-06T07:00:00
W-1119,CDU-III,0.8,2026-09-06T07:30:00
W-1122,ETP,1.3,2026-09-06T08:00:00
W-1122,ETP,1.3,2026-09-06T08:30:00
W-1122,ETP,0.6,2026-09-06T09:00:00
W-1122,ETP,1.1,2026-09-06T09:30:00
W-1122,ETP,1.0,2026-09-06T10:00:00
W-1122,ETP,1.2,2026-09-06T10:30:00
W-1122,ETP,0.9,2026-09-06T11:00:00
W-1122,ETP,0.8,2026-09-06T11:30:00
W-1122,ETP,1.1,2026-09-06T12:00:00
W-1122,ETP,0.6,2026-09-06T12:30:00
W-1122,ETP,0.7,2026-09-06T13:00:00
W-1122,ETP,2.6,2026-09-06T13:30:00
W-1122,ETP,2.3,2026-09-06T14:00:00
W-1122,ETP,2.7,2026-09-06T14:30:00
W-1122,ETP,0.6,2026-09-06T15:00:00
W-1122,ETP,0.9,2026-09-06T15:30:00
W-1125,TF,0.7,2026-09-06T16:00:00
W-1125,TF,0.4,2026-09-06T16:30:00
W-1125,TF,0.3,2026-09-06T17:00:00
W-1125,TF,0.6,2026-09-06T17:30:00
W-1125,TF,0.4,2026-09-06T18:00:00
W-1125,TF,0.5,2026-09-06T18:30:00
W-1125,TF,0.5,2026-09-06T19:00:00
W-1125,TF,0.3,2026-09-06T19:30:00
W-1125,TF,0.3,2026-09-06T20:00:00
W-1125,TF,0.5,2026-09-06T20:30:00
W-1125,TF,0.7,2026-09-06T21:00:00
W-1125,TF,0.3,2026-09-06T21:30:00
W-1125,TF,0.5,2026-09-06T22:00:00
W-1125,TF,0.6,2026-09-06T22:30:00
W-1125,TF,0.7,2026-09-06T23:00:00
W-1125,TF,0.3,2026-09-06T23:30:00
W-1128,SRU,3.8,2026-09-06T00:00:00
W-1128,SRU,13.0,2026-09-06T00:30:00
W-1128,SRU,5.1,2026-09-06T01:00:00
W-1128,SRU,4.3,2026-09-06T01:30:00
W-1128,SRU,2.3,2026-09-06T02:00:00
W-1128,SRU,5.2,2026-09-06T02:30:00
W-1128,SRU,3.5,2026-09-06T03:00:00
W-1128,SRU,15.5,2026-09-06T03:30:00
W-1128,SRU,9.1,2026-09-06T04:00:00
W-1128,SRU,9.5,2026-09-06T04:30:00
W-1128,SRU,5.0,2026-09-06T05:00:00
W-1128,SRU,4.3,2026-09-06T05:30:00
W-1128,SRU,2.2,2026-09-06T06:00:00
W-1128,SRU,2.6,2026-09-06T06:30:00
W-1128,SRU,4.7,2026-09-06T07:00:00
W-1128,SRU,3.0,2026-09-06T07:30:00
W-1137,DCU,1.9,2026-09-06T00:00:00
W-1137,DCU,2.8,2026-09-06T00:30:00
W-1137,DCU,3.4,2026-09-06T01:00:00
W-1137,DCU,3.4,2026-09-06T01:30:00
W-1137,DCU,7.2,2026-09-06T02:00:00
W-1137,DCU,6.8,2026-09-06T02:30:00
W-1137,DCU,3.9,2026-09-06T03:00:00
W-1137,DCU,1.6,2026-09-06T03:30:00
W-1137,DCU,2.3,2026-09-06T04:00:00
W-1137,DCU,1.7,2026-09-06T04:30:00
W-1137,DCU,1.3,2026-09-06T05:00:00
W-1137,DCU,2.6,2026-09-06T05:30:00
W-1137,DCU,1.5,2026-09-06T06:00:00
W-1137,DCU,2.0,2026-09-06T06:30:00
W-1137,DCU,2.5,2026-09-06T07:00:00
W-1137,DCU,1.9,2026-09-06T07:30:00
W-1140,HCU,2.6,2026-09-06T08:00:00
W-1140,HCU,2.4,2026-09-06T08:30:00
W-1140,HCU,2.4,2026-09-06T09:00:00
W-1140,HCU,1.7,2026-09-06T09:30:00
W-1140,HCU,1.8,2026-09-06T10:00:00
W-1140,HCU,1.3,2026-09-06T10:30:00
W-1140,HCU,1.7,2026-09-06T11:00:00
W-1140,HCU,1.0,2026-09-06T11:30:00
W-1140,HCU,1.2,2026-09-06T12:00:00
W-1140,HCU,2.5,2026-09-06T12:30:00
W-1140,HCU,2.3,2026-09-06T13:00:00
W-1140,HCU,1.1,2026-09-06T13:30:00
W-1140,HCU,4.7,2026-09-06T14:00:00
W-1140,HCU,4.7,2026-09-06T14:30:00
W-1140,HCU,1.0,2026-09-06T15:00:00
W-1140,HCU,1.9,2026-09-06T15:30:00
W-1143,DHDT,2.0,2026-09-06T16:00:00
W-1143,DHDT,1.3,2026-09-06T16:30:00
W-1143,DHDT,1.0,2026-09-06T17:00:00
W-1143,DHDT,1.9,2026-09-06T17:30:00
W-1143,DHDT,0.8,2026-09-06T18:00:00
W-1143,DHDT,1.5,2026-09-06T18:30:00
W-1143,DHDT,1.3,2026-09-06T19:00:00
W-1143,DHDT,1.9,2026-09-06T19:30:00
W-1143,DHDT,1.0,2026-09-06T20:00:00
W-1143,DHDT,1.3,2026-09-06T20:30:00
W-1143,DHDT,1.4,2026-09-06T21:00:00
W-1143,DHDT,1.3,2026-09-06T21:30:00
W-1143,DHDT,2.1,2026-09-06T22:00:00
W-1143,DHDT,0.8,2026-09-06T22:30:00
W-1143,DHDT,1.1,2026-09-06T23:00:00
W-1143,DHDT,1.3,2026-09-06T23:30:00
W-1146,CDU-III,0.8,2026-09-06T00:00:00
W-1146,CDU-III,1.5,2026-09-06T00:30:00
W-1146,CDU-III,1.1,2026-09-06T01:00:00
W-1146,CDU-III,1.7,2026-09-06T01:30:00
W-1146,CDU-III,1.6,2026-09-06T02:00:00
W-1146,CDU-III,0.7,2026-09-06T02:30:00
W-1146,CDU-III,1.7,2026-09-06T03:00:00
W-1146,CDU-III,1.0,2026-09-06T03:30:00
W-1146,CDU-III,1.3,2026-09-06T04:00:00
W-1146,CDU-III,1.2,2026-09-06T04:30:00
W-1146,CDU-III,1.5,2026-09-06T05:00:00
W-1146,CDU-III,0.8,2026-09-06T05:30:00
W-1146,CDU-III,1.2,2026-09-06T06:00:00
W-1146,CDU-III,1.3,2026-09-06T06:30:00
W-1146,CDU-III,1.0,2026-09-06T07:00:00
W-1146,CDU-III,0.9,2026-09-06T07:30:00
W-1152,TF,0.6,2026-09-06T16:00:00
W-1152,TF,0.4,2026-09-06T16:30:00
W-1152,TF,0.5,2026-09-06T17:00:00
W-1152,TF,0.7,2026-09-06T17:30:00
W-1152,TF,0.7,2026-09-06T18:00:00
W-1152,TF,0.6,2026-09-06T18:30:00
W-1152,TF,0.6,2026-09-06T19:00:00
W-1152,TF,0.6,2026-09-06T19:30:00
W-1152,TF,0.6,2026-09-06T20:00:00
W-1152,TF,0.5,2026-09-06T20:30:00
W-1152,TF,0.6,2026-09-06T21:00:00
W-1152,TF,0.5,2026-09-06T21:30:00
W-1152,TF,0.4,2026-09-06T22:00:00
W-1152,TF,0.5,2026-09-06T22:30:00
W-1152,TF,0.4,2026-09-06T23:00:00
W-1152,TF,0.6,2026-09-06T23:30:00
W-1155,SRU,4.3,2026-09-06T00:00:00
W-1155,SRU,4.6,2026-09-06T00:30:00
W-1155,SRU,4.1,2026-09-06T01:00:00
W-1155,SRU,3.4,2026-09-06T01:30:00
W-1155,SRU,4.4,2026-09-06T02:00:00
W-1155,SRU,3.3,2026-09-06T02:30:00
W-1155,SRU,5.9,2026-09-06T03:00:00
W-1155,SRU,4.6,2026-09-06T03:30:00
W-1155,SRU,4.8,2026-09-06T04:00:00
W-1155,SRU,4.0,2026-09-06T04:30:00
W-1155,SRU,5.9,2026-09-06T05:00:00
W-1155,SRU,2.2,2026-09-06T05:30:00
W-1155,SRU,14.8,2026-09-06T06:00:00
W-1155,SRU,13.8,2026-09-06T06:30:00
W-1155,SRU,5.7,2026-09-06T07:00:00
W-1155,SRU,8.7,2026-09-06T07:30:00
W-1158,ARU,2.5,2026-09-06T08:00:00
W-1158,ARU,2.6,2026-09-06T08:30:00
W-1158,ARU,3.9,2026-09-06T09:00:00
W-1158,ARU,4.0,2026-09-06T09:30:00
W-1158,ARU,4.1,2026-09-06T10:00:00
W-1158,ARU,2.0,2026-09-06T10:30:00
W-1158,ARU,2.8,2026-09-06T11:00:00
W-1158,ARU,5.1,2026-09-06T11:30:00
W-1158,ARU,3.8,2026-09-06T12:00:00
W-1158,ARU,5.3,2026-09-06T12:30:00
W-1158,ARU,13.0,2026-09-06T13:00:00
W-1158,ARU,18.0,2026-09-06T13:30:00
W-1158,ARU,3.4,2026-09-06T14:00:00
W-1158,ARU,4.5,2026-09-06T14:30:00
W-1158,ARU,8.1,2026-09-06T15:00:00
W-1158,ARU,12.6,2026-09-06T15:30:00
W-1161,SWS,3.2,2026-09-06T16:00:00
W-1161,SWS,2.5,2026-09-06T16:30:00
W-1161,SWS,3.6,2026-09-06T17:00:00
W-1161,SWS,4.0,2026-09-06T17:30:00
W-1161,SWS,8.1,2026-09-06T18:00:00
W-1161,SWS,2.5,2026-09-06T18:30:00
W-1161,SWS,4.3,2026-09-06T19:00:00
W-1161,SWS,4.9,2026-09-06T19:30:00
W-1161,SWS,4.0,2026-09-06T20:00:00
W-1161,SWS,3.5,2026-09-06T20:30:00
W-1161,SWS,3.6,2026-09-06T21:00:00
W-1161,SWS,16.5,2026-09-06T21:30:00
W-1161,SWS,4.5,2026-09-06T22:00:00
W-1161,SWS,3.4,2026-09-06T22:30:00
W-1161,SWS,13.5,2026-09-06T23:00:00
W-1161,SWS,16.2,2026-09-06T23:30:00
W-1167,HCU,1.5,2026-09-06T08:00:00
W-1167,HCU,5.3,2026-09-06T08:30:00
W-1167,HCU,6.0,2026-09-06T09:00:00
W-1167,HCU,2.6,2026-09-06T09:30:00
W-1167,HCU,1.8,2026-09-06T10:00:00
W-1167,HCU,2.1,2026-09-06T10:30:00
W-1167,HCU,1.2,2026-09-06T11:00:00
W-1167,HCU,1.8,2026-09-06T11:30:00
W-1167,HCU,1.0,2026-09-06T12:00:00
W-1167,HCU,1.9,2026-09-06T12:30:00
W-1167,HCU,2.2,2026-09-06T13:00:00
W-1167,HCU,1.9,2026-09-06T13:30:00
W-1167,HCU,1.5,2026-09-06T14:00:00
W-1167,HCU,1.3,2026-09-06T14:30:00
W-1167,HCU,2.0,2026-09-06T15:00:00
W-1167,HCU,2.5,2026-09-06T15:30:00
W-1170,DHDT,1.3,2026-09-06T16:00:00
W-1170,DHDT,0.9,2026-09-06T16:30:00
W-1170,DHDT,1.8,2026-09-06T17:00:00
W-1170,DHDT,1.3,2026-09-06T17:30:00
W-1170,DHDT,0.9,2026-09-06T18:00:00
W-1170,DHDT,1.2,2026-09-06T18:30:00
W-1170,DHDT,1.5,2026-09-06T19:00:00
W-1170,DHDT,1.9,2026-09-06T19:30:00
W-1170,DHDT,1.3,2026-09-06T20:00:00
W-1170,DHDT,0.8,2026-09-06T20:30:00
W-1170,DHDT,1.7,2026-09-06T21:00:00
W-1170,DHDT,1.6,2026-09-06T21:30:00
W-1170,DHDT,5.1,2026-09-06T22:00:00
W-1170,DHDT,1.5,2026-09-06T22:30:00
W-1170,DHDT,0.9,2026-09-06T23:00:00
W-1170,DHDT,1.5,2026-09-06T23:30:00
W-1173,CDU-III,1.5,2026-09-06T00:00:00
W-1173,CDU-III,0.7,2026-09-06T00:30:00
W-1173,CDU-III,1.1,2026-09-06T01:00:00
W-1173,CDU-III,1.6,2026-09-06T01:30:00
W-1173,CDU-III,1.5,2026-09-06T02:00:00
W-1173,CDU-III,1.7,2026-09-06T02:30:00
W-1173,CDU-III,1.4,2026-09-06T03:00:00
W-1173,CDU-III,1.3,2026-09-06T03:30:00
W-1173,CDU-III,0.9,2026-09-06T04:00:00
W-1173,CDU-III,0.7,2026-09-06T04:30:00
W-1173,CDU-III,1.4,2026-09-06T05:00:00
W-1173,CDU-III,1.4,2026-09-06T05:30:00
W-1173,CDU-III,1.5,2026-09-06T06:00:00
W-1173,CDU-III,1.5,2026-09-06T06:30:00
W-1173,CDU-III,0.7,2026-09-06T07:00:00
W-1173,CDU-III,1.1,2026-09-06T07:30:00
W-1176,ETP,0.9,2026-09-06T08:00:00
W-1176,ETP,3.1,2026-09-06T08:30:00
W-1176,ETP,3.2,2026-09-06T09:00:00
W-1176,ETP,1.7,2026-09-06T09:30:00
W-1176,ETP,2.4,2026-09-06T10:00:00
W-1176,ETP,1.9,2026-09-06T10:30:00
W-1176,ETP,1.9,2026-09-06T11:00:00
W-1176,ETP,0.6,2026-09-06T11:30:00
W-1176,ETP,0.5,2026-09-06T12:00:00
W-1176,ETP,4.8,2026-09-06T12:30:00
W-1176,ETP,3.3,2026-09-06T13:00:00
W-1176,ETP,3.2,2026-09-06T13:30:00
W-1176,ETP,1.1,2026-09-06T14:00:00
W-1176,ETP,3.3,2026-09-06T14:30:00
W-1176,ETP,1.6,2026-09-06T15:00:00
W-1176,ETP,1.0,2026-09-06T15:30:00
W-1179,TF,0.6,2026-09-06T16:00:00
W-1179,TF,0.4,2026-09-06T16:30:00
W-1179,TF,0.3,2026-09-06T17:00:00
W-1179,TF,0.6,2026-09-06T17:30:00
W-1179,TF,0.5,2026-09-06T18:00:00
W-1179,TF,0.5,2026-09-06T18:30:00
W-1179,TF,0.7,2026-09-06T19:00:00
W-1179,TF,0.4,2026-09-06T19:30:00
W-1179,TF,0.3,2026-09-06T20:00:00
W-1179,TF,0.4,2026-09-06T20:30:00
W-1179,TF,0.5,2026-09-06T21:00:00
W-1179,TF,0.6,2026-09-06T21:30:00
W-1179,TF,0.4,2026-09-06T22:00:00
W-1179,TF,0.5,2026-09-06T22:30:00
W-1179,TF,0.5,2026-09-06T23:00:00
W-1179,TF,0.6,2026-09-06T23:30:00
W-1182,SRU,5.6,2026-09-06T00:00:00
W-1182,SRU,4.4,2026-09-06T00:30:00
W-1182,SRU,3.3,2026-09-06T01:00:00
W-1182,SRU,4.0,2026-09-06T01:30:00
W-1182,SRU,5.4,2026-09-06T02:00:00
W-1182,SRU,3.5,2026-09-06T02:30:00
W-1182,SRU,2.8,2026-09-06T03:00:00
W-1182,SRU,2.3,2026-09-06T03:30:00
W-1182,SRU,5.8,2026-09-06T04:00:00
W-1182,SRU,8.1,2026-09-06T04:30:00
W-1182,SRU,4.5,2026-09-06T05:00:00
W-1182,SRU,2.7,2026-09-06T05:30:00
W-1182,SRU,5.0,2026-09-06T06:00:00
W-1182,SRU,5.4,2026-09-06T06:30:00
W-1182,SRU,2.2,2026-09-06T07:00:00
W-1182,SRU,5.9,2026-09-06T07:30:00
W-1185,ARU,4.5,2026-09-06T08:00:00
W-1185,ARU,2.7,2026-09-06T08:30:00
W-1185,ARU,3.9,2026-09-06T09:00:00
W-1185,ARU,1.9,2026-09-06T09:30:00
W-1185,ARU,3.0,2026-09-06T10:00:00
W-1185,ARU,2.1,2026-09-06T10:30:00
W-1185,ARU,2.5,2026-09-06T11:00:00
W-1185,ARU,12.6,2026-09-06T11:30:00
W-1185,ARU,2.0,2026-09-06T12:00:00
W-1185,ARU,3.1,2026-09-06T12:30:00
W-1185,ARU,2.1,2026-09-06T13:00:00
W-1185,ARU,3.8,2026-09-06T13:30:00
W-1185,ARU,5.1,2026-09-06T14:00:00
W-1185,ARU,4.9,2026-09-06T14:30:00
W-1185,ARU,2.9,2026-09-06T15:00:00
W-1185,ARU,2.2,2026-09-06T15:30:00
W-1188,SWS,3.8,2026-09-06T16:00:00
W-1188,SWS,3.4,2026-09-06T16:30:00
W-1188,SWS,17.3,2026-09-06T17:00:00
W-1188,SWS,13.1,2026-09-06T17:30:00
W-1188,SWS,13.7,2026-09-06T18:00:00
W-1188,SWS,2.2,2026-09-06T18:30:00
W-1188,SWS,3.9,2026-09-06T19:00:00
W-1188,SWS,3.2,2026-09-06T19:30:00
W-1188,SWS,16.1,2026-09-06T20:00:00
W-1188,SWS,3.1,2026-09-06T20:30:00
W-1188,SWS,2.3,2026-09-06T21:00:00
W-1188,SWS,2.2,2026-09-06T21:30:00
W-1188,SWS,4.4,2026-09-06T22:00:00
W-1188,SWS,2.6,2026-09-06T22:30:00
W-1188,SWS,2.7,2026-09-06T23:00:00
W-1188,SWS,2.9,2026-09-06T23:30:00
W-1191,DCU,5.6,2026-09-06T00:00:00
W-1191,DCU,3.3,2026-09-06T00:30:00
W-1191,DCU,3.1,2026-09-06T01:00:00
W-1191,DCU,1.7,2026-09-06T01:30:00
W-1191,DCU,1.3,2026-09-06T02:00:00
W-1191,DCU,2.5,2026-09-06T02:30:00
W-1191,DCU,3.4,2026-09-06T03:00:00
W-1191,DCU,2.1,2026-09-06T03:30:00
W-1191,DCU,1.8,2026-09-06T04:00:00
W-1191,DCU,4.3,2026-09-06T04:30:00
W-1191,DCU,8.0,2026-09-06T05:00:00
W-1191,DCU,2.0,2026-09-06T05:30:00
W-1191,DCU,2.1,2026-09-06T06:00:00
W-1191,DCU,2.9,2026-09-06T06:30:00
W-1191,DCU,3.4,2026-09-06T07:00:00
W-1191,DCU,3.2,2026-09-06T07:30:00
W-1194,HCU,1.1,2026-09-06T08:00:00
W-1194,HCU,4.0,2026-09-06T08:30:00
W-1194,HCU,3.1,2026-09-06T09:00:00
W-1194,HCU,6.2,2026-09-06T09:30:00
W-1194,HCU,1.0,2026-09-06T10:00:00
W-1194,HCU,2.5,2026-09-06T10:30:00
W-1194,HCU,1.6,2026-09-06T11:00:00
W-1194,HCU,3.8,2026-09-06T11:30:00
W-1194,HCU,5.3,2026-09-06T12:00:00
W-1194,HCU,5.4,2026-09-06T12:30:00
W-1194,HCU,1.4,2026-09-06T13:00:00
W-1194,HCU,1.0,2026-09-06T13:30:00
W-1194,HCU,1.1,2026-09-06T14:00:00
W-1194,HCU,1.2,2026-09-06T14:30:00
W-1194,HCU,1.6,2026-09-06T15:00:00
W-1194,HCU,2.0,2026-09-06T15:30:00
W-1197,DHDT,0.8,2026-09-06T16:00:00
W-1197,DHDT,1.4,2026-09-06T16:30:00
W-1197,DHDT,1.9,2026-09-06T17:00:00
W-1197,DHDT,1.4,2026-09-06T17:30:00
W-1197,DHDT,1.7,2026-09-06T18:00:00
W-1197,DHDT,4.0,2026-09-06T18:30:00
W-1197,DHDT,1.7,2026-09-06T19:00:00
W-1197,DHDT,1.3,2026-09-06T19:30:00
W-1197,DHDT,2.0,2026-09-06T20:00:00
W-1197,DHDT,1.2,2026-09-06T20:30:00
W-1197,DHDT,1.0,2026-09-06T21:00:00
W-1197,DHDT,1.8,2026-09-06T21:30:00
W-1197,DHDT,2.1,2026-09-06T22:00:00
W-1197,DHDT,0.9,2026-09-06T22:30:00
W-1197,DHDT,1.9,2026-09-06T23:00:00
W-1197,DHDT,0.8,2026-09-06T23:30:00
W-1200,CDU-III,0.8,2026-09-06T00:00:00
W-1200,CDU-III,1.6,2026-09-06T00:30:00
W-1200,CDU-III,1.0,2026-09-06T01:00:00
W-1200,CDU-III,1.4,2026-09-06T01:30:00
W-1200,CDU-III,1.0,2026-09-06T02:00:00
W-1200,CDU-III,0.7,2026-09-06T02:30:00
W-1200,CDU-III,1.7,2026-09-06T03:00:00
W-1200,CDU-III,1.6,2026-09-06T03:30:00
W-1200,CDU-III,3.4,2026-09-06T04:00:00
W-1200,CDU-III,2.8,2026-09-06T04:30:00
W-1200,CDU-III,0.7,2026-09-06T05:00:00
W-1200,CDU-III,1.0,2026-09-06T05:30:00
W-1200,CDU-III,0.6,2026-09-06T06:00:00
W-1200,CDU-III,1.4,2026-09-06T06:30:00
W-1200,CDU-III,3.4,2026-09-06T07:00:00
W-1200,CDU-III,1.8,2026-09-06T07:30:00
W-1203,ETP,3.7,2026-09-06T08:00:00
W-1203,ETP,4.2,2026-09-06T08:30:00
W-1203,ETP,0.8,2026-09-06T09:00:00
W-1203,ETP,1.2,2026-09-06T09:30:00
W-1203,ETP,1.1,2026-09-06T10:00:00
W-1203,ETP,1.0,2026-09-06T10:30:00
W-1203,ETP,1.2,2026-09-06T11:00:00
W-1203,ETP,0.6,2026-09-06T11:30:00
W-1203,ETP,3.4,2026-09-06T12:00:00
W-1203,ETP,2.9,2026-09-06T12:30:00
W-1203,ETP,0.9,2026-09-06T13:00:00
W-1203,ETP,1.0,2026-09-06T13:30:00
W-1203,ETP,0.8,2026-09-06T14:00:00
W-1203,ETP,1.0,2026-09-06T14:30:00
W-1203,ETP,0.9,2026-09-06T15:00:00
W-1203,ETP,0.7,2026-09-06T15:30:00
W-1206,TF,0.7,2026-09-06T16:00:00
W-1206,TF,0.3,2026-09-06T16:30:00
W-1206,TF,0.4,2026-09-06T17:00:00
W-1206,TF,0.3,2026-09-06T17:30:00
W-1206,TF,0.7,2026-09-06T18:00:00
W-1206,TF,0.6,2026-09-06T18:30:00
W-1206,TF,0.4,2026-09-06T19:00:00
W-1206,TF,0.7,2026-09-06T19:30:00
W-1206,TF,0.4,2026-09-06T20:00:00
W-1206,TF,0.5,2026-09-06T20:30:00
W-1206,TF,0.3,2026-09-06T21:00:00
W-1206,TF,0.6,2026-09-06T21:30:00
W-1206,TF,0.5,2026-09-06T22:00:00
W-1206,TF,0.4,2026-09-06T22:30:00
W-1206,TF,0.5,2026-09-06T23:00:00
W-1206,TF,0.5,2026-09-06T23:30:00
W-1209,SRU,5.7,2026-09-06T00:00:00
W-1209,SRU,2.6,2026-09-06T00:30:00
W-1209,SRU,3.5,2026-09-06T01:00:00
W-1209,SRU,2.9,2026-09-06T01:30:00
W-1209,SRU,5.1,2026-09-06T02:00:00
W-1209,SRU,3.1,2026-09-06T02:30:00
W-1209,SRU,4.6,2026-09-06T03:00:00
W-1209,SRU,13.0,2026-09-06T03:30:00
W-1209,SRU,3.7,2026-09-06T04:00:00
W-1209,SRU,5.1,2026-09-06T04:30:00
W-1209,SRU,4.9,2026-09-06T05:00:00
W-1209,SRU,5.2,2026-09-06T05:30:00
W-1209,SRU,3.8,2026-09-06T06:00:00
W-1209,SRU,5.4,2026-09-06T06:30:00
W-1209,SRU,2.6,2026-09-06T07:00:00
W-1209,SRU,2.5,2026-09-06T07:30:00
W-1212,ARU,4.7,2026-09-06T08:00:00
W-1212,ARU,1.9,2026-09-06T08:30:00
W-1212,ARU,3.8,2026-09-06T09:00:00
W-1212,ARU,2.3,2026-09-06T09:30:00
W-1212,ARU,2.6,2026-09-06T10:00:00
W-1212,ARU,4.5,2026-09-06T10:30:00
W-1212,ARU,2.1,2026-09-06T11:00:00
W-1212,ARU,3.5,2026-09-06T11:30:00
W-1212,ARU,2.3,2026-09-06T12:00:00
W-1212,ARU,2.9,2026-09-06T12:30:00
W-1212,ARU,3.2,2026-09-06T13:00:00
W-1212,ARU,3.5,2026-09-06T13:30:00
W-1212,ARU,2.9,2026-09-06T14:00:00
W-1212,ARU,2.0,2026-09-06T14:30:00
W-1212,ARU,3.7,2026-09-06T15:00:00
W-1212,ARU,5.8,2026-09-06T15:30:00
W-1215,SWS,2.1,2026-09-06T16:00:00
W-1215,SWS,3.3,2026-09-06T16:30:00
W-1215,SWS,5.3,2026-09-06T17:00:00
W-1215,SWS,3.4,2026-09-06T17:30:00
W-1215,SWS,5.4,2026-09-06T18:00:00
W-1215,SWS,3.5,2026-09-06T18:30:00
W-1215,SWS,4.4,2026-09-06T19:00:00
W-1215,SWS,3.5,2026-09-06T19:30:00
W-1215,SWS,3.9,2026-09-06T20:00:00
W-1215,SWS,4.4,2026-09-06T20:30:00
W-1215,SWS,4.0,2026-09-06T21:00:00
W-1215,SWS,2.2,2026-09-06T21:30:00
W-1215,SWS,4.2,2026-09-06T22:00:00
W-1215,SWS,2.3,2026-09-06T22:30:00
W-1215,SWS,4.9,2026-09-06T23:00:00
W-1215,SWS,13.8,2026-09-06T23:30:00
W-1218,DCU,2.1,2026-09-06T00:00:00
W-1218,DCU,2.1,2026-09-06T00:30:00
W-1218,DCU,2.3,2026-09-06T01:00:00
W-1218,DCU,3.4,2026-09-06T01:30:00
W-1218,DCU,2.2,2026-09-06T02:00:00
W-1218,DCU,3.4,2026-09-06T02:30:00
W-1218,DCU,2.7,2026-09-06T03:00:00
W-1218,DCU,1.4,2026-09-06T03:30:00
W-1218,DCU,2.5,2026-09-06T04:00:00
W-1218,DCU,1.9,2026-09-06T04:30:00
W-1218,DCU,1.6,2026-09-06T05:00:00
W-1218,DCU,3.1,2026-09-06T05:30:00
W-1218,DCU,2.3,2026-09-06T06:00:00
W-1218,DCU,2.1,2026-09-06T06:30:00
W-1218,DCU,1.5,2026-09-06T07:00:00
W-1218,DCU,4.1,2026-09-06T07:30:00
W-1221,HCU,1.8,2026-09-06T08:00:00
W-1221,HCU,1.1,2026-09-06T08:30:00
W-1221,HCU,2.3,2026-09-06T09:00:00
W-1221,HCU,1.1,2026-09-06T09:30:00
W-1221,HCU,1.2,2026-09-06T10:00:00
W-1221,HCU,1.1,2026-09-06T10:30:00
W-1221,HCU,2.0,2026-09-06T11:00:00
W-1221,HCU,2.2,2026-09-06T11:30:00
W-1221,HCU,1.7,2026-09-06T12:00:00
W-1221,HCU,1.8,2026-09-06T12:30:00
W-1221,HCU,2.2,2026-09-06T13:00:00
W-1221,HCU,2.2,2026-09-06T13:30:00
W-1221,HCU,1.9,2026-09-06T14:00:00
W-1221,HCU,2.0,2026-09-06T14:30:00
W-1221,HCU,1.2,2026-09-06T15:00:00
W-1221,HCU,1.6,2026-09-06T15:30:00
W-1224,DHDT,2.1,2026-09-06T16:00:00
W-1224,DHDT,2.0,2026-09-06T16:30:00
W-1224,DHDT,1.8,2026-09-06T17:00:00
W-1224,DHDT,0.9,2026-09-06T17:30:00
W-1224,DHDT,1.0,2026-09-06T18:00:00
W-1224,DHDT,1.4,2026-09-06T18:30:00
W-1224,DHDT,1.3,2026-09-06T19:00:00
W-1224,DHDT,0.8,2026-09-06T19:30:00
W-1224,DHDT,1.8,2026-09-06T20:00:00
W-1224,DHDT,2.0,2026-09-06T20:30:00
W-1224,DHDT,0.9,2026-09-06T21:00:00
W-1224,DHDT,1.3,2026-09-06T21:30:00
W-1224,DHDT,1.1,2026-09-06T22:00:00
W-1224,DHDT,1.7,2026-09-06T22:30:00
W-1224,DHDT,4.7,2026-09-06T23:00:00
W-1224,DHDT,3.2,2026-09-06T23:30:00
W-1227,CDU-III,1.6,2026-09-06T00:00:00
W-1227,CDU-III,1.5,2026-09-06T00:30:00
W-1227,CDU-III,1.1,2026-09-06T01:00:00
W-1227,CDU-III,0.7,2026-09-06T01:30:00
W-1227,CDU-III,1.4,2026-09-06T02:00:00
W-1227,CDU-III,1.4,2026-09-06T02:30:00
W-1227,CDU-III,0.6,2026-09-06T03:00:00
W-1227,CDU-III,0.9,2026-09-06T03:30:00
W-1227,CDU-III,1.6,2026-09-06T04:00:00
W-1227,CDU-III,0.8,2026-09-06T04:30:00
W-1227,CDU-III,1.6,2026-09-06T05:00:00
W-1227,CDU-III,0.9,2026-09-06T05:30:00
W-1227,CDU-III,2.6,2026-09-06T06:00:00
W-1227,CDU-III,3.1,2026-09-06T06:30:00
W-1227,CDU-III,0.6,2026-09-06T07:00:00
W-1227,CDU-III,0.7,2026-09-06T07:30:00
W-1230,ETP,1.2,2026-09-06T08:00:00
W-1230,ETP,0.5,2026-09-06T08:30:00
W-1230,ETP,0.8,2026-09-06T09:00:00
W-1230,ETP,1.0,2026-09-06T09:30:00
W-1230,ETP,1.3,2026-09-06T10:00:00
W-1230,ETP,2.5,2026-09-06T10:30:00
W-1230,ETP,4.4,2026-09-06T11:00:00
W-1230,ETP,3.3,2026-09-06T11:30:00
W-1230,ETP,1.3,2026-09-06T12:00:00
W-1230,ETP,0.8,2026-09-06T12:30:00
W-1230,ETP,0.8,2026-09-06T13:00:00
W-1230,ETP,0.8,2026-09-06T13:30:00
W-1230,ETP,1.2,2026-09-06T14:00:00
W-1230,ETP,1.2,2026-09-06T14:30:00
W-1230,ETP,1.1,2026-09-06T15:00:00
W-1230,ETP,1.0,2026-09-06T15:30:00
W-1233,TF,0.4,2026-09-06T16:00:00
W-1233,TF,0.6,2026-09-06T16:30:00
W-1233,TF,0.3,2026-09-06T17:00:00
W-1233,TF,0.6,2026-09-06T17:30:00
W-1233,TF,0.7,2026-09-06T18:00:00
W-1233,TF,0.6,2026-09-06T18:30:00
W-1233,TF,0.5,2026-09-06T19:00:00
W-1233,TF,0.7,2026-09-06T19:30:00
W-1233,TF,0.6,2026-09-06T20:00:00
W-1233,TF,0.3,2026-09-06T20:30:00
W-1233,TF,0.7,2026-09-06T21:00:00
W-1233,TF,0.3,2026-09-06T21:30:00
W-1233,TF,0.6,2026-09-06T22:00:00
W-1233,TF,0.4,2026-09-06T22:30:00
W-1233,TF,0.5,2026-09-06T23:00:00
W-1233,TF,0.4,2026-09-06T23:30:00
W-1101,SRU,4.9,2026-09-07T00:00:00
W-1101,SRU,3.3,2026-09-07T00:30:00
W-1101,SRU,15.2,2026-09-07T01:00:00
W-1101,SRU,19.3,2026-09-07T01:30:00
W-1101,SRU,2.3,2026-09-07T02:00:00
W-1101,SRU,2.1,2026-09-07T02:30:00
W-1101,SRU,5.4,2026-09-07T03:00:00
W-1101,SRU,5.3,2026-09-07T03:30:00
W-1101,SRU,3.2,2026-09-07T04:00:00
W-1101,SRU,9.1,2026-09-07T04:30:00
W-1101,SRU,14.8,2026-09-07T05:00:00
W-1101,SRU,9.5,2026-09-07T05:30:00
W-1101,SRU,3.2,2026-09-07T06:00:00
W-1101,SRU,4.0,2026-09-07T06:30:00
W-1101,SRU,4.7,2026-09-07T07:00:00
W-1101,SRU,8.1,2026-09-07T07:30:00
W-1104,ARU,4.0,2026-09-07T08:00:00
W-1104,ARU,1.9,2026-09-07T08:30:00
W-1104,ARU,3.4,2026-09-07T09:00:00
W-1104,ARU,3.8,2026-09-07T09:30:00
W-1104,ARU,2.4,2026-09-07T10:00:00
W-1104,ARU,4.3,2026-09-07T10:30:00
W-1104,ARU,4.2,2026-09-07T11:00:00
W-1104,ARU,4.7,2026-09-07T11:30:00
W-1104,ARU,2.1,2026-09-07T12:00:00
W-1104,ARU,3.6,2026-09-07T12:30:00
W-1104,ARU,4.7,2026-09-07T13:00:00
W-1104,ARU,4.6,2026-09-07T13:30:00
W-1104,ARU,4.2,2026-09-07T14:00:00
W-1104,ARU,4.3,2026-09-07T14:30:00
W-1104,ARU,3.7,2026-09-07T15:00:00
W-1104,ARU,3.8,2026-09-07T15:30:00
W-1107,SWS,4.3,2026-09-07T16:00:00
W-1107,SWS,3.2,2026-09-07T16:30:00
W-1107,SWS,4.6,2026-09-07T17:00:00
W-1107,SWS,2.8,2026-09-07T17:30:00
W-1107,SWS,5.1,2026-09-07T18:00:00
W-1107,SWS,4.0,2026-09-07T18:30:00
W-1107,SWS,4.0,2026-09-07T19:00:00
W-1107,SWS,7.4,2026-09-07T19:30:00
W-1107,SWS,16.5,2026-09-07T20:00:00
W-1107,SWS,8.8,2026-09-07T20:30:00
W-1107,SWS,4.0,2026-09-07T21:00:00
W-1107,SWS,5.0,2026-09-07T21:30:00
W-1107,SWS,3.5,2026-09-07T22:00:00
W-1107,SWS,4.7,2026-09-07T22:30:00
W-1107,SWS,2.1,2026-09-07T23:00:00
W-1107,SWS,3.4,2026-09-07T23:30:00
W-1110,DCU,2.3,2026-09-07T00:00:00
W-1110,DCU,3.2,2026-09-07T00:30:00
W-1110,DCU,2.2,2026-09-07T01:00:00
W-1110,DCU,2.3,2026-09-07T01:30:00
W-1110,DCU,1.6,2026-09-07T02:00:00
W-1110,DCU,3.1,2026-09-07T02:30:00
W-1110,DCU,2.0,2026-09-07T03:00:00
W-1110,DCU,2.5,2026-09-07T03:30:00
W-1110,DCU,2.4,2026-09-07T04:00:00
W-1110,DCU,2.8,2026-09-07T04:30:00
W-1110,DCU,2.0,2026-09-07T05:00:00
W-1110,DCU,3.1,2026-09-07T05:30:00
W-1110,DCU,1.2,2026-09-07T06:00:00
W-1110,DCU,2.8,2026-09-07T06:30:00
W-1110,DCU,2.4,2026-09-07T07:00:00
W-1110,DCU,2.6,2026-09-07T07:30:00
W-1116,DHDT,1.1,2026-09-07T16:00:00
W-1116,DHDT,1.8,2026-09-07T16:30:00
W-1116,DHDT,1.9,2026-09-07T17:00:00
W-1116,DHDT,1.4,2026-09-07T17:30:00
W-1116,DHDT,1.3,2026-09-07T18:00:00
W-1116,DHDT,1.1,2026-09-07T18:30:00
W-1116,DHDT,1.5,2026-09-07T19:00:00
W-1116,DHDT,1.8,2026-09-07T19:30:00
W-1116,DHDT,1.7,2026-09-07T20:00:00
W-1116,DHDT,1.6,2026-09-07T20:30:00
W-1116,DHDT,1.0,2026-09-07T21:00:00
W-1116,DHDT,1.0,2026-09-07T21:30:00
W-1116,DHDT,1.6,2026-09-07T22:00:00
W-1116,DHDT,1.2,2026-09-07T22:30:00
W-1116,DHDT,1.4,2026-09-07T23:00:00
W-1116,DHDT,1.4,2026-09-07T23:30:00
W-1122,ETP,0.8,2026-09-07T08:00:00
W-1122,ETP,1.0,2026-09-07T08:30:00
W-1122,ETP,0.6,2026-09-07T09:00:00
W-1122,ETP,0.6,2026-09-07T09:30:00
W-1122,ETP,1.1,2026-09-07T10:00:00
W-1122,ETP,1.0,2026-09-07T10:30:00
W-1122,ETP,3.4,2026-09-07T11:00:00
W-1122,ETP,4.3,2026-09-07T11:30:00
W-1122,ETP,1.7,2026-09-07T12:00:00
W-1122,ETP,1.2,2026-09-07T12:30:00
W-1122,ETP,0.7,2026-09-07T13:00:00
W-1122,ETP,0.9,2026-09-07T13:30:00
W-1122,ETP,0.6,2026-09-07T14:00:00
W-1122,ETP,1.1,2026-09-07T14:30:00
W-1122,ETP,0.5,2026-09-07T15:00:00
W-1122,ETP,0.8,2026-09-07T15:30:00
W-1128,SRU,3.0,2026-09-07T00:00:00
W-1128,SRU,5.4,2026-09-07T00:30:00
W-1128,SRU,2.1,2026-09-07T01:00:00
W-1128,SRU,3.1,2026-09-07T01:30:00
W-1128,SRU,3.8,2026-09-07T02:00:00
W-1128,SRU,4.2,2026-09-07T02:30:00
W-1128,SRU,4.4,2026-09-07T03:00:00
W-1128,SRU,4.3,2026-09-07T03:30:00
W-1128,SRU,5.1,2026-09-07T04:00:00
W-1128,SRU,5.6,2026-09-07T04:30:00
W-1128,SRU,5.4,2026-09-07T05:00:00
W-1128,SRU,5.4,2026-09-07T05:30:00
W-1128,SRU,3.2,2026-09-07T06:00:00
W-1128,SRU,3.5,2026-09-07T06:30:00
W-1128,SRU,4.4,2026-09-07T07:00:00
W-1128,SRU,2.2,2026-09-07T07:30:00
W-1131,ARU,3.2,2026-09-07T08:00:00
W-1131,ARU,3.5,2026-09-07T08:30:00
W-1131,ARU,3.2,2026-09-07T09:00:00
W-1131,ARU,3.5,2026-09-07T09:30:00
W-1131,ARU,3.6,2026-09-07T10:00:00
W-1131,ARU,2.7,2026-09-07T10:30:00
W-1131,ARU,4.4,2026-09-07T11:00:00
W-1131,ARU,1.9,2026-09-07T11:30:00
W-1131,ARU,1.9,2026-09-07T12:00:00
W-1131,ARU,1.9,2026-09-07T12:30:00
W-1131,ARU,4.1,2026-09-07T13:00:00
W-1131,ARU,12.1,2026-09-07T13:30:00
W-1131,ARU,2.3,2026-09-07T14:00:00
W-1131,ARU,1.9,2026-09-07T14:30:00
W-1131,ARU,2.6,2026-09-07T15:00:00
W-1131,ARU,4.2,2026-09-07T15:30:00
W-1137,DCU,7.5,2026-09-07T00:00:00
W-1137,DCU,2.9,2026-09-07T00:30:00
W-1137,DCU,1.8,2026-09-07T01:00:00
W-1137,DCU,2.1,2026-09-07T01:30:00
W-1137,DCU,3.1,2026-09-07T02:00:00
W-1137,DCU,2.0,2026-09-07T02:30:00
W-1137,DCU,2.2,2026-09-07T03:00:00
W-1137,DCU,2.3,2026-09-07T03:30:00
W-1137,DCU,1.4,2026-09-07T04:00:00
W-1137,DCU,2.8,2026-09-07T04:30:00
W-1137,DCU,8.9,2026-09-07T05:00:00
W-1137,DCU,9.2,2026-09-07T05:30:00
W-1137,DCU,2.8,2026-09-07T06:00:00
W-1137,DCU,1.7,2026-09-07T06:30:00
W-1137,DCU,2.5,2026-09-07T07:00:00
W-1137,DCU,1.3,2026-09-07T07:30:00
W-1140,HCU,1.0,2026-09-07T08:00:00
W-1140,HCU,1.1,2026-09-07T08:30:00
W-1140,HCU,2.2,2026-09-07T09:00:00
W-1140,HCU,1.6,2026-09-07T09:30:00
W-1140,HCU,4.7,2026-09-07T10:00:00
W-1140,HCU,3.3,2026-09-07T10:30:00
W-1140,HCU,2.2,2026-09-07T11:00:00
W-1140,HCU,1.4,2026-09-07T11:30:00
W-1140,HCU,0.9,2026-09-07T12:00:00
W-1140,HCU,2.2,2026-09-07T12:30:00
W-1140,HCU,1.1,2026-09-07T13:00:00
W-1140,HCU,2.3,2026-09-07T13:30:00
W-1140,HCU,1.6,2026-09-07T14:00:00
W-1140,HCU,2.1,2026-09-07T14:30:00
W-1140,HCU,1.1,2026-09-07T15:00:00
W-1140,HCU,1.2,2026-09-07T15:30:00
W-1143,DHDT,1.1,2026-09-07T16:00:00
W-1143,DHDT,1.0,2026-09-07T16:30:00
W-1143,DHDT,1.8,2026-09-07T17:00:00
W-1143,DHDT,1.7,2026-09-07T17:30:00
W-1143,DHDT,1.5,2026-09-07T18:00:00
W-1143,DHDT,1.5,2026-09-07T18:30:00
W-1143,DHDT,0.8,2026-09-07T19:00:00
W-1143,DHDT,0.8,2026-09-07T19:30:00
W-1143,DHDT,0.9,2026-09-07T20:00:00
W-1143,DHDT,2.0,2026-09-07T20:30:00
W-1143,DHDT,1.9,2026-09-07T21:00:00
W-1143,DHDT,0.9,2026-09-07T21:30:00
W-1143,DHDT,1.9,2026-09-07T22:00:00
W-1143,DHDT,1.0,2026-09-07T22:30:00
W-1143,DHDT,1.2,2026-09-07T23:00:00
W-1143,DHDT,1.7,2026-09-07T23:30:00
W-1146,CDU-III,1.0,2026-09-07T00:00:00
W-1146,CDU-III,0.8,2026-09-07T00:30:00
W-1146,CDU-III,0.8,2026-09-07T01:00:00
W-1146,CDU-III,0.6,2026-09-07T01:30:00
W-1146,CDU-III,1.1,2026-09-07T02:00:00
W-1146,CDU-III,1.3,2026-09-07T02:30:00
W-1146,CDU-III,1.1,2026-09-07T03:00:00
W-1146,CDU-III,0.9,2026-09-07T03:30:00
W-1146,CDU-III,0.9,2026-09-07T04:00:00
W-1146,CDU-III,1.4,2026-09-07T04:30:00
W-1146,CDU-III,1.0,2026-09-07T05:00:00
W-1146,CDU-III,1.0,2026-09-07T05:30:00
W-1146,CDU-III,1.7,2026-09-07T06:00:00
W-1146,CDU-III,0.9,2026-09-07T06:30:00
W-1146,CDU-III,0.9,2026-09-07T07:00:00
W-1146,CDU-III,1.4,2026-09-07T07:30:00
W-1149,ETP,0.8,2026-09-07T08:00:00
W-1149,ETP,0.5,2026-09-07T08:30:00
W-1149,ETP,0.7,2026-09-07T09:00:00
W-1149,ETP,1.0,2026-09-07T09:30:00
W-1149,ETP,0.9,2026-09-07T10:00:00
W-1149,ETP,1.0,2026-09-07T10:30:00
W-1149,ETP,1.1,2026-09-07T11:00:00
W-1149,ETP,0.7,2026-09-07T11:30:00
W-1149,ETP,0.6,2026-09-07T12:00:00
W-1149,ETP,0.8,2026-09-07T12:30:00
W-1149,ETP,0.5,2026-09-07T13:00:00
W-1149,ETP,0.9,2026-09-07T13:30:00
W-1149,ETP,0.5,2026-09-07T14:00:00
W-1149,ETP,0.5,2026-09-07T14:30:00
W-1149,ETP,0.6,2026-09-07T15:00:00
W-1149,ETP,0.5,2026-09-07T15:30:00
W-1152,TF,0.4,2026-09-07T16:00:00
W-1152,TF,0.6,2026-09-07T16:30:00
W-1152,TF,0.3,2026-09-07T17:00:00
W-1152,TF,0.5,2026-09-07T17:30:00
W-1152,TF,0.4,2026-09-07T18:00:00
W-1152,TF,0.4,2026-09-07T18:30:00
W-1152,TF,0.4,2026-09-07T19:00:00
W-1152,TF,0.5,2026-09-07T19:30:00
W-1152,TF,0.3,2026-09-07T20:00:00
W-1152,TF,0.7,2026-09-07T20:30:00
W-1152,TF,0.2,2026-09-07T21:00:00
W-1152,TF,0.3,2026-09-07T21:30:00
W-1152,TF,0.5,2026-09-07T22:00:00
W-1152,TF,0.4,2026-09-07T22:30:00
W-1152,TF,0.6,2026-09-07T23:00:00
W-1152,TF,0.4,2026-09-07T23:30:00
W-1155,SRU,2.5,2026-09-07T00:00:00
W-1155,SRU,3.3,2026-09-07T00:30:00
W-1155,SRU,3.1,2026-09-07T01:00:00
W-1155,SRU,2.9,2026-09-07T01:30:00
W-1155,SRU,3.6,2026-09-07T02:00:00
W-1155,SRU,3.8,2026-09-07T02:30:00
W-1155,SRU,3.0,2026-09-07T03:00:00
W-1155,SRU,4.2,2026-09-07T03:30:00
W-1155,SRU,4.5,2026-09-07T04:00:00
W-1155,SRU,3.3,2026-09-07T04:30:00
W-1155,SRU,2.6,2026-09-07T05:00:00
W-1155,SRU,2.8,2026-09-07T05:30:00
W-1155,SRU,4.0,2026-09-07T06:00:00
W-1155,SRU,4.0,2026-09-07T06:30:00
W-1155,SRU,4.2,2026-09-07T07:00:00
W-1155,SRU,2.5,2026-09-07T07:30:00
W-1158,ARU,2.5,2026-09-07T08:00:00
W-1158,ARU,4.7,2026-09-07T08:30:00
W-1158,ARU,2.7,2026-09-07T09:00:00
W-1158,ARU,2.3,2026-09-07T09:30:00
W-1158,ARU,4.2,2026-09-07T10:00:00
W-1158,ARU,3.6,2026-09-07T10:30:00
W-1158,ARU,3.1,2026-09-07T11:00:00
W-1158,ARU,3.9,2026-09-07T11:30:00
W-1158,ARU,2.2,2026-09-07T12:00:00
W-1158,ARU,2.4,2026-09-07T12:30:00
W-1158,ARU,2.8,2026-09-07T13:00:00
W-1158,ARU,4.8,2026-09-07T13:30:00
W-1158,ARU,3.9,2026-09-07T14:00:00
W-1158,ARU,3.1,2026-09-07T14:30:00
W-1158,ARU,4.3,2026-09-07T15:00:00
W-1158,ARU,1.9,2026-09-07T15:30:00
W-1161,SWS,2.6,2026-09-07T16:00:00
W-1161,SWS,2.5,2026-09-07T16:30:00
W-1161,SWS,3.0,2026-09-07T17:00:00
W-1161,SWS,4.8,2026-09-07T17:30:00
W-1161,SWS,16.3,2026-09-07T18:00:00
W-1161,SWS,10.7,2026-09-07T18:30:00
W-1161,SWS,13.0,2026-09-07T19:00:00
W-1161,SWS,2.1,2026-09-07T19:30:00
W-1161,SWS,3.2,2026-09-07T20:00:00
W-1161,SWS,2.8,2026-09-07T20:30:00
W-1161,SWS,3.5,2026-09-07T21:00:00
W-1161,SWS,2.5,2026-09-07T21:30:00
W-1161,SWS,15.8,2026-09-07T22:00:00
W-1161,SWS,7.1,2026-09-07T22:30:00
W-1161,SWS,17.0,2026-09-07T23:00:00
W-1161,SWS,2.5,2026-09-07T23:30:00
W-1164,DCU,2.5,2026-09-07T00:00:00
W-1164,DCU,1.6,2026-09-07T00:30:00
W-1164,DCU,2.3,2026-09-07T01:00:00
W-1164,DCU,4.6,2026-09-07T01:30:00
W-1164,DCU,1.6,2026-09-07T02:00:00
W-1164,DCU,2.5,2026-09-07T02:30:00
W-1164,DCU,3.2,2026-09-07T03:00:00
W-1164,DCU,2.1,2026-09-07T03:30:00
W-1164,DCU,2.9,2026-09-07T04:00:00
W-1164,DCU,1.9,2026-09-07T04:30:00
W-1164,DCU,2.9,2026-09-07T05:00:00
W-1164,DCU,9.3,2026-09-07T05:30:00
W-1164,DCU,7.9,2026-09-07T06:00:00
W-1164,DCU,8.0,2026-09-07T06:30:00
W-1164,DCU,2.3,2026-09-07T07:00:00
W-1164,DCU,1.9,2026-09-07T07:30:00
W-1170,DHDT,1.2,2026-09-07T16:00:00
W-1170,DHDT,1.0,2026-09-07T16:30:00
W-1170,DHDT,1.3,2026-09-07T17:00:00
W-1170,DHDT,1.5,2026-09-07T17:30:00
W-1170,DHDT,1.5,2026-09-07T18:00:00
W-1170,DHDT,1.4,2026-09-07T18:30:00
W-1170,DHDT,1.7,2026-09-07T19:00:00
W-1170,DHDT,1.6,2026-09-07T19:30:00
W-1170,DHDT,1.0,2026-09-07T20:00:00
W-1170,DHDT,1.1,2026-09-07T20:30:00
W-1170,DHDT,1.8,2026-09-07T21:00:00
W-1170,DHDT,3.2,2026-09-07T21:30:00
W-1170,DHDT,2.5,2026-09-07T22:00:00
W-1170,DHDT,2.0,2026-09-07T22:30:00
W-1170,DHDT,2.0,2026-09-07T23:00:00
W-1170,DHDT,0.8,2026-09-07T23:30:00
W-1173,CDU-III,1.1,2026-09-07T00:00:00
W-1173,CDU-III,1.0,2026-09-07T00:30:00
W-1173,CDU-III,1.4,2026-09-07T01:00:00
W-1173,CDU-III,1.5,2026-09-07T01:30:00
W-1173,CDU-III,1.1,2026-09-07T02:00:00
W-1173,CDU-III,1.1,2026-09-07T02:30:00
W-1173,CDU-III,0.6,2026-09-07T03:00:00
W-1173,CDU-III,0.7,2026-09-07T03:30:00
W-1173,CDU-III,0.9,2026-09-07T04:00:00
W-1173,CDU-III,0.8,2026-09-07T04:30:00
W-1173,CDU-III,0.6,2026-09-07T05:00:00
W-1173,CDU-III,0.6,2026-09-07T05:30:00
W-1173,CDU-III,4.6,2026-09-07T06:00:00
W-1173,CDU-III,3.1,2026-09-07T06:30:00
W-1173,CDU-III,2.8,2026-09-07T07:00:00
W-1173,CDU-III,1.5,2026-09-07T07:30:00
W-1176,ETP,0.6,2026-09-07T08:00:00
W-1176,ETP,0.7,2026-09-07T08:30:00
W-1176,ETP,0.6,2026-09-07T09:00:00
W-1176,ETP,0.8,2026-09-07T09:30:00
W-1176,ETP,1.1,2026-09-07T10:00:00
W-1176,ETP,0.9,2026-09-07T10:30:00
W-1176,ETP,1.0,2026-09-07T11:00:00
W-1176,ETP,0.9,2026-09-07T11:30:00
W-1176,ETP,4.0,2026-09-07T12:00:00
W-1176,ETP,3.9,2026-09-07T12:30:00
W-1176,ETP,2.4,2026-09-07T13:00:00
W-1176,ETP,1.1,2026-09-07T13:30:00
W-1176,ETP,1.2,2026-09-07T14:00:00
W-1176,ETP,1.0,2026-09-07T14:30:00
W-1176,ETP,0.6,2026-09-07T15:00:00
W-1176,ETP,1.1,2026-09-07T15:30:00
W-1179,TF,0.3,2026-09-07T16:00:00
W-1179,TF,0.5,2026-09-07T16:30:00
W-1179,TF,0.5,2026-09-07T17:00:00
W-1179,TF,0.3,2026-09-07T17:30:00
W-1179,TF,0.5,2026-09-07T18:00:00
W-1179,TF,0.4,2026-09-07T18:30:00
W-1179,TF,0.4,2026-09-07T19:00:00
W-1179,TF,0.6,2026-09-07T19:30:00
W-1179,TF,0.5,2026-09-07T20:00:00
W-1179,TF,0.7,2026-09-07T20:30:00
W-1179,TF,0.6,2026-09-07T21:00:00
W-1179,TF,0.6,2026-09-07T21:30:00
W-1179,TF,0.4,2026-09-07T22:00:00
W-1179,TF,0.3,2026-09-07T22:30:00
W-1179,TF,0.4,2026-09-07T23:00:00
W-1179,TF,0.7,2026-09-07T23:30:00
W-1182,SRU,3.9,2026-09-07T00:00:00
W-1182,SRU,2.3,2026-09-07T00:30:00
W-1182,SRU,4.0,2026-09-07T01:00:00
W-1182,SRU,15.5,2026-09-07T01:30:00
W-1182,SRU,16.0,2026-09-07T02:00:00
W-1182,SRU,5.4,2026-09-07T02:30:00
W-1182,SRU,4.7,2026-09-07T03:00:00
W-1182,SRU,3.7,2026-09-07T03:30:00
W-1182,SRU,13.2,2026-09-07T04:00:00
W-1182,SRU,16.2,2026-09-07T04:30:00
W-1182,SRU,6.8,2026-09-07T05:00:00
W-1182,SRU,4.2,2026-09-07T05:30:00
W-1182,SRU,4.6,2026-09-07T06:00:00
W-1182,SRU,3.4,2026-09-07T06:30:00
W-1182,SRU,4.2,2026-09-07T07:00:00
W-1182,SRU,5.2,2026-09-07T07:30:00
W-1185,ARU,8.8,2026-09-07T08:00:00
W-1185,ARU,8.2,2026-09-07T08:30:00
W-1185,ARU,3.7,2026-09-07T09:00:00
W-1185,ARU,2.9,2026-09-07T09:30:00
W-1185,ARU,3.7,2026-09-07T10:00:00
W-1185,ARU,2.6,2026-09-07T10:30:00
W-1185,ARU,3.2,2026-09-07T11:00:00
W-1185,ARU,3.8,2026-09-07T11:30:00
W-1185,ARU,3.1,2026-09-07T12:00:00
W-1185,ARU,9.7,2026-09-07T12:30:00
W-1185,ARU,9.9,2026-09-07T13:00:00
W-1185,ARU,6.7,2026-09-07T13:30:00
W-1185,ARU,4.6,2026-09-07T14:00:00
W-1185,ARU,4.2,2026-09-07T14:30:00
W-1185,ARU,2.1,2026-09-07T15:00:00
W-1185,ARU,3.7,2026-09-07T15:30:00
W-1188,SWS,2.9,2026-09-07T16:00:00
W-1188,SWS,4.6,2026-09-07T16:30:00
W-1188,SWS,4.5,2026-09-07T17:00:00
W-1188,SWS,5.2,2026-09-07T17:30:00
W-1188,SWS,3.0,2026-09-07T18:00:00
W-1188,SWS,2.7,2026-09-07T18:30:00
W-1188,SWS,3.0,2026-09-07T19:00:00
W-1188,SWS,4.2,2026-09-07T19:30:00
W-1188,SWS,5.2,2026-09-07T20:00:00
W-1188,SWS,2.7,2026-09-07T20:30:00
W-1188,SWS,3.5,2026-09-07T21:00:00
W-1188,SWS,2.9,2026-09-07T21:30:00
W-1188,SWS,4.8,2026-09-07T22:00:00
W-1188,SWS,4.0,2026-09-07T22:30:00
W-1188,SWS,5.1,2026-09-07T23:00:00
W-1188,SWS,2.6,2026-09-07T23:30:00
W-1191,DCU,2.1,2026-09-07T00:00:00
W-1191,DCU,2.7,2026-09-07T00:30:00
W-1191,DCU,3.2,2026-09-07T01:00:00
W-1191,DCU,2.1,2026-09-07T01:30:00
W-1191,DCU,1.6,2026-09-07T02:00:00
W-1191,DCU,1.8,2026-09-07T02:30:00
W-1191,DCU,1.4,2026-09-07T03:00:00
W-1191,DCU,1.6,2026-09-07T03:30:00
W-1191,DCU,2.8,2026-09-07T04:00:00
W-1191,DCU,2.8,2026-09-07T04:30:00
W-1191,DCU,2.7,2026-09-07T05:00:00
W-1191,DCU,2.0,2026-09-07T05:30:00
W-1191,DCU,2.7,2026-09-07T06:00:00
W-1191,DCU,3.1,2026-09-07T06:30:00
W-1191,DCU,5.8,2026-09-07T07:00:00
W-1191,DCU,8.3,2026-09-07T07:30:00
W-1194,HCU,1.3,2026-09-07T08:00:00
W-1194,HCU,2.4,2026-09-07T08:30:00
W-1194,HCU,1.5,2026-09-07T09:00:00
W-1194,HCU,1.7,2026-09-07T09:30:00
W-1194,HCU,1.1,2026-09-07T10:00:00
W-1194,HCU,1.3,2026-09-07T10:30:00
W-1194,HCU,1.2,2026-09-07T11:00:00
W-1194,HCU,2.3,2026-09-07T11:30:00
W-1194,HCU,2.2,2026-09-07T12:00:00
W-1194,HCU,2.1,2026-09-07T12:30:00
W-1194,HCU,1.6,2026-09-07T13:00:00
W-1194,HCU,2.1,2026-09-07T13:30:00
W-1194,HCU,2.1,2026-09-07T14:00:00
W-1194,HCU,2.3,2026-09-07T14:30:00
W-1194,HCU,1.9,2026-09-07T15:00:00
W-1194,HCU,2.3,2026-09-07T15:30:00
W-1197,DHDT,1.7,2026-09-07T16:00:00
W-1197,DHDT,1.1,2026-09-07T16:30:00
W-1197,DHDT,1.4,2026-09-07T17:00:00
W-1197,DHDT,1.5,2026-09-07T17:30:00
W-1197,DHDT,1.0,2026-09-07T18:00:00
W-1197,DHDT,1.5,2026-09-07T18:30:00
W-1197,DHDT,0.9,2026-09-07T19:00:00
W-1197,DHDT,1.5,2026-09-07T19:30:00
W-1197,DHDT,1.9,2026-09-07T20:00:00
W-1197,DHDT,1.6,2026-09-07T20:30:00
W-1197,DHDT,1.0,2026-09-07T21:00:00
W-1197,DHDT,1.2,2026-09-07T21:30:00
W-1197,DHDT,1.3,2026-09-07T22:00:00
W-1197,DHDT,1.8,2026-09-07T22:30:00
W-1197,DHDT,1.5,2026-09-07T23:00:00
W-1197,DHDT,1.7,2026-09-07T23:30:00
W-1200,CDU-III,1.3,2026-09-07T00:00:00
W-1200,CDU-III,0.7,2026-09-07T00:30:00
W-1200,CDU-III,1.6,2026-09-07T01:00:00
W-1200,CDU-III,1.5,2026-09-07T01:30:00
W-1200,CDU-III,0.7,2026-09-07T02:00:00
W-1200,CDU-III,1.3,2026-09-07T02:30:00
W-1200,CDU-III,1.5,2026-09-07T03:00:00
W-1200,CDU-III,1.2,2026-09-07T03:30:00
W-1200,CDU-III,0.7,2026-09-07T04:00:00
W-1200,CDU-III,1.4,2026-09-07T04:30:00
W-1200,CDU-III,1.3,2026-09-07T05:00:00
W-1200,CDU-III,1.3,2026-09-07T05:30:00
W-1200,CDU-III,1.4,2026-09-07T06:00:00
W-1200,CDU-III,0.7,2026-09-07T06:30:00
W-1200,CDU-III,3.1,2026-09-07T07:00:00
W-1200,CDU-III,3.4,2026-09-07T07:30:00
W-1203,ETP,0.5,2026-09-07T08:00:00
W-1203,ETP,0.8,2026-09-07T08:30:00
W-1203,ETP,0.6,2026-09-07T09:00:00
W-1203,ETP,0.7,2026-09-07T09:30:00
W-1203,ETP,0.7,2026-09-07T10:00:00
W-1203,ETP,0.6,2026-09-07T10:30:00
W-1203,ETP,0.9,2026-09-07T11:00:00
W-1203,ETP,0.8,2026-09-07T11:30:00
W-1203,ETP,0.5,2026-09-07T12:00:00
W-1203,ETP,0.8,2026-09-07T12:30:00
W-1203,ETP,0.9,2026-09-07T13:00:00
W-1203,ETP,0.7,2026-09-07T13:30:00
W-1203,ETP,0.8,2026-09-07T14:00:00
W-1203,ETP,0.7,2026-09-07T14:30:00
W-1203,ETP,0.9,2026-09-07T15:00:00
W-1203,ETP,1.0,2026-09-07T15:30:00
W-1206,TF,0.3,2026-09-07T16:00:00
W-1206,TF,0.5,2026-09-07T16:30:00
W-1206,TF,0.3,2026-09-07T17:00:00
W-1206,TF,0.4,2026-09-07T17:30:00
W-1206,TF,0.3,2026-09-07T18:00:00
W-1206,TF,0.4,2026-09-07T18:30:00
W-1206,TF,0.5,2026-09-07T19:00:00
W-1206,TF,0.3,2026-09-07T19:30:00
W-1206,TF,0.3,2026-09-07T20:00:00
W-1206,TF,0.6,2026-09-07T20:30:00
W-1206,TF,0.5,2026-09-07T21:00:00
W-1206,TF,0.3,2026-09-07T21:30:00
W-1206,TF,0.6,2026-09-07T22:00:00
W-1206,TF,0.4,2026-09-07T22:30:00
W-1206,TF,0.6,2026-09-07T23:00:00
W-1206,TF,0.6,2026-09-07T23:30:00
W-1209,SRU,15.9,2026-09-07T00:00:00
W-1209,SRU,2.8,2026-09-07T00:30:00
W-1209,SRU,3.7,2026-09-07T01:00:00
W-1209,SRU,3.6,2026-09-07T01:30:00
W-1209,SRU,15.6,2026-09-07T02:00:00
W-1209,SRU,10.5,2026-09-07T02:30:00
W-1209,SRU,14.2,2026-09-07T03:00:00
W-1209,SRU,3.3,2026-09-07T03:30:00
W-1209,SRU,3.8,2026-09-07T04:00:00
W-1209,SRU,3.4,2026-09-07T04:30:00
W-1209,SRU,5.7,2026-09-07T05:00:00
W-1209,SRU,5.2,2026-09-07T05:30:00
W-1209,SRU,4.7,2026-09-07T06:00:00
W-1209,SRU,5.2,2026-09-07T06:30:00
W-1209,SRU,3.7,2026-09-07T07:00:00
W-1209,SRU,5.7,2026-09-07T07:30:00
W-1212,ARU,2.3,2026-09-07T08:00:00
W-1212,ARU,6.2,2026-09-07T08:30:00
W-1212,ARU,3.9,2026-09-07T09:00:00
W-1212,ARU,3.6,2026-09-07T09:30:00
W-1212,ARU,3.3,2026-09-07T10:00:00
W-1212,ARU,2.7,2026-09-07T10:30:00
W-1212,ARU,3.8,2026-09-07T11:00:00
W-1212,ARU,12.2,2026-09-07T11:30:00
W-1212,ARU,8.0,2026-09-07T12:00:00
W-1212,ARU,1.9,2026-09-07T12:30:00
W-1212,ARU,2.4,2026-09-07T13:00:00
W-1212,ARU,2.3,2026-09-07T13:30:00
W-1212,ARU,2.9,2026-09-07T14:00:00
W-1212,ARU,4.7,2026-09-07T14:30:00
W-1212,ARU,3.5,2026-09-07T15:00:00
W-1212,ARU,2.3,2026-09-07T15:30:00
W-1215,SWS,2.3,2026-09-07T16:00:00
W-1215,SWS,2.2,2026-09-07T16:30:00
W-1215,SWS,13.3,2026-09-07T17:00:00
W-1215,SWS,16.4,2026-09-07T17:30:00
W-1215,SWS,3.2,2026-09-07T18:00:00
W-1215,SWS,3.5,2026-09-07T18:30:00
W-1215,SWS,4.1,2026-09-07T19:00:00
W-1215,SWS,3.1,2026-09-07T19:30:00
W-1215,SWS,3.0,2026-09-07T20:00:00
W-1215,SWS,4.6,2026-09-07T20:30:00
W-1215,SWS,3.8,2026-09-07T21:00:00
W-1215,SWS,3.9,2026-09-07T21:30:00
W-1215,SWS,3.9,2026-09-07T22:00:00
W-1215,SWS,3.5,2026-09-07T22:30:00
W-1215,SWS,4.1,2026-09-07T23:00:00
W-1215,SWS,2.4,2026-09-07T23:30:00
W-1218,DCU,2.2,2026-09-07T00:00:00
W-1218,DCU,2.9,2026-09-07T00:30:00
W-1218,DCU,2.7,2026-09-07T01:00:00
W-1218,DCU,8.7,2026-09-07T01:30:00
W-1218,DCU,8.5,2026-09-07T02:00:00
W-1218,DCU,4.1,2026-09-07T02:30:00
W-1218,DCU,2.6,2026-09-07T03:00:00
W-1218,DCU,3.0,2026-09-07T03:30:00
W-1218,DCU,2.3,2026-09-07T04:00:00
W-1218,DCU,2.3,2026-09-07T04:30:00
W-1218,DCU,2.8,2026-09-07T05:00:00
W-1218,DCU,1.9,2026-09-07T05:30:00
W-1218,DCU,1.7,2026-09-07T06:00:00
W-1218,DCU,2.9,2026-09-07T06:30:00
W-1218,DCU,2.2,2026-09-07T07:00:00
W-1218,DCU,3.4,2026-09-07T07:30:00
W-1221,HCU,2.3,2026-09-07T08:00:00
W-1221,HCU,2.4,2026-09-07T08:30:00
W-1221,HCU,1.1,2026-09-07T09:00:00
W-1221,HCU,1.6,2026-09-07T09:30:00
W-1221,HCU,0.9,2026-09-07T10:00:00
W-1221,HCU,1.1,2026-09-07T10:30:00
W-1221,HCU,2.2,2026-09-07T11:00:00
W-1221,HCU,2.3,2026-09-07T11:30:00
W-1221,HCU,2.4,2026-09-07T12:00:00
W-1221,HCU,3.4,2026-09-07T12:30:00
W-1221,HCU,0.9,2026-09-07T13:00:00
W-1221,HCU,1.1,2026-09-07T13:30:00
W-1221,HCU,1.9,2026-09-07T14:00:00
W-1221,HCU,1.6,2026-09-07T14:30:00
W-1221,HCU,2.3,2026-09-07T15:00:00
W-1221,HCU,2.4,2026-09-07T15:30:00
W-1224,DHDT,1.4,2026-09-07T16:00:00
W-1224,DHDT,1.6,2026-09-07T16:30:00
W-1224,DHDT,1.6,2026-09-07T17:00:00
W-1224,DHDT,0.9,2026-09-07T17:30:00
W-1224,DHDT,1.8,2026-09-07T18:00:00
W-1224,DHDT,1.3,2026-09-07T18:30:00
W-1224,DHDT,0.8,2026-09-07T19:00:00
W-1224,DHDT,4.0,2026-09-07T19:30:00
W-1224,DHDT,2.0,2026-09-07T20:00:00
W-1224,DHDT,1.8,2026-09-07T20:30:00
W-1224,DHDT,1.5,2026-09-07T21:00:00
W-1224,DHDT,1.2,2026-09-07T21:30:00
W-1224,DHDT,0.9,2026-09-07T22:00:00
W-1224,DHDT,1.2,2026-09-07T22:30:00
W-1224,DHDT,1.5,2026-09-07T23:00:00
W-1224,DHDT,1.3,2026-09-07T23:30:00
W-1227,CDU-III,1.3,2026-09-07T00:00:00
W-1227,CDU-III,0.9,2026-09-07T00:30:00
W-1227,CDU-III,1.1,2026-09-07T01:00:00
W-1227,CDU-III,1.4,2026-09-07T01:30:00
W-1227,CDU-III,0.9,2026-09-07T02:00:00
W-1227,CDU-III,1.3,2026-09-07T02:30:00
W-1227,CDU-III,1.1,2026-09-07T03:00:00
W-1227,CDU-III,0.6,2026-09-07T03:30:00
W-1227,CDU-III,0.7,2026-09-07T04:00:00
W-1227,CDU-III,1.3,2026-09-07T04:30:00
W-1227,CDU-III,1.2,2026-09-07T05:00:00
W-1227,CDU-III,0.8,2026-09-07T05:30:00
W-1227,CDU-III,1.1,2026-09-07T06:00:00
W-1227,CDU-III,1.4,2026-09-07T06:30:00
W-1227,CDU-III,1.3,2026-09-07T07:00:00
W-1227,CDU-III,3.7,2026-09-07T07:30:00
W-1230,ETP,2.4,2026-09-07T08:00:00
W-1230,ETP,2.5,2026-09-07T08:30:00
W-1230,ETP,2.1,2026-09-07T09:00:00
W-1230,ETP,1.1,2026-09-07T09:30:00
W-1230,ETP,1.1,2026-09-07T10:00:00
W-1230,ETP,1.1,2026-09-07T10:30:00
W-1230,ETP,0.8,2026-09-07T11:00:00
W-1230,ETP,0.8,2026-09-07T11:30:00
W-1230,ETP,0.6,2026-09-07T12:00:00
W-1230,ETP,0.6,2026-09-07T12:30:00
W-1230,ETP,1.1,2026-09-07T13:00:00
W-1230,ETP,1.1,2026-09-07T13:30:00
W-1230,ETP,0.9,2026-09-07T14:00:00
W-1230,ETP,1.2,2026-09-07T14:30:00
W-1230,ETP,1.0,2026-09-07T15:00:00
W-1230,ETP,0.7,2026-09-07T15:30:00
W-1233,TF,0.4,2026-09-07T16:00:00
W-1233,TF,0.5,2026-09-07T16:30:00
W-1233,TF,0.6,2026-09-07T17:00:00
W-1233,TF,0.6,2026-09-07T17:30:00
W-1233,TF,0.4,2026-09-07T18:00:00
W-1233,TF,0.5,2026-09-07T18:30:00
W-1233,TF,0.4,2026-09-07T19:00:00
W-1233,TF,0.7,2026-09-07T19:30:00
W-1233,TF,0.6,2026-09-07T20:00:00
W-1233,TF,0.6,2026-09-07T20:30:00
W-1233,TF,0.5,2026-09-07T21:00:00
W-1233,TF,0.4,2026-09-07T21:30:00
W-1233,TF,0.6,2026-09-07T22:00:00
W-1233,TF,0.4,2026-09-07T22:30:00
W-1233,TF,0.5,2026-09-07T23:00:00
W-1233,TF,0.3,2026-09-07T23:30:00
W-1101,SRU,2.9,2026-09-08T00:00:00
W-1101,SRU,4.0,2026-09-08T00:30:00
W-1101,SRU,5.4,2026-09-08T01:00:00
W-1101,SRU,2.3,2026-09-08T01:30:00
W-1101,SRU,3.3,2026-09-08T02:00:00
W-1101,SRU,11.9,2026-09-08T02:30:00
W-1101,SRU,11.9,2026-09-08T03:00:00
W-1101,SRU,13.9,2026-09-08T03:30:00
W-1101,SRU,4.5,2026-09-08T04:00:00
W-1101,SRU,3.9,2026-09-08T04:30:00
W-1101,SRU,5.1,2026-09-08T05:00:00
W-1101,SRU,5.4,2026-09-08T05:30:00
W-1101,SRU,2.6,2026-09-08T06:00:00
W-1101,SRU,2.7,2026-09-08T06:30:00
W-1101,SRU,2.3,2026-09-08T07:00:00
W-1101,SRU,4.2,2026-09-08T07:30:00
W-1104,ARU,3.1,2026-09-08T08:00:00
W-1104,ARU,4.3,2026-09-08T08:30:00
W-1104,ARU,4.5,2026-09-08T09:00:00
W-1104,ARU,2.6,2026-09-08T09:30:00
W-1104,ARU,3.2,2026-09-08T10:00:00
W-1104,ARU,12.2,2026-09-08T10:30:00
W-1104,ARU,5.3,2026-09-08T11:00:00
W-1104,ARU,2.5,2026-09-08T11:30:00
W-1104,ARU,2.6,2026-09-08T12:00:00
W-1104,ARU,1.9,2026-09-08T12:30:00
W-1104,ARU,3.3,2026-09-08T13:00:00
W-1104,ARU,3.4,2026-09-08T13:30:00
W-1104,ARU,2.4,2026-09-08T14:00:00
W-1104,ARU,2.1,2026-09-08T14:30:00
W-1104,ARU,4.4,2026-09-08T15:00:00
W-1104,ARU,11.5,2026-09-08T15:30:00
W-1110,DCU,2.6,2026-09-08T00:00:00
W-1110,DCU,2.6,2026-09-08T00:30:00
W-1110,DCU,1.3,2026-09-08T01:00:00
W-1110,DCU,1.2,2026-09-08T01:30:00
W-1110,DCU,1.4,2026-09-08T02:00:00
W-1110,DCU,3.9,2026-09-08T02:30:00
W-1110,DCU,3.0,2026-09-08T03:00:00
W-1110,DCU,1.3,2026-09-08T03:30:00
W-1110,DCU,2.3,2026-09-08T04:00:00
W-1110,DCU,1.3,2026-09-08T04:30:00
W-1110,DCU,2.6,2026-09-08T05:00:00
W-1110,DCU,1.6,2026-09-08T05:30:00
W-1110,DCU,2.3,2026-09-08T06:00:00
W-1110,DCU,1.7,2026-09-08T06:30:00
W-1110,DCU,1.4,2026-09-08T07:00:00
W-1110,DCU,1.9,2026-09-08T07:30:00
W-1113,HCU,2.3,2026-09-08T08:00:00
W-1113,HCU,1.0,2026-09-08T08:30:00
W-1113,HCU,3.2,2026-09-08T09:00:00
W-1113,HCU,6.2,2026-09-08T09:30:00
W-1113,HCU,1.9,2026-09-08T10:00:00
W-1113,HCU,2.2,2026-09-08T10:30:00
W-1113,HCU,1.8,2026-09-08T11:00:00
W-1113,HCU,1.5,2026-09-08T11:30:00
W-1113,HCU,2.4,2026-09-08T12:00:00
W-1113,HCU,1.5,2026-09-08T12:30:00
W-1113,HCU,1.5,2026-09-08T13:00:00
W-1113,HCU,1.2,2026-09-08T13:30:00
W-1113,HCU,2.3,2026-09-08T14:00:00
W-1113,HCU,3.8,2026-09-08T14:30:00
W-1113,HCU,1.4,2026-09-08T15:00:00
W-1113,HCU,2.4,2026-09-08T15:30:00
W-1116,DHDT,2.0,2026-09-08T16:00:00
W-1116,DHDT,1.0,2026-09-08T16:30:00
W-1116,DHDT,2.0,2026-09-08T17:00:00
W-1116,DHDT,1.3,2026-09-08T17:30:00
W-1116,DHDT,1.6,2026-09-08T18:00:00
W-1116,DHDT,1.0,2026-09-08T18:30:00
W-1116,DHDT,1.3,2026-09-08T19:00:00
W-1116,DHDT,5.1,2026-09-08T19:30:00
W-1116,DHDT,1.2,2026-09-08T20:00:00
W-1116,DHDT,1.3,2026-09-08T20:30:00
W-1116,DHDT,1.3,2026-09-08T21:00:00
W-1116,DHDT,1.6,2026-09-08T21:30:00
W-1116,DHDT,1.9,2026-09-08T22:00:00
W-1116,DHDT,0.8,2026-09-08T22:30:00
W-1116,DHDT,2.0,2026-09-08T23:00:00
W-1116,DHDT,0.8,2026-09-08T23:30:00
W-1119,CDU-III,1.5,2026-09-08T00:00:00
W-1119,CDU-III,1.5,2026-09-08T00:30:00
W-1119,CDU-III,1.3,2026-09-08T01:00:00
W-1119,CDU-III,0.8,2026-09-08T01:30:00
W-1119,CDU-III,0.8,2026-09-08T02:00:00
W-1119,CDU-III,1.6,2026-09-08T02:30:00
W-1119,CDU-III,1.5,2026-09-08T03:00:00
W-1119,CDU-III,1.6,2026-09-08T03:30:00
W-1119,CDU-III,0.8,2026-09-08T04:00:00
W-1119,CDU-III,1.2,2026-09-08T04:30:00
W-1119,CDU-III,3.5,2026-09-08T05:00:00
W-1119,CDU-III,2.8,2026-09-08T05:30:00
W-1119,CDU-III,2.5,2026-09-08T06:00:00
W-1119,CDU-III,0.7,2026-09-08T06:30:00
W-1119,CDU-III,0.7,2026-09-08T07:00:00
W-1119,CDU-III,1.3,2026-09-08T07:30:00
W-1122,ETP,0.8,2026-09-08T08:00:00
W-1122,ETP,0.8,2026-09-08T08:30:00
W-1122,ETP,0.8,2026-09-08T09:00:00
W-1122,ETP,0.8,2026-09-08T09:30:00
W-1122,ETP,1.2,2026-09-08T10:00:00
W-1122,ETP,0.7,2026-09-08T10:30:00
W-1122,ETP,1.2,2026-09-08T11:00:00
W-1122,ETP,0.9,2026-09-08T11:30:00
W-1122,ETP,1.1,2026-09-08T12:00:00
W-1122,ETP,0.6,2026-09-08T12:30:00
W-1122,ETP,4.4,2026-09-08T13:00:00
W-1122,ETP,2.5,2026-09-08T13:30:00
W-1122,ETP,1.0,2026-09-08T14:00:00
W-1122,ETP,0.8,2026-09-08T14:30:00
W-1122,ETP,0.9,2026-09-08T15:00:00
W-1122,ETP,0.6,2026-09-08T15:30:00
W-1125,TF,0.5,2026-09-08T16:00:00
W-1125,TF,0.5,2026-09-08T16:30:00
W-1125,TF,0.4,2026-09-08T17:00:00
W-1125,TF,0.4,2026-09-08T17:30:00
W-1125,TF,0.4,2026-09-08T18:00:00
W-1125,TF,0.5,2026-09-08T18:30:00
W-1125,TF,0.3,2026-09-08T19:00:00
W-1125,TF,0.4,2026-09-08T19:30:00
W-1125,TF,0.5,2026-09-08T20:00:00
W-1125,TF,0.3,2026-09-08T20:30:00
W-1125,TF,0.5,2026-09-08T21:00:00
W-1125,TF,0.3,2026-09-08T21:30:00
W-1125,TF,0.3,2026-09-08T22:00:00
W-1125,TF,0.4,2026-09-08T22:30:00
W-1125,TF,0.4,2026-09-08T23:00:00
W-1125,TF,0.5,2026-09-08T23:30:00
W-1128,SRU,2.2,2026-09-08T00:00:00
W-1128,SRU,3.6,2026-09-08T00:30:00
W-1128,SRU,2.4,2026-09-08T01:00:00
W-1128,SRU,3.0,2026-09-08T01:30:00
W-1128,SRU,4.3,2026-09-08T02:00:00
W-1128,SRU,2.7,2026-09-08T02:30:00
W-1128,SRU,4.4,2026-09-08T03:00:00
W-1128,SRU,4.4,2026-09-08T03:30:00
W-1128,SRU,4.0,2026-09-08T04:00:00
W-1128,SRU,3.5,2026-09-08T04:30:00
W-1128,SRU,5.2,2026-09-08T05:00:00
W-1128,SRU,3.5,2026-09-08T05:30:00
W-1128,SRU,4.8,2026-09-08T06:00:00
W-1128,SRU,2.3,2026-09-08T06:30:00
W-1128,SRU,5.3,2026-09-08T07:00:00
W-1128,SRU,3.8,2026-09-08T07:30:00
W-1131,ARU,2.3,2026-09-08T08:00:00
W-1131,ARU,3.6,2026-09-08T08:30:00
W-1131,ARU,2.7,2026-09-08T09:00:00
W-1131,ARU,4.8,2026-09-08T09:30:00
W-1131,ARU,10.3,2026-09-08T10:00:00
W-1131,ARU,15.3,2026-09-08T10:30:00
W-1131,ARU,1.9,2026-09-08T11:00:00
W-1131,ARU,4.7,2026-09-08T11:30:00
W-1131,ARU,3.4,2026-09-08T12:00:00
W-1131,ARU,2.1,2026-09-08T12:30:00
W-1131,ARU,3.6,2026-09-08T13:00:00
W-1131,ARU,3.1,2026-09-08T13:30:00
W-1131,ARU,4.6,2026-09-08T14:00:00
W-1131,ARU,4.6,2026-09-08T14:30:00
W-1131,ARU,3.1,2026-09-08T15:00:00
W-1131,ARU,4.0,2026-09-08T15:30:00
W-1134,SWS,2.9,2026-09-08T16:00:00
W-1134,SWS,3.0,2026-09-08T16:30:00
W-1134,SWS,3.9,2026-09-08T17:00:00
W-1134,SWS,2.3,2026-09-08T17:30:00
W-1134,SWS,10.0,2026-09-08T18:00:00
W-1134,SWS,7.5,2026-09-08T18:30:00
W-1134,SWS,2.8,2026-09-08T19:00:00
W-1134,SWS,3.5,2026-09-08T19:30:00
W-1134,SWS,3.9,2026-09-08T20:00:00
W-1134,SWS,2.0,2026-09-08T20:30:00
W-1134,SWS,4.2,2026-09-08T21:00:00
W-1134,SWS,4.6,2026-09-08T21:30:00
W-1134,SWS,2.0,2026-09-08T22:00:00
W-1134,SWS,2.7,2026-09-08T22:30:00
W-1134,SWS,7.9,2026-09-08T23:00:00
W-1134,SWS,3.0,2026-09-08T23:30:00
W-1137,DCU,1.3,2026-09-08T00:00:00
W-1137,DCU,5.2,2026-09-08T00:30:00
W-1137,DCU,8.3,2026-09-08T01:00:00
W-1137,DCU,2.8,2026-09-08T01:30:00
W-1137,DCU,2.4,2026-09-08T02:00:00
W-1137,DCU,3.2,2026-09-08T02:30:00
W-1137,DCU,2.1,2026-09-08T03:00:00
W-1137,DCU,1.3,2026-09-08T03:30:00
W-1137,DCU,3.0,2026-09-08T04:00:00
W-1137,DCU,2.7,2026-09-08T04:30:00
W-1137,DCU,1.8,2026-09-08T05:00:00
W-1137,DCU,2.7,2026-09-08T05:30:00
W-1137,DCU,2.6,2026-09-08T06:00:00
W-1137,DCU,3.1,2026-09-08T06:30:00
W-1137,DCU,2.7,2026-09-08T07:00:00
W-1137,DCU,2.3,2026-09-08T07:30:00
W-1140,HCU,1.8,2026-09-08T08:00:00
W-1140,HCU,2.0,2026-09-08T08:30:00
W-1140,HCU,1.8,2026-09-08T09:00:00
W-1140,HCU,4.2,2026-09-08T09:30:00
W-1140,HCU,5.2,2026-09-08T10:00:00
W-1140,HCU,4.7,2026-09-08T10:30:00
W-1140,HCU,1.8,2026-09-08T11:00:00
W-1140,HCU,1.1,2026-09-08T11:30:00
W-1140,HCU,2.3,2026-09-08T12:00:00
W-1140,HCU,1.7,2026-09-08T12:30:00
W-1140,HCU,1.8,2026-09-08T13:00:00
W-1140,HCU,0.9,2026-09-08T13:30:00
W-1140,HCU,1.4,2026-09-08T14:00:00
W-1140,HCU,1.6,2026-09-08T14:30:00
W-1140,HCU,0.9,2026-09-08T15:00:00
W-1140,HCU,2.0,2026-09-08T15:30:00
W-1143,DHDT,1.9,2026-09-08T16:00:00
W-1143,DHDT,1.0,2026-09-08T16:30:00
W-1143,DHDT,1.7,2026-09-08T17:00:00
W-1143,DHDT,0.8,2026-09-08T17:30:00
W-1143,DHDT,1.5,2026-09-08T18:00:00
W-1143,DHDT,1.5,2026-09-08T18:30:00
W-1143,DHDT,1.9,2026-09-08T19:00:00
W-1143,DHDT,1.4,2026-09-08T19:30:00
W-1143,DHDT,1.1,2026-09-08T20:00:00
W-1143,DHDT,1.4,2026-09-08T20:30:00
W-1143,DHDT,1.0,2026-09-08T21:00:00
W-1143,DHDT,1.9,2026-09-08T21:30:00
W-1143,DHDT,1.8,2026-09-08T22:00:00
W-1143,DHDT,1.9,2026-09-08T22:30:00
W-1143,DHDT,1.2,2026-09-08T23:00:00
W-1143,DHDT,1.0,2026-09-08T23:30:00
W-1146,CDU-III,1.1,2026-09-08T00:00:00
W-1146,CDU-III,1.2,2026-09-08T00:30:00
W-1146,CDU-III,1.6,2026-09-08T01:00:00
W-1146,CDU-III,1.0,2026-09-08T01:30:00
W-1146,CDU-III,1.6,2026-09-08T02:00:00
W-1146,CDU-III,0.7,2026-09-08T02:30:00
W-1146,CDU-III,0.8,2026-09-08T03:00:00
W-1146,CDU-III,0.8,2026-09-08T03:30:00
W-1146,CDU-III,1.5,2026-09-08T04:00:00
W-1146,CDU-III,0.7,2026-09-08T04:30:00
W-1146,CDU-III,0.7,2026-09-08T05:00:00
W-1146,CDU-III,1.1,2026-09-08T05:30:00
W-1146,CDU-III,0.8,2026-09-08T06:00:00
W-1146,CDU-III,1.2,2026-09-08T06:30:00
W-1146,CDU-III,1.4,2026-09-08T07:00:00
W-1146,CDU-III,1.4,2026-09-08T07:30:00
W-1152,TF,0.5,2026-09-08T16:00:00
W-1152,TF,0.3,2026-09-08T16:30:00
W-1152,TF,0.6,2026-09-08T17:00:00
W-1152,TF,0.4,2026-09-08T17:30:00
W-1152,TF,0.5,2026-09-08T18:00:00
W-1152,TF,0.5,2026-09-08T18:30:00
W-1152,TF,0.5,2026-09-08T19:00:00
W-1152,TF,0.4,2026-09-08T19:30:00
W-1152,TF,0.5,2026-09-08T20:00:00
W-1152,TF,0.6,2026-09-08T20:30:00
W-1152,TF,0.5,2026-09-08T21:00:00
W-1152,TF,0.5,2026-09-08T21:30:00
W-1152,TF,0.3,2026-09-08T22:00:00
W-1152,TF,0.7,2026-09-08T22:30:00
W-1152,TF,0.4,2026-09-08T23:00:00
W-1152,TF,0.3,2026-09-08T23:30:00
W-1155,SRU,3.0,2026-09-08T00:00:00
W-1155,SRU,5.0,2026-09-08T00:30:00
W-1155,SRU,3.8,2026-09-08T01:00:00
W-1155,SRU,4.7,2026-09-08T01:30:00
W-1155,SRU,5.2,2026-09-08T02:00:00
W-1155,SRU,4.0,2026-09-08T02:30:00
W-1155,SRU,3.6,2026-09-08T03:00:00
W-1155,SRU,4.0,2026-09-08T03:30:00
W-1155,SRU,3.8,2026-09-08T04:00:00
W-1155,SRU,5.4,2026-09-08T04:30:00
W-1155,SRU,4.8,2026-09-08T05:00:00
W-1155,SRU,5.7,2026-09-08T05:30:00
W-1155,SRU,3.5,2026-09-08T06:00:00
W-1155,SRU,3.6,2026-09-08T06:30:00
W-1155,SRU,3.1,2026-09-08T07:00:00
W-1155,SRU,2.6,2026-09-08T07:30:00
W-1158,ARU,12.1,2026-09-08T08:00:00
W-1158,ARU,11.7,2026-09-08T08:30:00
W-1158,ARU,11.0,2026-09-08T09:00:00
W-1158,ARU,2.2,2026-09-08T09:30:00
W-1158,ARU,4.4,2026-09-08T10:00:00
W-1158,ARU,9.3,2026-09-08T10:30:00
W-1158,ARU,5.8,2026-09-08T11:00:00
W-1158,ARU,9.1,2026-09-08T11:30:00
W-1158,ARU,3.4,2026-09-08T12:00:00
W-1158,ARU,3.7,2026-09-08T12:30:00
W-1158,ARU,4.3,2026-09-08T13:00:00
W-1158,ARU,3.2,2026-09-08T13:30:00
W-1158,ARU,4.5,2026-09-08T14:00:00
W-1158,ARU,10.5,2026-09-08T14:30:00
W-1158,ARU,13.4,2026-09-08T15:00:00
W-1158,ARU,7.9,2026-09-08T15:30:00
W-1164,DCU,1.5,2026-09-08T00:00:00
W-1164,DCU,2.1,2026-09-08T00:30:00
W-1164,DCU,1.6,2026-09-08T01:00:00
W-1164,DCU,3.1,2026-09-08T01:30:00
W-1164,DCU,3.1,2026-09-08T02:00:00
W-1164,DCU,1.2,2026-09-08T02:30:00
W-1164,DCU,2.0,2026-09-08T03:00:00
W-1164,DCU,1.6,2026-09-08T03:30:00
W-1164,DCU,2.1,2026-09-08T04:00:00
W-1164,DCU,2.9,2026-09-08T04:30:00
W-1164,DCU,3.2,2026-09-08T05:00:00
W-1164,DCU,1.8,2026-09-08T05:30:00
W-1164,DCU,1.7,2026-09-08T06:00:00
W-1164,DCU,2.4,2026-09-08T06:30:00
W-1164,DCU,3.0,2026-09-08T07:00:00
W-1164,DCU,1.2,2026-09-08T07:30:00
W-1167,HCU,1.1,2026-09-08T08:00:00
W-1167,HCU,0.9,2026-09-08T08:30:00
W-1167,HCU,1.4,2026-09-08T09:00:00
W-1167,HCU,1.3,2026-09-08T09:30:00
W-1167,HCU,2.2,2026-09-08T10:00:00
W-1167,HCU,1.4,2026-09-08T10:30:00
W-1167,HCU,1.4,2026-09-08T11:00:00
W-1167,HCU,1.2,2026-09-08T11:30:00
W-1167,HCU,1.4,2026-09-08T12:00:00
W-1167,HCU,2.2,2026-09-08T12:30:00
W-1167,HCU,2.0,2026-09-08T13:00:00
W-1167,HCU,2.3,2026-09-08T13:30:00
W-1167,HCU,2.1,2026-09-08T14:00:00
W-1167,HCU,1.0,2026-09-08T14:30:00
W-1167,HCU,1.7,2026-09-08T15:00:00
W-1167,HCU,1.1,2026-09-08T15:30:00
W-1170,DHDT,1.3,2026-09-08T16:00:00
W-1170,DHDT,1.5,2026-09-08T16:30:00
W-1170,DHDT,1.7,2026-09-08T17:00:00
W-1170,DHDT,1.2,2026-09-08T17:30:00
W-1170,DHDT,2.6,2026-09-08T18:00:00
W-1170,DHDT,1.8,2026-09-08T18:30:00
W-1170,DHDT,1.8,2026-09-08T19:00:00
W-1170,DHDT,1.8,2026-09-08T19:30:00
W-1170,DHDT,1.5,2026-09-08T20:00:00
W-1170,DHDT,1.4,2026-09-08T20:30:00
W-1170,DHDT,1.1,2026-09-08T21:00:00
W-1170,DHDT,3.5,2026-09-08T21:30:00
W-1170,DHDT,3.0,2026-09-08T22:00:00
W-1170,DHDT,1.1,2026-09-08T22:30:00
W-1170,DHDT,2.0,2026-09-08T23:00:00
W-1170,DHDT,1.5,2026-09-08T23:30:00
W-1173,CDU-III,0.7,2026-09-08T00:00:00
W-1173,CDU-III,1.4,2026-09-08T00:30:00
W-1173,CDU-III,1.0,2026-09-08T01:00:00
W-1173,CDU-III,0.8,2026-09-08T01:30:00
W-1173,CDU-III,0.6,2026-09-08T02:00:00
W-1173,CDU-III,1.5,2026-09-08T02:30:00
W-1173,CDU-III,1.6,2026-09-08T03:00:00
W-1173,CDU-III,0.6,2026-09-08T03:30:00
W-1173,CDU-III,1.2,2026-09-08T04:00:00
W-1173,CDU-III,1.6,2026-09-08T04:30:00
W-1173,CDU-III,1.4,2026-09-08T05:00:00
W-1173,CDU-III,0.8,2026-09-08T05:30:00
W-1173,CDU-III,1.1,2026-09-08T06:00:00
W-1173,CDU-III,1.0,2026-09-08T06:30:00
W-1173,CDU-III,1.6,2026-09-08T07:00:00
W-1173,CDU-III,1.3,2026-09-08T07:30:00
W-1179,TF,0.5,2026-09-08T16:00:00
W-1179,TF,0.3,2026-09-08T16:30:00
W-1179,TF,0.3,2026-09-08T17:00:00
W-1179,TF,0.5,2026-09-08T17:30:00
W-1179,TF,0.7,2026-09-08T18:00:00
W-1179,TF,0.6,2026-09-08T18:30:00
W-1179,TF,0.4,2026-09-08T19:00:00
W-1179,TF,0.5,2026-09-08T19:30:00
W-1179,TF,0.5,2026-09-08T20:00:00
W-1179,TF,1.4,2026-09-08T20:30:00
W-1179,TF,0.7,2026-09-08T21:00:00
W-1179,TF,0.3,2026-09-08T21:30:00
W-1179,TF,0.5,2026-09-08T22:00:00
W-1179,TF,0.6,2026-09-08T22:30:00
W-1179,TF,0.5,2026-09-08T23:00:00
W-1179,TF,0.7,2026-09-08T23:30:00
W-1182,SRU,3.7,2026-09-08T00:00:00
W-1182,SRU,4.2,2026-09-08T00:30:00
W-1182,SRU,4.3,2026-09-08T01:00:00
W-1182,SRU,14.4,2026-09-08T01:30:00
W-1182,SRU,10.7,2026-09-08T02:00:00
W-1182,SRU,9.9,2026-09-08T02:30:00
W-1182,SRU,3.4,2026-09-08T03:00:00
W-1182,SRU,3.4,2026-09-08T03:30:00
W-1182,SRU,4.6,2026-09-08T04:00:00
W-1182,SRU,4.9,2026-09-08T04:30:00
W-1182,SRU,2.3,2026-09-08T05:00:00
W-1182,SRU,3.3,2026-09-08T05:30:00
W-1182,SRU,2.3,2026-09-08T06:00:00
W-1182,SRU,17.7,2026-09-08T06:30:00
W-1182,SRU,2.3,2026-09-08T07:00:00
W-1182,SRU,3.8,2026-09-08T07:30:00
W-1185,ARU,3.1,2026-09-08T08:00:00
W-1185,ARU,4.2,2026-09-08T08:30:00
W-1185,ARU,2.5,2026-09-08T09:00:00
W-1185,ARU,12.2,2026-09-08T09:30:00
W-1185,ARU,8.2,2026-09-08T10:00:00
W-1185,ARU,1.9,2026-09-08T10:30:00
W-1185,ARU,2.0,2026-09-08T11:00:00
W-1185,ARU,4.6,2026-09-08T11:30:00
W-1185,ARU,2.0,2026-09-08T12:00:00
W-1185,ARU,2.7,2026-09-08T12:30:00
W-1185,ARU,3.0,2026-09-08T13:00:00
W-1185,ARU,2.7,2026-09-08T13:30:00
W-1185,ARU,3.7,2026-09-08T14:00:00
W-1185,ARU,4.6,2026-09-08T14:30:00
W-1185,ARU,3.7,2026-09-08T15:00:00
W-1185,ARU,3.9,2026-09-08T15:30:00
W-1188,SWS,4.2,2026-09-08T16:00:00
W-1188,SWS,4.0,2026-09-08T16:30:00
W-1188,SWS,3.6,2026-09-08T17:00:00
W-1188,SWS,3.7,2026-09-08T17:30:00
W-1188,SWS,10.8,2026-09-08T18:00:00
W-1188,SWS,9.8,2026-09-08T18:30:00
W-1188,SWS,14.0,2026-09-08T19:00:00
W-1188,SWS,2.5,2026-09-08T19:30:00
W-1188,SWS,2.7,2026-09-08T20:00:00
W-1188,SWS,3.5,2026-09-08T20:30:00
W-1188,SWS,4.8,2026-09-08T21:00:00
W-1188,SWS,4.3,2026-09-08T21:30:00
W-1188,SWS,2.0,2026-09-08T22:00:00
W-1188,SWS,4.3,2026-09-08T22:30:00
W-1188,SWS,4.1,2026-09-08T23:00:00
W-1188,SWS,2.5,2026-09-08T23:30:00
W-1194,HCU,1.6,2026-09-08T08:00:00
W-1194,HCU,2.0,2026-09-08T08:30:00
W-1194,HCU,1.1,2026-09-08T09:00:00
W-1194,HCU,1.0,2026-09-08T09:30:00
W-1194,HCU,2.3,2026-09-08T10:00:00
W-1194,HCU,2.0,2026-09-08T10:30:00
W-1194,HCU,1.7,2026-09-08T11:00:00
W-1194,HCU,2.3,2026-09-08T11:30:00
W-1194,HCU,2.1,2026-09-08T12:00:00
W-1194,HCU,1.7,2026-09-08T12:30:00
W-1194,HCU,1.8,2026-09-08T13:00:00
W-1194,HCU,1.0,2026-09-08T13:30:00
W-1194,HCU,1.3,2026-09-08T14:00:00
W-1194,HCU,1.1,2026-09-08T14:30:00
W-1194,HCU,1.1,2026-09-08T15:00:00
W-1194,HCU,1.6,2026-09-08T15:30:00
W-1197,DHDT,0.9,2026-09-08T16:00:00
W-1197,DHDT,1.4,2026-09-08T16:30:00
W-1197,DHDT,1.2,2026-09-08T17:00:00
W-1197,DHDT,2.0,2026-09-08T17:30:00
W-1197,DHDT,1.7,2026-09-08T18:00:00
W-1197,DHDT,1.2,2026-09-08T18:30:00
W-1197,DHDT,1.3,2026-09-08T19:00:00
W-1197,DHDT,1.6,2026-09-08T19:30:00
W-1197,DHDT,1.4,2026-09-08T20:00:00
W-1197,DHDT,1.6,2026-09-08T20:30:00
W-1197,DHDT,1.3,2026-09-08T21:00:00
W-1197,DHDT,1.3,2026-09-08T21:30:00
W-1197,DHDT,1.9,2026-09-08T22:00:00
W-1197,DHDT,1.3,2026-09-08T22:30:00
W-1197,DHDT,1.7,2026-09-08T23:00:00
W-1197,DHDT,1.2,2026-09-08T23:30:00
W-1200,CDU-III,0.9,2026-09-08T00:00:00
W-1200,CDU-III,0.8,2026-09-08T00:30:00
W-1200,CDU-III,0.7,2026-09-08T01:00:00
W-1200,CDU-III,1.3,2026-09-08T01:30:00
W-1200,CDU-III,1.5,2026-09-08T02:00:00
W-1200,CDU-III,0.8,2026-09-08T02:30:00
W-1200,CDU-III,0.9,2026-09-08T03:00:00
W-1200,CDU-III,0.7,2026-09-08T03:30:00
W-1200,CDU-III,0.7,2026-09-08T04:00:00
W-1200,CDU-III,0.7,2026-09-08T04:30:00
W-1200,CDU-III,0.7,2026-09-08T05:00:00
W-1200,CDU-III,1.2,2026-09-08T05:30:00
W-1200,CDU-III,0.6,2026-09-08T06:00:00
W-1200,CDU-III,1.5,2026-09-08T06:30:00
W-1200,CDU-III,1.5,2026-09-08T07:00:00
W-1200,CDU-III,1.3,2026-09-08T07:30:00
W-1206,TF,0.3,2026-09-08T16:00:00
W-1206,TF,0.6,2026-09-08T16:30:00
W-1206,TF,1.3,2026-09-08T17:00:00
W-1206,TF,0.4,2026-09-08T17:30:00
W-1206,TF,0.6,2026-09-08T18:00:00
W-1206,TF,0.6,2026-09-08T18:30:00
W-1206,TF,0.3,2026-09-08T19:00:00
W-1206,TF,0.3,2026-09-08T19:30:00
W-1206,TF,0.6,2026-09-08T20:00:00
W-1206,TF,0.3,2026-09-08T20:30:00
W-1206,TF,0.6,2026-09-08T21:00:00
W-1206,TF,0.5,2026-09-08T21:30:00
W-1206,TF,0.6,2026-09-08T22:00:00
W-1206,TF,0.4,2026-09-08T22:30:00
W-1206,TF,0.6,2026-09-08T23:00:00
W-1206,TF,0.4,2026-09-08T23:30:00
W-1209,SRU,4.7,2026-09-08T00:00:00
W-1209,SRU,13.2,2026-09-08T00:30:00
W-1209,SRU,2.5,2026-09-08T01:00:00
W-1209,SRU,4.5,2026-09-08T01:30:00
W-1209,SRU,10.0,2026-09-08T02:00:00
W-1209,SRU,16.3,2026-09-08T02:30:00
W-1209,SRU,9.4,2026-09-08T03:00:00
W-1209,SRU,2.1,2026-09-08T03:30:00
W-1209,SRU,3.7,2026-09-08T04:00:00
W-1209,SRU,2.3,2026-09-08T04:30:00
W-1209,SRU,5.5,2026-09-08T05:00:00
W-1209,SRU,5.0,2026-09-08T05:30:00
W-1209,SRU,2.1,2026-09-08T06:00:00
W-1209,SRU,2.9,2026-09-08T06:30:00
W-1209,SRU,4.7,2026-09-08T07:00:00
W-1209,SRU,3.8,2026-09-08T07:30:00
W-1212,ARU,2.6,2026-09-08T08:00:00
W-1212,ARU,3.8,2026-09-08T08:30:00
W-1212,ARU,2.9,2026-09-08T09:00:00
W-1212,ARU,3.7,2026-09-08T09:30:00
W-1212,ARU,3.0,2026-09-08T10:00:00
W-1212,ARU,3.9,2026-09-08T10:30:00
W-1212,ARU,4.4,2026-09-08T11:00:00
W-1212,ARU,3.2,2026-09-08T11:30:00
W-1212,ARU,2.2,2026-09-08T12:00:00
W-1212,ARU,4.8,2026-09-08T12:30:00
W-1212,ARU,2.2,2026-09-08T13:00:00
W-1212,ARU,2.9,2026-09-08T13:30:00
W-1212,ARU,2.3,2026-09-08T14:00:00
W-1212,ARU,4.6,2026-09-08T14:30:00
W-1212,ARU,2.6,2026-09-08T15:00:00
W-1212,ARU,4.4,2026-09-08T15:30:00
W-1215,SWS,2.2,2026-09-08T16:00:00
W-1215,SWS,3.6,2026-09-08T16:30:00
W-1215,SWS,4.5,2026-09-08T17:00:00
W-1215,SWS,3.0,2026-09-08T17:30:00
W-1215,SWS,4.3,2026-09-08T18:00:00
W-1215,SWS,3.0,2026-09-08T18:30:00
W-1215,SWS,3.9,2026-09-08T19:00:00
W-1215,SWS,10.6,2026-09-08T19:30:00
W-1215,SWS,2.5,2026-09-08T20:00:00
W-1215,SWS,2.3,2026-09-08T20:30:00
W-1215,SWS,4.9,2026-09-08T21:00:00
W-1215,SWS,2.4,2026-09-08T21:30:00
W-1215,SWS,3.1,2026-09-08T22:00:00
W-1215,SWS,3.4,2026-09-08T22:30:00
W-1215,SWS,2.9,2026-09-08T23:00:00
W-1215,SWS,4.4,2026-09-08T23:30:00
W-1218,DCU,3.1,2026-09-08T00:00:00
W-1218,DCU,1.8,2026-09-08T00:30:00
W-1218,DCU,2.1,2026-09-08T01:00:00
W-1218,DCU,2.8,2026-09-08T01:30:00
W-1218,DCU,1.8,2026-09-08T02:00:00
W-1218,DCU,2.3,2026-09-08T02:30:00
W-1218,DCU,2.7,2026-09-08T03:00:00
W-1218,DCU,1.4,2026-09-08T03:30:00
W-1218,DCU,2.2,2026-09-08T04:00:00
W-1218,DCU,8.8,2026-09-08T04:30:00
W-1218,DCU,6.5,2026-09-08T05:00:00
W-1218,DCU,1.6,2026-09-08T05:30:00
W-1218,DCU,1.8,2026-09-08T06:00:00
W-1218,DCU,1.3,2026-09-08T06:30:00
W-1218,DCU,3.1,2026-09-08T07:00:00
W-1218,DCU,2.3,2026-09-08T07:30:00
W-1221,HCU,1.3,2026-09-08T08:00:00
W-1221,HCU,2.0,2026-09-08T08:30:00
W-1221,HCU,1.6,2026-09-08T09:00:00
W-1221,HCU,1.0,2026-09-08T09:30:00
W-1221,HCU,1.4,2026-09-08T10:00:00
W-1221,HCU,1.5,2026-09-08T10:30:00
W-1221,HCU,1.5,2026-09-08T11:00:00
W-1221,HCU,2.3,2026-09-08T11:30:00
W-1221,HCU,2.3,2026-09-08T12:00:00
W-1221,HCU,1.8,2026-09-08T12:30:00
W-1221,HCU,1.5,2026-09-08T13:00:00
W-1221,HCU,1.4,2026-09-08T13:30:00
W-1221,HCU,1.0,2026-09-08T14:00:00
W-1221,HCU,1.0,2026-09-08T14:30:00
W-1221,HCU,0.9,2026-09-08T15:00:00
W-1221,HCU,4.8,2026-09-08T15:30:00
W-1224,DHDT,2.0,2026-09-08T16:00:00
W-1224,DHDT,2.0,2026-09-08T16:30:00
W-1224,DHDT,0.7,2026-09-08T17:00:00
W-1224,DHDT,1.6,2026-09-08T17:30:00
W-1224,DHDT,5.4,2026-09-08T18:00:00
W-1224,DHDT,2.0,2026-09-08T18:30:00
W-1224,DHDT,1.8,2026-09-08T19:00:00
W-1224,DHDT,1.4,2026-09-08T19:30:00
W-1224,DHDT,1.5,2026-09-08T20:00:00
W-1224,DHDT,0.9,2026-09-08T20:30:00
W-1224,DHDT,1.3,2026-09-08T21:00:00
W-1224,DHDT,0.9,2026-09-08T21:30:00
W-1224,DHDT,2.0,2026-09-08T22:00:00
W-1224,DHDT,1.9,2026-09-08T22:30:00
W-1224,DHDT,1.1,2026-09-08T23:00:00
W-1224,DHDT,1.0,2026-09-08T23:30:00
W-1227,CDU-III,0.8,2026-09-08T00:00:00
W-1227,CDU-III,0.9,2026-09-08T00:30:00
W-1227,CDU-III,0.7,2026-09-08T01:00:00
W-1227,CDU-III,1.5,2026-09-08T01:30:00
W-1227,CDU-III,1.0,2026-09-08T02:00:00
W-1227,CDU-III,2.6,2026-09-08T02:30:00
W-1227,CDU-III,3.5,2026-09-08T03:00:00
W-1227,CDU-III,1.4,2026-09-08T03:30:00
W-1227,CDU-III,1.3,2026-09-08T04:00:00
W-1227,CDU-III,1.4,2026-09-08T04:30:00
W-1227,CDU-III,1.1,2026-09-08T05:00:00
W-1227,CDU-III,0.7,2026-09-08T05:30:00
W-1227,CDU-III,1.5,2026-09-08T06:00:00
W-1227,CDU-III,1.4,2026-09-08T06:30:00
W-1227,CDU-III,1.2,2026-09-08T07:00:00
W-1227,CDU-III,1.2,2026-09-08T07:30:00
W-1230,ETP,0.6,2026-09-08T08:00:00
W-1230,ETP,0.7,2026-09-08T08:30:00
W-1230,ETP,0.9,2026-09-08T09:00:00
W-1230,ETP,0.5,2026-09-08T09:30:00
W-1230,ETP,1.1,2026-09-08T10:00:00
W-1230,ETP,0.5,2026-09-08T10:30:00
W-1230,ETP,1.1,2026-09-08T11:00:00
W-1230,ETP,0.5,2026-09-08T11:30:00
W-1230,ETP,0.7,2026-09-08T12:00:00
W-1230,ETP,0.5,2026-09-08T12:30:00
W-1230,ETP,1.1,2026-09-08T13:00:00
W-1230,ETP,0.5,2026-09-08T13:30:00
W-1230,ETP,1.1,2026-09-08T14:00:00
W-1230,ETP,0.8,2026-09-08T14:30:00
W-1230,ETP,1.2,2026-09-08T15:00:00
W-1230,ETP,0.8,2026-09-08T15:30:00
W-1233,TF,0.4,2026-09-08T16:00:00
W-1233,TF,0.7,2026-09-08T16:30:00
W-1233,TF,0.6,2026-09-08T17:00:00
W-1233,TF,0.6,2026-09-08T17:30:00
W-1233,TF,0.4,2026-09-08T18:00:00
W-1233,TF,0.5,2026-09-08T18:30:00
W-1233,TF,0.3,2026-09-08T19:00:00
W-1233,TF,0.6,2026-09-08T19:30:00
W-1233,TF,0.4,2026-09-08T20:00:00
W-1233,TF,0.3,2026-09-08T20:30:00
W-1233,TF,0.2,2026-09-08T21:00:00
W-1233,TF,0.3,2026-09-08T21:30:00
W-1233,TF,0.6,2026-09-08T22:00:00
W-1233,TF,0.4,2026-09-08T22:30:00
W-1233,TF,0.6,2026-09-08T23:00:00
W-1233,TF,0.3,2026-09-08T23:30:00
W-1101,SRU,7.7,2026-09-09T00:00:00
W-1101,SRU,6.0,2026-09-09T00:30:00
W-1101,SRU,3.4,2026-09-09T01:00:00
W-1101,SRU,5.2,2026-09-09T01:30:00
W-1101,SRU,15.3,2026-09-09T02:00:00
W-1101,SRU,13.2,2026-09-09T02:30:00
W-1101,SRU,7.3,2026-09-09T03:00:00
W-1101,SRU,19.8,2026-09-09T03:30:00
W-1101,SRU,10.4,2026-09-09T04:00:00
W-1101,SRU,12.1,2026-09-09T04:30:00
W-1101,SRU,4.2,2026-09-09T05:00:00
W-1101,SRU,7.4,2026-09-09T05:30:00
W-1101,SRU,6.7,2026-09-09T06:00:00
W-1101,SRU,3.5,2026-09-09T06:30:00
W-1101,SRU,3.4,2026-09-09T07:00:00
W-1101,SRU,3.9,2026-09-09T07:30:00
W-1107,SWS,9.4,2026-09-09T16:00:00
W-1107,SWS,19.4,2026-09-09T16:30:00
W-1107,SWS,7.0,2026-09-09T17:00:00
W-1107,SWS,4.4,2026-09-09T17:30:00
W-1107,SWS,6.2,2026-09-09T18:00:00
W-1107,SWS,5.3,2026-09-09T18:30:00
W-1107,SWS,21.2,2026-09-09T19:00:00
W-1107,SWS,15.1,2026-09-09T19:30:00
W-1107,SWS,9.7,2026-09-09T20:00:00
W-1107,SWS,3.5,2026-09-09T20:30:00
W-1107,SWS,3.1,2026-09-09T21:00:00
W-1107,SWS,7.0,2026-09-09T21:30:00
W-1107,SWS,6.5,2026-09-09T22:00:00
W-1107,SWS,3.1,2026-09-09T22:30:00
W-1107,SWS,4.6,2026-09-09T23:00:00
W-1107,SWS,3.4,2026-09-09T23:30:00
W-1113,HCU,1.9,2026-09-09T08:00:00
W-1113,HCU,2.5,2026-09-09T08:30:00
W-1113,HCU,1.8,2026-09-09T09:00:00
W-1113,HCU,1.6,2026-09-09T09:30:00
W-1113,HCU,3.2,2026-09-09T10:00:00
W-1113,HCU,2.5,2026-09-09T10:30:00
W-1113,HCU,3.3,2026-09-09T11:00:00
W-1113,HCU,2.0,2026-09-09T11:30:00
W-1113,HCU,3.0,2026-09-09T12:00:00
W-1113,HCU,2.5,2026-09-09T12:30:00
W-1113,HCU,2.8,2026-09-09T13:00:00
W-1113,HCU,2.7,2026-09-09T13:30:00
W-1113,HCU,2.2,2026-09-09T14:00:00
W-1113,HCU,2.8,2026-09-09T14:30:00
W-1113,HCU,3.2,2026-09-09T15:00:00
W-1113,HCU,2.4,2026-09-09T15:30:00
W-1116,DHDT,2.4,2026-09-09T16:00:00
W-1116,DHDT,1.5,2026-09-09T16:30:00
W-1116,DHDT,2.3,2026-09-09T17:00:00
W-1116,DHDT,1.3,2026-09-09T17:30:00
W-1116,DHDT,1.2,2026-09-09T18:00:00
W-1116,DHDT,3.1,2026-09-09T18:30:00
W-1116,DHDT,5.8,2026-09-09T19:00:00
W-1116,DHDT,2.7,2026-09-09T19:30:00
W-1116,DHDT,2.7,2026-09-09T20:00:00
W-1116,DHDT,1.7,2026-09-09T20:30:00
W-1116,DHDT,2.4,2026-09-09T21:00:00
W-1116,DHDT,2.7,2026-09-09T21:30:00
W-1116,DHDT,2.3,2026-09-09T22:00:00
W-1116,DHDT,1.0,2026-09-09T22:30:00
W-1116,DHDT,2.6,2026-09-09T23:00:00
W-1116,DHDT,1.8,2026-09-09T23:30:00
W-1119,CDU-III,1.7,2026-09-09T00:00:00
W-1119,CDU-III,1.3,2026-09-09T00:30:00
W-1119,CDU-III,1.7,2026-09-09T01:00:00
W-1119,CDU-III,2.2,2026-09-09T01:30:00
W-1119,CDU-III,4.1,2026-09-09T02:00:00
W-1119,CDU-III,4.6,2026-09-09T02:30:00
W-1119,CDU-III,1.2,2026-09-09T03:00:00
W-1119,CDU-III,1.6,2026-09-09T03:30:00
W-1119,CDU-III,1.6,2026-09-09T04:00:00
W-1119,CDU-III,1.9,2026-09-09T04:30:00
W-1119,CDU-III,2.0,2026-09-09T05:00:00
W-1119,CDU-III,1.5,2026-09-09T05:30:00
W-1119,CDU-III,2.1,2026-09-09T06:00:00
W-1119,CDU-III,1.1,2026-09-09T06:30:00
W-1119,CDU-III,1.2,2026-09-09T07:00:00
W-1119,CDU-III,1.3,2026-09-09T07:30:00
W-1125,TF,0.6,2026-09-09T16:00:00
W-1125,TF,0.7,2026-09-09T16:30:00
W-1125,TF,0.5,2026-09-09T17:00:00
W-1125,TF,0.7,2026-09-09T17:30:00
W-1125,TF,0.4,2026-09-09T18:00:00
W-1125,TF,0.7,2026-09-09T18:30:00
W-1125,TF,0.6,2026-09-09T19:00:00
W-1125,TF,0.7,2026-09-09T19:30:00
W-1125,TF,0.4,2026-09-09T20:00:00
W-1125,TF,0.8,2026-09-09T20:30:00
W-1125,TF,0.7,2026-09-09T21:00:00
W-1125,TF,0.5,2026-09-09T21:30:00
W-1125,TF,0.7,2026-09-09T22:00:00
W-1125,TF,0.9,2026-09-09T22:30:00
W-1125,TF,0.6,2026-09-09T23:00:00
W-1125,TF,0.9,2026-09-09T23:30:00
W-1128,SRU,4.9,2026-09-09T00:00:00
W-1128,SRU,7.5,2026-09-09T00:30:00
W-1128,SRU,3.6,2026-09-09T01:00:00
W-1128,SRU,6.5,2026-09-09T01:30:00
W-1128,SRU,4.5,2026-09-09T02:00:00
W-1128,SRU,15.1,2026-09-09T02:30:00
W-1128,SRU,13.1,2026-09-09T03:00:00
W-1128,SRU,18.9,2026-09-09T03:30:00
W-1128,SRU,4.5,2026-09-09T04:00:00
W-1128,SRU,6.2,2026-09-09T04:30:00
W-1128,SRU,6.0,2026-09-09T05:00:00
W-1128,SRU,18.4,2026-09-09T05:30:00
W-1128,SRU,4.5,2026-09-09T06:00:00
W-1128,SRU,4.1,2026-09-09T06:30:00
W-1128,SRU,2.9,2026-09-09T07:00:00
W-1128,SRU,3.8,2026-09-09T07:30:00
W-1131,ARU,2.5,2026-09-09T08:00:00
W-1131,ARU,13.9,2026-09-09T08:30:00
W-1131,ARU,13.4,2026-09-09T09:00:00
W-1131,ARU,5.6,2026-09-09T09:30:00
W-1131,ARU,5.5,2026-09-09T10:00:00
W-1131,ARU,3.7,2026-09-09T10:30:00
W-1131,ARU,4.5,2026-09-09T11:00:00
W-1131,ARU,2.6,2026-09-09T11:30:00
W-1131,ARU,5.9,2026-09-09T12:00:00
W-1131,ARU,2.8,2026-09-09T12:30:00
W-1131,ARU,3.0,2026-09-09T13:00:00
W-1131,ARU,4.2,2026-09-09T13:30:00
W-1131,ARU,2.5,2026-09-09T14:00:00
W-1131,ARU,5.2,2026-09-09T14:30:00
W-1131,ARU,18.6,2026-09-09T15:00:00
W-1131,ARU,12.0,2026-09-09T15:30:00
W-1134,SWS,3.7,2026-09-09T16:00:00
W-1134,SWS,4.0,2026-09-09T16:30:00
W-1134,SWS,5.3,2026-09-09T17:00:00
W-1134,SWS,5.6,2026-09-09T17:30:00
W-1134,SWS,19.1,2026-09-09T18:00:00
W-1134,SWS,20.6,2026-09-09T18:30:00
W-1134,SWS,6.9,2026-09-09T19:00:00
W-1134,SWS,7.1,2026-09-09T19:30:00
W-1134,SWS,4.2,2026-09-09T20:00:00
W-1134,SWS,3.0,2026-09-09T20:30:00
W-1134,SWS,5.8,2026-09-09T21:00:00
W-1134,SWS,5.6,2026-09-09T21:30:00
W-1134,SWS,6.3,2026-09-09T22:00:00
W-1134,SWS,5.1,2026-09-09T22:30:00
W-1134,SWS,5.3,2026-09-09T23:00:00
W-1134,SWS,4.4,2026-09-09T23:30:00
W-1137,DCU,1.7,2026-09-09T00:00:00
W-1137,DCU,3.2,2026-09-09T00:30:00
W-1137,DCU,2.4,2026-09-09T01:00:00
W-1137,DCU,8.3,2026-09-09T01:30:00
W-1137,DCU,9.1,2026-09-09T02:00:00
W-1137,DCU,3.9,2026-09-09T02:30:00
W-1137,DCU,2.4,2026-09-09T03:00:00
W-1137,DCU,3.7,2026-09-09T03:30:00
W-1137,DCU,3.4,2026-09-09T04:00:00
W-1137,DCU,3.0,2026-09-09T04:30:00
W-1137,DCU,3.9,2026-09-09T05:00:00
W-1137,DCU,3.6,2026-09-09T05:30:00
W-1137,DCU,6.4,2026-09-09T06:00:00
W-1137,DCU,3.7,2026-09-09T06:30:00
W-1137,DCU,3.5,2026-09-09T07:00:00
W-1137,DCU,4.3,2026-09-09T07:30:00
W-1140,HCU,2.2,2026-09-09T08:00:00
W-1140,HCU,2.8,2026-09-09T08:30:00
W-1140,HCU,3.1,2026-09-09T09:00:00
W-1140,HCU,1.4,2026-09-09T09:30:00
W-1140,HCU,1.8,2026-09-09T10:00:00
W-1140,HCU,1.6,2026-09-09T10:30:00
W-1140,HCU,1.4,2026-09-09T11:00:00
W-1140,HCU,2.7,2026-09-09T11:30:00
W-1140,HCU,1.4,2026-09-09T12:00:00
W-1140,HCU,2.0,2026-09-09T12:30:00
W-1140,HCU,2.0,2026-09-09T13:00:00
W-1140,HCU,2.1,2026-09-09T13:30:00
W-1140,HCU,3.2,2026-09-09T14:00:00
W-1140,HCU,3.1,2026-09-09T14:30:00
W-1140,HCU,2.8,2026-09-09T15:00:00
W-1140,HCU,1.5,2026-09-09T15:30:00
W-1143,DHDT,1.3,2026-09-09T16:00:00
W-1143,DHDT,1.8,2026-09-09T16:30:00
W-1143,DHDT,2.7,2026-09-09T17:00:00
W-1143,DHDT,2.6,2026-09-09T17:30:00
W-1143,DHDT,2.1,2026-09-09T18:00:00
W-1143,DHDT,2.3,2026-09-09T18:30:00
W-1143,DHDT,1.6,2026-09-09T19:00:00
W-1143,DHDT,1.5,2026-09-09T19:30:00
W-1143,DHDT,3.1,2026-09-09T20:00:00
W-1143,DHDT,4.5,2026-09-09T20:30:00
W-1143,DHDT,1.7,2026-09-09T21:00:00
W-1143,DHDT,2.6,2026-09-09T21:30:00
W-1143,DHDT,2.7,2026-09-09T22:00:00
W-1143,DHDT,3.9,2026-09-09T22:30:00
W-1143,DHDT,4.9,2026-09-09T23:00:00
W-1143,DHDT,5.6,2026-09-09T23:30:00
W-1146,CDU-III,1.4,2026-09-09T00:00:00
W-1146,CDU-III,1.8,2026-09-09T00:30:00
W-1146,CDU-III,1.8,2026-09-09T01:00:00
W-1146,CDU-III,1.5,2026-09-09T01:30:00
W-1146,CDU-III,0.9,2026-09-09T02:00:00
W-1146,CDU-III,1.4,2026-09-09T02:30:00
W-1146,CDU-III,1.3,2026-09-09T03:00:00
W-1146,CDU-III,1.4,2026-09-09T03:30:00
W-1146,CDU-III,0.9,2026-09-09T04:00:00
W-1146,CDU-III,1.9,2026-09-09T04:30:00
W-1146,CDU-III,0.8,2026-09-09T05:00:00
W-1146,CDU-III,1.4,2026-09-09T05:30:00
W-1146,CDU-III,2.0,2026-09-09T06:00:00
W-1146,CDU-III,1.3,2026-09-09T06:30:00
W-1146,CDU-III,1.8,2026-09-09T07:00:00
W-1146,CDU-III,2.0,2026-09-09T07:30:00
W-1149,ETP,0.8,2026-09-09T08:00:00
W-1149,ETP,1.0,2026-09-09T08:30:00
W-1149,ETP,1.6,2026-09-09T09:00:00
W-1149,ETP,4.8,2026-09-09T09:30:00
W-1149,ETP,5.5,2026-09-09T10:00:00
W-1149,ETP,1.5,2026-09-09T10:30:00
W-1149,ETP,1.4,2026-09-09T11:00:00
W-1149,ETP,0.6,2026-09-09T11:30:00
W-1149,ETP,1.6,2026-09-09T12:00:00
W-1149,ETP,1.2,2026-09-09T12:30:00
W-1149,ETP,1.1,2026-09-09T13:00:00
W-1149,ETP,1.0,2026-09-09T13:30:00
W-1149,ETP,5.4,2026-09-09T14:00:00
W-1149,ETP,4.3,2026-09-09T14:30:00
W-1149,ETP,3.2,2026-09-09T15:00:00
W-1149,ETP,5.1,2026-09-09T15:30:00
W-1152,TF,0.8,2026-09-09T16:00:00
W-1152,TF,0.4,2026-09-09T16:30:00
W-1152,TF,0.7,2026-09-09T17:00:00
W-1152,TF,0.7,2026-09-09T17:30:00
W-1152,TF,0.6,2026-09-09T18:00:00
W-1152,TF,0.4,2026-09-09T18:30:00
W-1152,TF,0.6,2026-09-09T19:00:00
W-1152,TF,0.5,2026-09-09T19:30:00
W-1152,TF,0.5,2026-09-09T20:00:00
W-1152,TF,0.5,2026-09-09T20:30:00
W-1152,TF,0.5,2026-09-09T21:00:00
W-1152,TF,0.5,2026-09-09T21:30:00
W-1152,TF,0.4,2026-09-09T22:00:00
W-1152,TF,0.5,2026-09-09T22:30:00
W-1152,TF,0.6,2026-09-09T23:00:00
W-1152,TF,0.6,2026-09-09T23:30:00
W-1155,SRU,4.0,2026-09-09T00:00:00
W-1155,SRU,6.2,2026-09-09T00:30:00
W-1155,SRU,4.9,2026-09-09T01:00:00
W-1155,SRU,5.1,2026-09-09T01:30:00
W-1155,SRU,2.9,2026-09-09T02:00:00
W-1155,SRU,3.4,2026-09-09T02:30:00
W-1155,SRU,11.5,2026-09-09T03:00:00
W-1155,SRU,14.9,2026-09-09T03:30:00
W-1155,SRU,3.5,2026-09-09T04:00:00
W-1155,SRU,4.1,2026-09-09T04:30:00
W-1155,SRU,3.9,2026-09-09T05:00:00
W-1155,SRU,4.7,2026-09-09T05:30:00
W-1155,SRU,5.2,2026-09-09T06:00:00
W-1155,SRU,4.7,2026-09-09T06:30:00
W-1155,SRU,17.9,2026-09-09T07:00:00
W-1155,SRU,14.4,2026-09-09T07:30:00
W-1158,ARU,5.4,2026-09-09T08:00:00
W-1158,ARU,3.1,2026-09-09T08:30:00
W-1158,ARU,4.7,2026-09-09T09:00:00
W-1158,ARU,2.9,2026-09-09T09:30:00
W-1158,ARU,2.5,2026-09-09T10:00:00
W-1158,ARU,3.4,2026-09-09T10:30:00
W-1158,ARU,3.1,2026-09-09T11:00:00
W-1158,ARU,3.9,2026-09-09T11:30:00
W-1158,ARU,3.0,2026-09-09T12:00:00
W-1158,ARU,6.6,2026-09-09T12:30:00
W-1158,ARU,3.4,2026-09-09T13:00:00
W-1158,ARU,4.6,2026-09-09T13:30:00
W-1158,ARU,5.5,2026-09-09T14:00:00
W-1158,ARU,3.7,2026-09-09T14:30:00
W-1158,ARU,3.2,2026-09-09T15:00:00
W-1158,ARU,5.0,2026-09-09T15:30:00
W-1161,SWS,3.9,2026-09-09T16:00:00
W-1161,SWS,14.8,2026-09-09T16:30:00
W-1161,SWS,24.5,2026-09-09T17:00:00
W-1161,SWS,5.5,2026-09-09T17:30:00
W-1161,SWS,3.1,2026-09-09T18:00:00
W-1161,SWS,4.6,2026-09-09T18:30:00
W-1161,SWS,5.3,2026-09-09T19:00:00
W-1161,SWS,6.6,2026-09-09T19:30:00
W-1161,SWS,4.8,2026-09-09T20:00:00
W-1161,SWS,4.2,2026-09-09T20:30:00
W-1161,SWS,17.5,2026-09-09T21:00:00
W-1161,SWS,19.6,2026-09-09T21:30:00
W-1161,SWS,6.7,2026-09-09T22:00:00
W-1161,SWS,3.1,2026-09-09T22:30:00
W-1161,SWS,3.1,2026-09-09T23:00:00
W-1161,SWS,12.0,2026-09-09T23:30:00
W-1164,DCU,2.0,2026-09-09T00:00:00
W-1164,DCU,3.3,2026-09-09T00:30:00
W-1164,DCU,2.8,2026-09-09T01:00:00
W-1164,DCU,2.1,2026-09-09T01:30:00
W-1164,DCU,1.8,2026-09-09T02:00:00
W-1164,DCU,3.2,2026-09-09T02:30:00
W-1164,DCU,3.1,2026-09-09T03:00:00
W-1164,DCU,2.1,2026-09-09T03:30:00
W-1164,DCU,1.6,2026-09-09T04:00:00
W-1164,DCU,1.8,2026-09-09T04:30:00
W-1164,DCU,3.8,2026-09-09T05:00:00
W-1164,DCU,4.0,2026-09-09T05:30:00
W-1164,DCU,4.0,2026-09-09T06:00:00
W-1164,DCU,4.0,2026-09-09T06:30:00
W-1164,DCU,3.8,2026-09-09T07:00:00
W-1164,DCU,3.2,2026-09-09T07:30:00
W-1167,HCU,1.4,2026-09-09T08:00:00
W-1167,HCU,2.2,2026-09-09T08:30:00
W-1167,HCU,2.0,2026-09-09T09:00:00
W-1167,HCU,2.1,2026-09-09T09:30:00
W-1167,HCU,1.4,2026-09-09T10:00:00
W-1167,HCU,1.2,2026-09-09T10:30:00
W-1167,HCU,2.2,2026-09-09T11:00:00
W-1167,HCU,3.2,2026-09-09T11:30:00
W-1167,HCU,3.0,2026-09-09T12:00:00
W-1167,HCU,1.8,2026-09-09T12:30:00
W-1167,HCU,2.8,2026-09-09T13:00:00
W-1167,HCU,2.9,2026-09-09T13:30:00
W-1167,HCU,2.2,2026-09-09T14:00:00
W-1167,HCU,3.0,2026-09-09T14:30:00
W-1167,HCU,1.5,2026-09-09T15:00:00
W-1167,HCU,1.5,2026-09-09T15:30:00
W-1170,DHDT,2.1,2026-09-09T16:00:00
W-1170,DHDT,1.1,2026-09-09T16:30:00
W-1170,DHDT,2.4,2026-09-09T17:00:00
W-1170,DHDT,1.3,2026-09-09T17:30:00
W-1170,DHDT,1.1,2026-09-09T18:00:00
W-1170,DHDT,2.7,2026-09-09T18:30:00
W-1170,DHDT,2.2,2026-09-09T19:00:00
W-1170,DHDT,1.0,2026-09-09T19:30:00
W-1170,DHDT,1.7,2026-09-09T20:00:00
W-1170,DHDT,1.9,2026-09-09T20:30:00
W-1170,DHDT,2.7,2026-09-09T21:00:00
W-1170,DHDT,4.2,2026-09-09T21:30:00
W-1170,DHDT,2.4,2026-09-09T22:00:00
W-1170,DHDT,1.6,2026-09-09T22:30:00
W-1170,DHDT,2.5,2026-09-09T23:00:00
W-1170,DHDT,1.6,2026-09-09T23:30:00
W-1176,ETP,1.1,2026-09-09T08:00:00
W-1176,ETP,1.3,2026-09-09T08:30:00
W-1176,ETP,1.2,2026-09-09T09:00:00
W-1176,ETP,1.3,2026-09-09T09:30:00
W-1176,ETP,0.8,2026-09-09T10:00:00
W-1176,ETP,0.7,2026-09-09T10:30:00
W-1176,ETP,0.8,2026-09-09T11:00:00
W-1176,ETP,4.4,2026-09-09T11:30:00
W-1176,ETP,3.8,2026-09-09T12:00:00
W-1176,ETP,1.4,2026-09-09T12:30:00
W-1176,ETP,0.8,2026-09-09T13:00:00
W-1176,ETP,1.5,2026-09-09T13:30:00
W-1176,ETP,0.6,2026-09-09T14:00:00
W-1176,ETP,1.0,2026-09-09T14:30:00
W-1176,ETP,1.0,2026-09-09T15:00:00
W-1176,ETP,1.2,2026-09-09T15:30:00
W-1179,TF,0.8,2026-09-09T16:00:00
W-1179,TF,0.4,2026-09-09T16:30:00
W-1179,TF,0.6,2026-09-09T17:00:00
W-1179,TF,0.4,2026-09-09T17:30:00
W-1179,TF,1.6,2026-09-09T18:00:00
W-1179,TF,0.8,2026-09-09T18:30:00
W-1179,TF,0.4,2026-09-09T19:00:00
W-1179,TF,0.8,2026-09-09T19:30:00
W-1179,TF,0.9,2026-09-09T20:00:00
W-1179,TF,0.7,2026-09-09T20:30:00
W-1179,TF,0.8,2026-09-09T21:00:00
W-1179,TF,0.6,2026-09-09T21:30:00
W-1179,TF,0.8,2026-09-09T22:00:00
W-1179,TF,0.9,2026-09-09T22:30:00
W-1179,TF,0.6,2026-09-09T23:00:00
W-1179,TF,0.5,2026-09-09T23:30:00
W-1182,SRU,23.0,2026-09-09T00:00:00
W-1182,SRU,6.3,2026-09-09T00:30:00
W-1182,SRU,6.1,2026-09-09T01:00:00
W-1182,SRU,6.1,2026-09-09T01:30:00
W-1182,SRU,4.7,2026-09-09T02:00:00
W-1182,SRU,4.6,2026-09-09T02:30:00
W-1182,SRU,4.4,2026-09-09T03:00:00
W-1182,SRU,24.4,2026-09-09T03:30:00
W-1182,SRU,13.6,2026-09-09T04:00:00
W-1182,SRU,20.0,2026-09-09T04:30:00
W-1182,SRU,3.4,2026-09-09T05:00:00
W-1182,SRU,4.0,2026-09-09T05:30:00
W-1182,SRU,4.4,2026-09-09T06:00:00
W-1182,SRU,14.2,2026-09-09T06:30:00
W-1182,SRU,15.4,2026-09-09T07:00:00
W-1182,SRU,18.3,2026-09-09T07:30:00
W-1185,ARU,3.9,2026-09-09T08:00:00
W-1185,ARU,2.6,2026-09-09T08:30:00
W-1185,ARU,3.6,2026-09-09T09:00:00
W-1185,ARU,10.4,2026-09-09T09:30:00
W-1185,ARU,14.2,2026-09-09T10:00:00
W-1185,ARU,18.9,2026-09-09T10:30:00
W-1185,ARU,9.6,2026-09-09T11:00:00
W-1185,ARU,5.8,2026-09-09T11:30:00
W-1185,ARU,9.3,2026-09-09T12:00:00
W-1185,ARU,18.9,2026-09-09T12:30:00
W-1185,ARU,13.1,2026-09-09T13:00:00
W-1185,ARU,4.2,2026-09-09T13:30:00
W-1185,ARU,4.6,2026-09-09T14:00:00
W-1185,ARU,3.4,2026-09-09T14:30:00
W-1185,ARU,6.4,2026-09-09T15:00:00
W-1185,ARU,5.9,2026-09-09T15:30:00
W-1188,SWS,7.0,2026-09-09T16:00:00
W-1188,SWS,4.8,2026-09-09T16:30:00
W-1188,SWS,3.9,2026-09-09T17:00:00
W-1188,SWS,4.3,2026-09-09T17:30:00
W-1188,SWS,6.0,2026-09-09T18:00:00
W-1188,SWS,7.0,2026-09-09T18:30:00
W-1188,SWS,6.0,2026-09-09T19:00:00
W-1188,SWS,4.6,2026-09-09T19:30:00
W-1188,SWS,21.7,2026-09-09T20:00:00
W-1188,SWS,20.6,2026-09-09T20:30:00
W-1188,SWS,5.3,2026-09-09T21:00:00
W-1188,SWS,6.0,2026-09-09T21:30:00
W-1188,SWS,2.9,2026-09-09T22:00:00
W-1188,SWS,7.1,2026-09-09T22:30:00
W-1188,SWS,5.3,2026-09-09T23:00:00
W-1188,SWS,22.8,2026-09-09T23:30:00
W-1191,DCU,2.8,2026-09-09T00:00:00
W-1191,DCU,2.0,2026-09-09T00:30:00
W-1191,DCU,5.0,2026-09-09T01:00:00
W-1191,DCU,11.0,2026-09-09T01:30:00
W-1191,DCU,9.1,2026-09-09T02:00:00
W-1191,DCU,2.7,2026-09-09T02:30:00
W-1191,DCU,2.2,2026-09-09T03:00:00
W-1191,DCU,1.9,2026-09-09T03:30:00
W-1191,DCU,2.5,2026-09-09T04:00:00
W-1191,DCU,3.5,2026-09-09T04:30:00
W-1191,DCU,3.8,2026-09-09T05:00:00
W-1191,DCU,3.5,2026-09-09T05:30:00
W-1191,DCU,3.4,2026-09-09T06:00:00
W-1191,DCU,2.7,2026-09-09T06:30:00
W-1191,DCU,3.9,2026-09-09T07:00:00
W-1191,DCU,1.8,2026-09-09T07:30:00
W-1194,HCU,2.9,2026-09-09T08:00:00
W-1194,HCU,2.1,2026-09-09T08:30:00
W-1194,HCU,1.3,2026-09-09T09:00:00
W-1194,HCU,1.8,2026-09-09T09:30:00
W-1194,HCU,1.3,2026-09-09T10:00:00
W-1194,HCU,1.9,2026-09-09T10:30:00
W-1194,HCU,2.6,2026-09-09T11:00:00
W-1194,HCU,1.6,2026-09-09T11:30:00
W-1194,HCU,1.5,2026-09-09T12:00:00
W-1194,HCU,7.5,2026-09-09T12:30:00
W-1194,HCU,7.3,2026-09-09T13:00:00
W-1194,HCU,3.6,2026-09-09T13:30:00
W-1194,HCU,2.3,2026-09-09T14:00:00
W-1194,HCU,2.2,2026-09-09T14:30:00
W-1194,HCU,1.3,2026-09-09T15:00:00
W-1194,HCU,2.4,2026-09-09T15:30:00
W-1197,DHDT,1.8,2026-09-09T16:00:00
W-1197,DHDT,2.4,2026-09-09T16:30:00
W-1197,DHDT,2.6,2026-09-09T17:00:00
W-1197,DHDT,1.5,2026-09-09T17:30:00
W-1197,DHDT,1.5,2026-09-09T18:00:00
W-1197,DHDT,1.5,2026-09-09T18:30:00
W-1197,DHDT,2.4,2026-09-09T19:00:00
W-1197,DHDT,1.6,2026-09-09T19:30:00
W-1197,DHDT,1.9,2026-09-09T20:00:00
W-1197,DHDT,2.3,2026-09-09T20:30:00
W-1197,DHDT,2.7,2026-09-09T21:00:00
W-1197,DHDT,2.6,2026-09-09T21:30:00
W-1197,DHDT,2.1,2026-09-09T22:00:00
W-1197,DHDT,2.2,2026-09-09T22:30:00
W-1197,DHDT,4.6,2026-09-09T23:00:00
W-1197,DHDT,5.1,2026-09-09T23:30:00
W-1200,CDU-III,1.5,2026-09-09T00:00:00
W-1200,CDU-III,1.3,2026-09-09T00:30:00
W-1200,CDU-III,1.0,2026-09-09T01:00:00
W-1200,CDU-III,0.9,2026-09-09T01:30:00
W-1200,CDU-III,1.1,2026-09-09T02:00:00
W-1200,CDU-III,2.0,2026-09-09T02:30:00
W-1200,CDU-III,1.6,2026-09-09T03:00:00
W-1200,CDU-III,2.1,2026-09-09T03:30:00
W-1200,CDU-III,1.1,2026-09-09T04:00:00
W-1200,CDU-III,1.8,2026-09-09T04:30:00
W-1200,CDU-III,1.1,2026-09-09T05:00:00
W-1200,CDU-III,1.9,2026-09-09T05:30:00
W-1200,CDU-III,2.2,2026-09-09T06:00:00
W-1200,CDU-III,1.8,2026-09-09T06:30:00
W-1200,CDU-III,1.0,2026-09-09T07:00:00
W-1200,CDU-III,2.2,2026-09-09T07:30:00
W-1206,TF,0.5,2026-09-09T16:00:00
W-1206,TF,0.8,2026-09-09T16:30:00
W-1206,TF,0.7,2026-09-09T17:00:00
W-1206,TF,0.9,2026-09-09T17:30:00
W-1206,TF,0.9,2026-09-09T18:00:00
W-1206,TF,0.8,2026-09-09T18:30:00
W-1206,TF,0.3,2026-09-09T19:00:00
W-1206,TF,0.5,2026-09-09T19:30:00
W-1206,TF,0.8,2026-09-09T20:00:00
W-1206,TF,0.6,2026-09-09T20:30:00
W-1206,TF,0.8,2026-09-09T21:00:00
W-1206,TF,0.6,2026-09-09T21:30:00
W-1206,TF,0.5,2026-09-09T22:00:00
W-1206,TF,0.5,2026-09-09T22:30:00
W-1206,TF,0.8,2026-09-09T23:00:00
W-1206,TF,0.7,2026-09-09T23:30:00
W-1209,SRU,4.4,2026-09-09T00:00:00
W-1209,SRU,2.9,2026-09-09T00:30:00
W-1209,SRU,6.1,2026-09-09T01:00:00
W-1209,SRU,5.1,2026-09-09T01:30:00
W-1209,SRU,7.0,2026-09-09T02:00:00
W-1209,SRU,12.7,2026-09-09T02:30:00
W-1209,SRU,3.4,2026-09-09T03:00:00
W-1209,SRU,6.3,2026-09-09T03:30:00
W-1209,SRU,7.1,2026-09-09T04:00:00
W-1209,SRU,5.9,2026-09-09T04:30:00
W-1209,SRU,4.0,2026-09-09T05:00:00
W-1209,SRU,17.3,2026-09-09T05:30:00
W-1209,SRU,16.1,2026-09-09T06:00:00
W-1209,SRU,4.3,2026-09-09T06:30:00
W-1209,SRU,6.7,2026-09-09T07:00:00
W-1209,SRU,6.9,2026-09-09T07:30:00
W-1212,ARU,6.2,2026-09-09T08:00:00
W-1212,ARU,3.5,2026-09-09T08:30:00
W-1212,ARU,5.1,2026-09-09T09:00:00
W-1212,ARU,3.6,2026-09-09T09:30:00
W-1212,ARU,3.7,2026-09-09T10:00:00
W-1212,ARU,6.4,2026-09-09T10:30:00
W-1212,ARU,2.6,2026-09-09T11:00:00
W-1212,ARU,6.0,2026-09-09T11:30:00
W-1212,ARU,6.1,2026-09-09T12:00:00
W-1212,ARU,5.3,2026-09-09T12:30:00
W-1212,ARU,6.4,2026-09-09T13:00:00
W-1212,ARU,5.0,2026-09-09T13:30:00
W-1212,ARU,6.2,2026-09-09T14:00:00
W-1212,ARU,4.9,2026-09-09T14:30:00
W-1212,ARU,3.5,2026-09-09T15:00:00
W-1212,ARU,5.3,2026-09-09T15:30:00
W-1215,SWS,3.8,2026-09-09T16:00:00
W-1215,SWS,4.2,2026-09-09T16:30:00
W-1215,SWS,6.0,2026-09-09T17:00:00
W-1215,SWS,5.9,2026-09-09T17:30:00
W-1215,SWS,3.3,2026-09-09T18:00:00
W-1215,SWS,6.7,2026-09-09T18:30:00
W-1215,SWS,2.6,2026-09-09T19:00:00
W-1215,SWS,3.4,2026-09-09T19:30:00
W-1215,SWS,3.1,2026-09-09T20:00:00
W-1215,SWS,5.7,2026-09-09T20:30:00
W-1215,SWS,9.8,2026-09-09T21:00:00
W-1215,SWS,4.6,2026-09-09T21:30:00
W-1215,SWS,7.0,2026-09-09T22:00:00
W-1215,SWS,4.8,2026-09-09T22:30:00
W-1215,SWS,14.3,2026-09-09T23:00:00
W-1215,SWS,18.0,2026-09-09T23:30:00
W-1218,DCU,3.7,2026-09-09T00:00:00
W-1218,DCU,3.2,2026-09-09T00:30:00
W-1218,DCU,2.9,2026-09-09T01:00:00
W-1218,DCU,2.9,2026-09-09T01:30:00
W-1218,DCU,2.5,2026-09-09T02:00:00
W-1218,DCU,1.6,2026-09-09T02:30:00
W-1218,DCU,1.9,2026-09-09T03:00:00
W-1218,DCU,2.5,2026-09-09T03:30:00
W-1218,DCU,3.2,2026-09-09T04:00:00
W-1218,DCU,2.9,2026-09-09T04:30:00
W-1218,DCU,4.3,2026-09-09T05:00:00
W-1218,DCU,3.0,2026-09-09T05:30:00
W-1218,DCU,2.8,2026-09-09T06:00:00
W-1218,DCU,2.6,2026-09-09T06:30:00
W-1218,DCU,3.1,2026-09-09T07:00:00
W-1218,DCU,2.8,2026-09-09T07:30:00
W-1221,HCU,1.8,2026-09-09T08:00:00
W-1221,HCU,2.3,2026-09-09T08:30:00
W-1221,HCU,2.6,2026-09-09T09:00:00
W-1221,HCU,2.9,2026-09-09T09:30:00
W-1221,HCU,3.1,2026-09-09T10:00:00
W-1221,HCU,1.3,2026-09-09T10:30:00
W-1221,HCU,6.2,2026-09-09T11:00:00
W-1221,HCU,4.4,2026-09-09T11:30:00
W-1221,HCU,5.9,2026-09-09T12:00:00
W-1221,HCU,1.4,2026-09-09T12:30:00
W-1221,HCU,2.9,2026-09-09T13:00:00
W-1221,HCU,6.9,2026-09-09T13:30:00
W-1221,HCU,4.8,2026-09-09T14:00:00
W-1221,HCU,4.2,2026-09-09T14:30:00
W-1221,HCU,7.2,2026-09-09T15:00:00
W-1221,HCU,4.7,2026-09-09T15:30:00
W-1224,DHDT,2.5,2026-09-09T16:00:00
W-1224,DHDT,5.4,2026-09-09T16:30:00
W-1224,DHDT,2.5,2026-09-09T17:00:00
W-1224,DHDT,1.3,2026-09-09T17:30:00
W-1224,DHDT,2.6,2026-09-09T18:00:00
W-1224,DHDT,1.3,2026-09-09T18:30:00
W-1224,DHDT,2.6,2026-09-09T19:00:00
W-1224,DHDT,2.5,2026-09-09T19:30:00
W-1224,DHDT,2.0,2026-09-09T20:00:00
W-1224,DHDT,2.6,2026-09-09T20:30:00
W-1224,DHDT,2.1,2026-09-09T21:00:00
W-1224,DHDT,2.5,2026-09-09T21:30:00
W-1224,DHDT,2.3,2026-09-09T22:00:00
W-1224,DHDT,2.3,2026-09-09T22:30:00
W-1224,DHDT,1.5,2026-09-09T23:00:00
W-1224,DHDT,2.2,2026-09-09T23:30:00
W-1227,CDU-III,1.8,2026-09-09T00:00:00
W-1227,CDU-III,1.3,2026-09-09T00:30:00
W-1227,CDU-III,2.2,2026-09-09T01:00:00
W-1227,CDU-III,0.8,2026-09-09T01:30:00
W-1227,CDU-III,2.0,2026-09-09T02:00:00
W-1227,CDU-III,1.8,2026-09-09T02:30:00
W-1227,CDU-III,1.0,2026-09-09T03:00:00
W-1227,CDU-III,1.6,2026-09-09T03:30:00
W-1227,CDU-III,1.4,2026-09-09T04:00:00
W-1227,CDU-III,0.8,2026-09-09T04:30:00
W-1227,CDU-III,1.9,2026-09-09T05:00:00
W-1227,CDU-III,2.0,2026-09-09T05:30:00
W-1227,CDU-III,1.6,2026-09-09T06:00:00
W-1227,CDU-III,1.7,2026-09-09T06:30:00
W-1227,CDU-III,1.2,2026-09-09T07:00:00
W-1227,CDU-III,1.3,2026-09-09T07:30:00
W-1230,ETP,1.3,2026-09-09T08:00:00
W-1230,ETP,2.6,2026-09-09T08:30:00
W-1230,ETP,1.6,2026-09-09T09:00:00
W-1230,ETP,1.1,2026-09-09T09:30:00
W-1230,ETP,1.6,2026-09-09T10:00:00
W-1230,ETP,1.3,2026-09-09T10:30:00
W-1230,ETP,1.0,2026-09-09T11:00:00
W-1230,ETP,1.3,2026-09-09T11:30:00
W-1230,ETP,1.2,2026-09-09T12:00:00
W-1230,ETP,0.8,2026-09-09T12:30:00
W-1230,ETP,0.8,2026-09-09T13:00:00
W-1230,ETP,1.3,2026-09-09T13:30:00
W-1230,ETP,0.6,2026-09-09T14:00:00
W-1230,ETP,0.8,2026-09-09T14:30:00
W-1230,ETP,1.5,2026-09-09T15:00:00
W-1230,ETP,1.3,2026-09-09T15:30:00
W-1233,TF,0.8,2026-09-09T16:00:00
W-1233,TF,0.4,2026-09-09T16:30:00
W-1233,TF,0.9,2026-09-09T17:00:00
W-1233,TF,0.6,2026-09-09T17:30:00
W-1233,TF,0.9,2026-09-09T18:00:00
W-1233,TF,0.8,2026-09-09T18:30:00
W-1233,TF,0.9,2026-09-09T19:00:00
W-1233,TF,0.4,2026-09-09T19:30:00
W-1233,TF,0.6,2026-09-09T20:00:00
W-1233,TF,0.4,2026-09-09T20:30:00
W-1233,TF,0.6,2026-09-09T21:00:00
W-1233,TF,0.7,2026-09-09T21:30:00
W-1233,TF,0.6,2026-09-09T22:00:00
W-1233,TF,0.9,2026-09-09T22:30:00
W-1233,TF,0.4,2026-09-09T23:00:00
W-1233,TF,0.7,2026-09-09T23:30:00
W-1104,ARU,4.6,2026-09-10T08:00:00
W-1104,ARU,4.3,2026-09-10T08:30:00
W-1104,ARU,12.7,2026-09-10T09:00:00
W-1104,ARU,2.3,2026-09-10T09:30:00
W-1104,ARU,3.0,2026-09-10T10:00:00
W-1104,ARU,4.6,2026-09-10T10:30:00
W-1104,ARU,2.0,2026-09-10T11:00:00
W-1104,ARU,8.7,2026-09-10T11:30:00
W-1104,ARU,11.8,2026-09-10T12:00:00
W-1104,ARU,9.6,2026-09-10T12:30:00
W-1104,ARU,4.3,2026-09-10T13:00:00
W-1104,ARU,3.4,2026-09-10T13:30:00
W-1104,ARU,3.9,2026-09-10T14:00:00
W-1104,ARU,3.9,2026-09-10T14:30:00
W-1104,ARU,4.9,2026-09-10T15:00:00
W-1104,ARU,4.3,2026-09-10T15:30:00
W-1107,SWS,4.7,2026-09-10T16:00:00
W-1107,SWS,3.1,2026-09-10T16:30:00
W-1107,SWS,2.5,2026-09-10T17:00:00
W-1107,SWS,5.0,2026-09-10T17:30:00
W-1107,SWS,2.9,2026-09-10T18:00:00
W-1107,SWS,5.4,2026-09-10T18:30:00
W-1107,SWS,5.3,2026-09-10T19:00:00
W-1107,SWS,4.8,2026-09-10T19:30:00
W-1107,SWS,5.2,2026-09-10T20:00:00
W-1107,SWS,2.9,2026-09-10T20:30:00
W-1107,SWS,5.5,2026-09-10T21:00:00
W-1107,SWS,3.7,2026-09-10T21:30:00
W-1107,SWS,3.2,2026-09-10T22:00:00
W-1107,SWS,5.6,2026-09-10T22:30:00
W-1107,SWS,2.6,2026-09-10T23:00:00
W-1107,SWS,3.4,2026-09-10T23:30:00
W-1110,DCU,2.1,2026-09-10T00:00:00
W-1110,DCU,2.5,2026-09-10T00:30:00
W-1110,DCU,3.3,2026-09-10T01:00:00
W-1110,DCU,2.0,2026-09-10T01:30:00
W-1110,DCU,3.0,2026-09-10T02:00:00
W-1110,DCU,1.6,2026-09-10T02:30:00
W-1110,DCU,2.0,2026-09-10T03:00:00
W-1110,DCU,1.8,2026-09-10T03:30:00
W-1110,DCU,2.2,2026-09-10T04:00:00
W-1110,DCU,2.1,2026-09-10T04:30:00
W-1110,DCU,3.3,2026-09-10T05:00:00
W-1110,DCU,2.6,2026-09-10T05:30:00
W-1110,DCU,3.1,2026-09-10T06:00:00
W-1110,DCU,1.3,2026-09-10T06:30:00
W-1110,DCU,3.4,2026-09-10T07:00:00
W-1110,DCU,3.3,2026-09-10T07:30:00
W-1113,HCU,1.3,2026-09-10T08:00:00
W-1113,HCU,1.5,2026-09-10T08:30:00
W-1113,HCU,1.6,2026-09-10T09:00:00
W-1113,HCU,2.3,2026-09-10T09:30:00
W-1113,HCU,1.5,2026-09-10T10:00:00
W-1113,HCU,2.1,2026-09-10T10:30:00
W-1113,HCU,1.3,2026-09-10T11:00:00
W-1113,HCU,2.2,2026-09-10T11:30:00
W-1113,HCU,2.2,2026-09-10T12:00:00
W-1113,HCU,2.2,2026-09-10T12:30:00
W-1113,HCU,1.0,2026-09-10T13:00:00
W-1113,HCU,2.2,2026-09-10T13:30:00
W-1113,HCU,1.2,2026-09-10T14:00:00
W-1113,HCU,2.1,2026-09-10T14:30:00
W-1113,HCU,1.9,2026-09-10T15:00:00
W-1113,HCU,1.0,2026-09-10T15:30:00
W-1116,DHDT,1.0,2026-09-10T16:00:00
W-1116,DHDT,1.9,2026-09-10T16:30:00
W-1116,DHDT,1.6,2026-09-10T17:00:00
W-1116,DHDT,1.4,2026-09-10T17:30:00
W-1116,DHDT,1.7,2026-09-10T18:00:00
W-1116,DHDT,2.0,2026-09-10T18:30:00
W-1116,DHDT,2.1,2026-09-10T19:00:00
W-1116,DHDT,2.1,2026-09-10T19:30:00
W-1116,DHDT,1.2,2026-09-10T20:00:00
W-1116,DHDT,2.1,2026-09-10T20:30:00
W-1116,DHDT,2.0,2026-09-10T21:00:00
W-1116,DHDT,1.2,2026-09-10T21:30:00
W-1116,DHDT,1.3,2026-09-10T22:00:00
W-1116,DHDT,1.9,2026-09-10T22:30:00
W-1116,DHDT,2.0,2026-09-10T23:00:00
W-1116,DHDT,2.7,2026-09-10T23:30:00
W-1119,CDU-III,1.2,2026-09-10T00:00:00
W-1119,CDU-III,0.7,2026-09-10T00:30:00
W-1119,CDU-III,0.9,2026-09-10T01:00:00
W-1119,CDU-III,1.5,2026-09-10T01:30:00
W-1119,CDU-III,1.6,2026-09-10T02:00:00
W-1119,CDU-III,1.6,2026-09-10T02:30:00
W-1119,CDU-III,0.9,2026-09-10T03:00:00
W-1119,CDU-III,1.5,2026-09-10T03:30:00
W-1119,CDU-III,1.5,2026-09-10T04:00:00
W-1119,CDU-III,1.5,2026-09-10T04:30:00
W-1119,CDU-III,1.4,2026-09-10T05:00:00
W-1119,CDU-III,1.4,2026-09-10T05:30:00
W-1119,CDU-III,0.8,2026-09-10T06:00:00
W-1119,CDU-III,1.7,2026-09-10T06:30:00
W-1119,CDU-III,1.7,2026-09-10T07:00:00
W-1119,CDU-III,0.6,2026-09-10T07:30:00
W-1122,ETP,1.0,2026-09-10T08:00:00
W-1122,ETP,0.9,2026-09-10T08:30:00
W-1122,ETP,0.6,2026-09-10T09:00:00
W-1122,ETP,1.0,2026-09-10T09:30:00
W-1122,ETP,0.8,2026-09-10T10:00:00
W-1122,ETP,1.3,2026-09-10T10:30:00
W-1122,ETP,0.6,2026-09-10T11:00:00
W-1122,ETP,1.0,2026-09-10T11:30:00
W-1122,ETP,1.0,2026-09-10T12:00:00
W-1122,ETP,1.0,2026-09-10T12:30:00
W-1122,ETP,0.5,2026-09-10T13:00:00
W-1122,ETP,0.9,2026-09-10T13:30:00
W-1122,ETP,0.5,2026-09-10T14:00:00
W-1122,ETP,1.2,2026-09-10T14:30:00
W-1122,ETP,3.5,2026-09-10T15:00:00
W-1122,ETP,3.1,2026-09-10T15:30:00
W-1125,TF,0.4,2026-09-10T16:00:00
W-1125,TF,0.5,2026-09-10T16:30:00
W-1125,TF,0.6,2026-09-10T17:00:00
W-1125,TF,0.4,2026-09-10T17:30:00
W-1125,TF,0.7,2026-09-10T18:00:00
W-1125,TF,0.6,2026-09-10T18:30:00
W-1125,TF,0.3,2026-09-10T19:00:00
W-1125,TF,0.3,2026-09-10T19:30:00
W-1125,TF,0.5,2026-09-10T20:00:00
W-1125,TF,0.7,2026-09-10T20:30:00
W-1125,TF,0.3,2026-09-10T21:00:00
W-1125,TF,0.5,2026-09-10T21:30:00
W-1125,TF,0.4,2026-09-10T22:00:00
W-1125,TF,0.3,2026-09-10T22:30:00
W-1125,TF,0.3,2026-09-10T23:00:00
W-1125,TF,0.3,2026-09-10T23:30:00
W-1128,SRU,8.8,2026-09-10T00:00:00
W-1128,SRU,9.4,2026-09-10T00:30:00
W-1128,SRU,7.4,2026-09-10T01:00:00
W-1128,SRU,9.2,2026-09-10T01:30:00
W-1128,SRU,13.8,2026-09-10T02:00:00
W-1128,SRU,3.0,2026-09-10T02:30:00
W-1128,SRU,13.8,2026-09-10T03:00:00
W-1128,SRU,3.6,2026-09-10T03:30:00
W-1128,SRU,3.1,2026-09-10T04:00:00
W-1128,SRU,4.8,2026-09-10T04:30:00
W-1128,SRU,3.9,2026-09-10T05:00:00
W-1128,SRU,3.3,2026-09-10T05:30:00
W-1128,SRU,4.3,2026-09-10T06:00:00
W-1128,SRU,5.7,2026-09-10T06:30:00
W-1128,SRU,3.1,2026-09-10T07:00:00
W-1128,SRU,4.4,2026-09-10T07:30:00
W-1131,ARU,3.1,2026-09-10T08:00:00
W-1131,ARU,4.0,2026-09-10T08:30:00
W-1131,ARU,2.7,2026-09-10T09:00:00
W-1131,ARU,10.0,2026-09-10T09:30:00
W-1131,ARU,6.9,2026-09-10T10:00:00
W-1131,ARU,3.3,2026-09-10T10:30:00
W-1131,ARU,2.2,2026-09-10T11:00:00
W-1131,ARU,2.8,2026-09-10T11:30:00
W-1131,ARU,3.6,2026-09-10T12:00:00
W-1131,ARU,4.8,2026-09-10T12:30:00
W-1131,ARU,4.3,2026-09-10T13:00:00
W-1131,ARU,4.1,2026-09-10T13:30:00
W-1131,ARU,4.6,2026-09-10T14:00:00
W-1131,ARU,3.0,2026-09-10T14:30:00
W-1131,ARU,2.9,2026-09-10T15:00:00
W-1131,ARU,3.0,2026-09-10T15:30:00
W-1134,SWS,4.4,2026-09-10T16:00:00
W-1134,SWS,5.0,2026-09-10T16:30:00
W-1134,SWS,2.2,2026-09-10T17:00:00
W-1134,SWS,2.3,2026-09-10T17:30:00
W-1134,SWS,2.1,2026-09-10T18:00:00
W-1134,SWS,3.3,2026-09-10T18:30:00
W-1134,SWS,4.8,2026-09-10T19:00:00
W-1134,SWS,2.2,2026-09-10T19:30:00
W-1134,SWS,2.5,2026-09-10T20:00:00
W-1134,SWS,5.6,2026-09-10T20:30:00
W-1134,SWS,5.4,2026-09-10T21:00:00
W-1134,SWS,5.0,2026-09-10T21:30:00
W-1134,SWS,4.7,2026-09-10T22:00:00
W-1134,SWS,2.2,2026-09-10T22:30:00
W-1134,SWS,5.4,2026-09-10T23:00:00
W-1134,SWS,8.2,2026-09-10T23:30:00
W-1137,DCU,2.8,2026-09-10T00:00:00
W-1137,DCU,1.4,2026-09-10T00:30:00
W-1137,DCU,3.4,2026-09-10T01:00:00
W-1137,DCU,3.2,2026-09-10T01:30:00
W-1137,DCU,7.8,2026-09-10T02:00:00
W-1137,DCU,6.1,2026-09-10T02:30:00
W-1137,DCU,9.5,2026-09-10T03:00:00
W-1137,DCU,7.0,2026-09-10T03:30:00
W-1137,DCU,2.9,2026-09-10T04:00:00
W-1137,DCU,2.7,2026-09-10T04:30:00
W-1137,DCU,2.1,2026-09-10T05:00:00
W-1137,DCU,2.1,2026-09-10T05:30:00
W-1137,DCU,4.1,2026-09-10T06:00:00
W-1137,DCU,1.3,2026-09-10T06:30:00
W-1137,DCU,2.2,2026-09-10T07:00:00
W-1137,DCU,1.8,2026-09-10T07:30:00
W-1143,DHDT,1.6,2026-09-10T16:00:00
W-1143,DHDT,1.6,2026-09-10T16:30:00
W-1143,DHDT,1.9,2026-09-10T17:00:00
W-1143,DHDT,1.0,2026-09-10T17:30:00
W-1143,DHDT,1.0,2026-09-10T18:00:00
W-1143,DHDT,1.0,2026-09-10T18:30:00
W-1143,DHDT,2.1,2026-09-10T19:00:00
W-1143,DHDT,0.8,2026-09-10T19:30:00
W-1143,DHDT,1.1,2026-09-10T20:00:00
W-1143,DHDT,0.9,2026-09-10T20:30:00
W-1143,DHDT,1.2,2026-09-10T21:00:00
W-1143,DHDT,1.6,2026-09-10T21:30:00
W-1143,DHDT,1.3,2026-09-10T22:00:00
W-1143,DHDT,1.0,2026-09-10T22:30:00
W-1143,DHDT,1.3,2026-09-10T23:00:00
W-1143,DHDT,1.5,2026-09-10T23:30:00
W-1146,CDU-III,0.7,2026-09-10T00:00:00
W-1146,CDU-III,1.5,2026-09-10T00:30:00
W-1146,CDU-III,0.9,2026-09-10T01:00:00
W-1146,CDU-III,1.4,2026-09-10T01:30:00
W-1146,CDU-III,1.0,2026-09-10T02:00:00
W-1146,CDU-III,1.2,2026-09-10T02:30:00
W-1146,CDU-III,2.6,2026-09-10T03:00:00
W-1146,CDU-III,1.7,2026-09-10T03:30:00
W-1146,CDU-III,4.7,2026-09-10T04:00:00
W-1146,CDU-III,0.9,2026-09-10T04:30:00
W-1146,CDU-III,1.5,2026-09-10T05:00:00
W-1146,CDU-III,0.7,2026-09-10T05:30:00
W-1146,CDU-III,1.3,2026-09-10T06:00:00
W-1146,CDU-III,1.4,2026-09-10T06:30:00
W-1146,CDU-III,0.9,2026-09-10T07:00:00
W-1146,CDU-III,1.4,2026-09-10T07:30:00
W-1149,ETP,0.5,2026-09-10T08:00:00
W-1149,ETP,1.2,2026-09-10T08:30:00
W-1149,ETP,1.2,2026-09-10T09:00:00
W-1149,ETP,0.9,2026-09-10T09:30:00
W-1149,ETP,1.0,2026-09-10T10:00:00
W-1149,ETP,1.3,2026-09-10T10:30:00
W-1149,ETP,1.0,2026-09-10T11:00:00
W-1149,ETP,0.6,2026-09-10T11:30:00
W-1149,ETP,2.3,2026-09-10T12:00:00
W-1149,ETP,0.8,2026-09-10T12:30:00
W-1149,ETP,0.7,2026-09-10T13:00:00
W-1149,ETP,0.6,2026-09-10T13:30:00
W-1149,ETP,0.9,2026-09-10T14:00:00
W-1149,ETP,1.1,2026-09-10T14:30:00
W-1149,ETP,0.9,2026-09-10T15:00:00
W-1149,ETP,0.5,2026-09-10T15:30:00
W-1152,TF,0.6,2026-09-10T16:00:00
W-1152,TF,0.4,2026-09-10T16:30:00
W-1152,TF,0.3,2026-09-10T17:00:00
W-1152,TF,0.6,2026-09-10T17:30:00
W-1152,TF,0.6,2026-09-10T18:00:00
W-1152,TF,0.7,2026-09-10T18:30:00
W-1152,TF,0.3,2026-09-10T19:00:00
W-1152,TF,0.5,2026-09-10T19:30:00
W-1152,TF,0.5,2026-09-10T20:00:00
W-1152,TF,0.3,2026-09-10T20:30:00
W-1152,TF,0.3,2026-09-10T21:00:00
W-1152,TF,0.4,2026-09-10T21:30:00
W-1152,TF,0.7,2026-09-10T22:00:00
W-1152,TF,0.6,2026-09-10T22:30:00
W-1152,TF,0.5,2026-09-10T23:00:00
W-1152,TF,0.5,2026-09-10T23:30:00
W-1155,SRU,4.3,2026-09-10T00:00:00
W-1155,SRU,4.4,2026-09-10T00:30:00
W-1155,SRU,3.5,2026-09-10T01:00:00
W-1155,SRU,2.3,2026-09-10T01:30:00
W-1155,SRU,6.0,2026-09-10T02:00:00
W-1155,SRU,4.6,2026-09-10T02:30:00
W-1155,SRU,2.5,2026-09-10T03:00:00
W-1155,SRU,5.8,2026-09-10T03:30:00
W-1155,SRU,4.4,2026-09-10T04:00:00
W-1155,SRU,2.3,2026-09-10T04:30:00
W-1155,SRU,3.7,2026-09-10T05:00:00
W-1155,SRU,4.9,2026-09-10T05:30:00
W-1155,SRU,4.0,2026-09-10T06:00:00
W-1155,SRU,4.0,2026-09-10T06:30:00
W-1155,SRU,4.5,2026-09-10T07:00:00
W-1155,SRU,5.6,2026-09-10T07:30:00
W-1158,ARU,2.9,2026-09-10T08:00:00
W-1158,ARU,4.1,2026-09-10T08:30:00
W-1158,ARU,12.9,2026-09-10T09:00:00
W-1158,ARU,14.0,2026-09-10T09:30:00
W-1158,ARU,3.6,2026-09-10T10:00:00
W-1158,ARU,4.4,2026-09-10T10:30:00
W-1158,ARU,4.4,2026-09-10T11:00:00
W-1158,ARU,3.8,2026-09-10T11:30:00
W-1158,ARU,2.5,2026-09-10T12:00:00
W-1158,ARU,3.8,2026-09-10T12:30:00
W-1158,ARU,2.0,2026-09-10T13:00:00
W-1158,ARU,4.4,2026-09-10T13:30:00
W-1158,ARU,10.2,2026-09-10T14:00:00
W-1158,ARU,15.1,2026-09-10T14:30:00
W-1158,ARU,3.5,2026-09-10T15:00:00
W-1158,ARU,10.6,2026-09-10T15:30:00
W-1164,DCU,1.9,2026-09-10T00:00:00
W-1164,DCU,2.2,2026-09-10T00:30:00
W-1164,DCU,2.5,2026-09-10T01:00:00
W-1164,DCU,3.4,2026-09-10T01:30:00
W-1164,DCU,2.8,2026-09-10T02:00:00
W-1164,DCU,3.2,2026-09-10T02:30:00
W-1164,DCU,2.5,2026-09-10T03:00:00
W-1164,DCU,2.3,2026-09-10T03:30:00
W-1164,DCU,3.1,2026-09-10T04:00:00
W-1164,DCU,3.2,2026-09-10T04:30:00
W-1164,DCU,3.0,2026-09-10T05:00:00
W-1164,DCU,1.9,2026-09-10T05:30:00
W-1164,DCU,1.4,2026-09-10T06:00:00
W-1164,DCU,2.5,2026-09-10T06:30:00
W-1164,DCU,2.7,2026-09-10T07:00:00
W-1164,DCU,2.9,2026-09-10T07:30:00
W-1167,HCU,2.7,2026-09-10T08:00:00
W-1167,HCU,1.6,2026-09-10T08:30:00
W-1167,HCU,2.0,2026-09-10T09:00:00
W-1167,HCU,2.0,2026-09-10T09:30:00
W-1167,HCU,2.3,2026-09-10T10:00:00
W-1167,HCU,1.2,2026-09-10T10:30:00
W-1167,HCU,1.3,2026-09-10T11:00:00
W-1167,HCU,1.7,2026-09-10T11:30:00
W-1167,HCU,1.9,2026-09-10T12:00:00
W-1167,HCU,1.5,2026-09-10T12:30:00
W-1167,HCU,2.0,2026-09-10T13:00:00
W-1167,HCU,1.9,2026-09-10T13:30:00
W-1167,HCU,2.3,2026-09-10T14:00:00
W-1167,HCU,1.5,2026-09-10T14:30:00
W-1167,HCU,1.5,2026-09-10T15:00:00
W-1167,HCU,1.5,2026-09-10T15:30:00
W-1170,DHDT,2.0,2026-09-10T16:00:00
W-1170,DHDT,1.4,2026-09-10T16:30:00
W-1170,DHDT,1.0,2026-09-10T17:00:00
W-1170,DHDT,2.1,2026-09-10T17:30:00
W-1170,DHDT,0.9,2026-09-10T18:00:00
W-1170,DHDT,1.4,2026-09-10T18:30:00
W-1170,DHDT,2.1,2026-09-10T19:00:00
W-1170,DHDT,2.0,2026-09-10T19:30:00
W-1170,DHDT,1.7,2026-09-10T20:00:00
W-1170,DHDT,1.9,2026-09-10T20:30:00
W-1170,DHDT,1.6,2026-09-10T21:00:00
W-1170,DHDT,0.9,2026-09-10T21:30:00
W-1170,DHDT,1.8,2026-09-10T22:00:00
W-1170,DHDT,1.8,2026-09-10T22:30:00
W-1170,DHDT,1.5,2026-09-10T23:00:00
W-1170,DHDT,0.9,2026-09-10T23:30:00
W-1176,ETP,0.5,2026-09-10T08:00:00
W-1176,ETP,0.7,2026-09-10T08:30:00
W-1176,ETP,1.2,2026-09-10T09:00:00
W-1176,ETP,0.6,2026-09-10T09:30:00
W-1176,ETP,1.2,2026-09-10T10:00:00
W-1176,ETP,0.9,2026-09-10T10:30:00
W-1176,ETP,0.6,2026-09-10T11:00:00
W-1176,ETP,0.5,2026-09-10T11:30:00
W-1176,ETP,1.1,2026-09-10T12:00:00
W-1176,ETP,0.8,2026-09-10T12:30:00
W-1176,ETP,0.7,2026-09-10T13:00:00
W-1176,ETP,0.7,2026-09-10T13:30:00
W-1176,ETP,1.0,2026-09-10T14:00:00
W-1176,ETP,3.3,2026-09-10T14:30:00
W-1176,ETP,3.9,2026-09-10T15:00:00
W-1176,ETP,1.9,2026-09-10T15:30:00
W-1179,TF,0.5,2026-09-10T16:00:00
W-1179,TF,0.7,2026-09-10T16:30:00
W-1179,TF,0.4,2026-09-10T17:00:00
W-1179,TF,0.7,2026-09-10T17:30:00
W-1179,TF,0.3,2026-09-10T18:00:00
W-1179,TF,0.4,2026-09-10T18:30:00
W-1179,TF,0.5,2026-09-10T19:00:00
W-1179,TF,0.3,2026-09-10T19:30:00
W-1179,TF,0.3,2026-09-10T20:00:00
W-1179,TF,0.4,2026-09-10T20:30:00
W-1179,TF,0.3,2026-09-10T21:00:00
W-1179,TF,0.5,2026-09-10T21:30:00
W-1179,TF,0.6,2026-09-10T22:00:00
W-1179,TF,0.5,2026-09-10T22:30:00
W-1179,TF,0.7,2026-09-10T23:00:00
W-1179,TF,0.7,2026-09-10T23:30:00
W-1182,SRU,4.6,2026-09-10T00:00:00
W-1182,SRU,6.0,2026-09-10T00:30:00
W-1182,SRU,3.8,2026-09-10T01:00:00
W-1182,SRU,5.4,2026-09-10T01:30:00
W-1182,SRU,5.4,2026-09-10T02:00:00
W-1182,SRU,16.2,2026-09-10T02:30:00
W-1182,SRU,12.1,2026-09-10T03:00:00
W-1182,SRU,4.0,2026-09-10T03:30:00
W-1182,SRU,5.0,2026-09-10T04:00:00
W-1182,SRU,4.6,2026-09-10T04:30:00
W-1182,SRU,4.1,2026-09-10T05:00:00
W-1182,SRU,3.8,2026-09-10T05:30:00
W-1182,SRU,12.2,2026-09-10T06:00:00
W-1182,SRU,10.0,2026-09-10T06:30:00
W-1182,SRU,5.1,2026-09-10T07:00:00
W-1182,SRU,3.6,2026-09-10T07:30:00
W-1188,SWS,2.8,2026-09-10T16:00:00
W-1188,SWS,3.8,2026-09-10T16:30:00
W-1188,SWS,2.3,2026-09-10T17:00:00
W-1188,SWS,3.6,2026-09-10T17:30:00
W-1188,SWS,4.9,2026-09-10T18:00:00
W-1188,SWS,5.1,2026-09-10T18:30:00
W-1188,SWS,4.2,2026-09-10T19:00:00
W-1188,SWS,5.5,2026-09-10T19:30:00
W-1188,SWS,3.5,2026-09-10T20:00:00
W-1188,SWS,4.4,2026-09-10T20:30:00
W-1188,SWS,7.7,2026-09-10T21:00:00
W-1188,SWS,2.4,2026-09-10T21:30:00
W-1188,SWS,2.2,2026-09-10T22:00:00
W-1188,SWS,4.8,2026-09-10T22:30:00
W-1188,SWS,5.4,2026-09-10T23:00:00
W-1188,SWS,3.0,2026-09-10T23:30:00
W-1191,DCU,2.3,2026-09-10T00:00:00
W-1191,DCU,3.3,2026-09-10T00:30:00
W-1191,DCU,3.1,2026-09-10T01:00:00
W-1191,DCU,2.2,2026-09-10T01:30:00
W-1191,DCU,1.7,2026-09-10T02:00:00
W-1191,DCU,2.0,2026-09-10T02:30:00
W-1191,DCU,2.4,2026-09-10T03:00:00
W-1191,DCU,2.2,2026-09-10T03:30:00
W-1191,DCU,2.8,2026-09-10T04:00:00
W-1191,DCU,2.7,2026-09-10T04:30:00
W-1191,DCU,1.4,2026-09-10T05:00:00
W-1191,DCU,1.9,2026-09-10T05:30:00
W-1191,DCU,2.8,2026-09-10T06:00:00
W-1191,DCU,2.7,2026-09-10T06:30:00
W-1191,DCU,2.0,2026-09-10T07:00:00
W-1191,DCU,8.9,2026-09-10T07:30:00
W-1194,HCU,2.5,2026-09-10T08:00:00
W-1194,HCU,1.9,2026-09-10T08:30:00
W-1194,HCU,2.1,2026-09-10T09:00:00
W-1194,HCU,1.0,2026-09-10T09:30:00
W-1194,HCU,2.3,2026-09-10T10:00:00
W-1194,HCU,1.6,2026-09-10T10:30:00
W-1194,HCU,1.7,2026-09-10T11:00:00
W-1194,HCU,1.4,2026-09-10T11:30:00
W-1194,HCU,1.4,2026-09-10T12:00:00
W-1194,HCU,1.4,2026-09-10T12:30:00
W-1194,HCU,2.1,2026-09-10T13:00:00
W-1194,HCU,3.7,2026-09-10T13:30:00
W-1194,HCU,3.0,2026-09-10T14:00:00
W-1194,HCU,1.9,2026-09-10T14:30:00
W-1194,HCU,2.2,2026-09-10T15:00:00
W-1194,HCU,6.6,2026-09-10T15:30:00
W-1197,DHDT,2.1,2026-09-10T16:00:00
W-1197,DHDT,1.0,2026-09-10T16:30:00
W-1197,DHDT,1.0,2026-09-10T17:00:00
W-1197,DHDT,1.4,2026-09-10T17:30:00
W-1197,DHDT,1.9,2026-09-10T18:00:00
W-1197,DHDT,2.0,2026-09-10T18:30:00
W-1197,DHDT,0.8,2026-09-10T19:00:00
W-1197,DHDT,1.1,2026-09-10T19:30:00
W-1197,DHDT,1.3,2026-09-10T20:00:00
W-1197,DHDT,1.7,2026-09-10T20:30:00
W-1197,DHDT,1.1,2026-09-10T21:00:00
W-1197,DHDT,1.8,2026-09-10T21:30:00
W-1197,DHDT,1.5,2026-09-10T22:00:00
W-1197,DHDT,1.8,2026-09-10T22:30:00
W-1197,DHDT,2.1,2026-09-10T23:00:00
W-1197,DHDT,2.1,2026-09-10T23:30:00
W-1200,CDU-III,0.7,2026-09-10T00:00:00
W-1200,CDU-III,1.2,2026-09-10T00:30:00
W-1200,CDU-III,1.1,2026-09-10T01:00:00
W-1200,CDU-III,1.3,2026-09-10T01:30:00
W-1200,CDU-III,0.7,2026-09-10T02:00:00
W-1200,CDU-III,1.2,2026-09-10T02:30:00
W-1200,CDU-III,1.0,2026-09-10T03:00:00
W-1200,CDU-III,0.7,2026-09-10T03:30:00
W-1200,CDU-III,1.3,2026-09-10T04:00:00
W-1200,CDU-III,1.3,2026-09-10T04:30:00
W-1200,CDU-III,0.9,2026-09-10T05:00:00
W-1200,CDU-III,1.5,2026-09-10T05:30:00
W-1200,CDU-III,1.0,2026-09-10T06:00:00
W-1200,CDU-III,0.7,2026-09-10T06:30:00
W-1200,CDU-III,1.3,2026-09-10T07:00:00
W-1200,CDU-III,0.7,2026-09-10T07:30:00
W-1203,ETP,1.2,2026-09-10T08:00:00
W-1203,ETP,1.2,2026-09-10T08:30:00
W-1203,ETP,0.5,2026-09-10T09:00:00
W-1203,ETP,0.7,2026-09-10T09:30:00
W-1203,ETP,1.3,2026-09-10T10:00:00
W-1203,ETP,0.5,2026-09-10T10:30:00
W-1203,ETP,0.8,2026-09-10T11:00:00
W-1203,ETP,1.2,2026-09-10T11:30:00
W-1203,ETP,1.0,2026-09-10T12:00:00
W-1203,ETP,0.8,2026-09-10T12:30:00
W-1203,ETP,0.7,2026-09-10T13:00:00
W-1203,ETP,0.5,2026-09-10T13:30:00
W-1203,ETP,1.3,2026-09-10T14:00:00
W-1203,ETP,3.9,2026-09-10T14:30:00
W-1203,ETP,2.9,2026-09-10T15:00:00
W-1203,ETP,0.7,2026-09-10T15:30:00
W-1206,TF,0.5,2026-09-10T16:00:00
W-1206,TF,0.5,2026-09-10T16:30:00
W-1206,TF,0.6,2026-09-10T17:00:00
W-1206,TF,0.4,2026-09-10T17:30:00
W-1206,TF,0.3,2026-09-10T18:00:00
W-1206,TF,0.3,2026-09-10T18:30:00
W-1206,TF,0.5,2026-09-10T19:00:00
W-1206,TF,0.6,2026-09-10T19:30:00
W-1206,TF,0.5,2026-09-10T20:00:00
W-1206,TF,0.4,2026-09-10T20:30:00
W-1206,TF,0.4,2026-09-10T21:00:00
W-1206,TF,0.6,2026-09-10T21:30:00
W-1206,TF,0.4,2026-09-10T22:00:00
W-1206,TF,0.3,2026-09-10T22:30:00
W-1206,TF,0.5,2026-09-10T23:00:00
W-1206,TF,0.4,2026-09-10T23:30:00
W-1209,SRU,3.4,2026-09-10T00:00:00
W-1209,SRU,3.0,2026-09-10T00:30:00
W-1209,SRU,11.8,2026-09-10T01:00:00
W-1209,SRU,11.8,2026-09-10T01:30:00
W-1209,SRU,19.8,2026-09-10T02:00:00
W-1209,SRU,4.2,2026-09-10T02:30:00
W-1209,SRU,5.8,2026-09-10T03:00:00
W-1209,SRU,3.1,2026-09-10T03:30:00
W-1209,SRU,2.8,2026-09-10T04:00:00
W-1209,SRU,3.7,2026-09-10T04:30:00
W-1209,SRU,4.3,2026-09-10T05:00:00
W-1209,SRU,4.5,2026-09-10T05:30:00
W-1209,SRU,5.5,2026-09-10T06:00:00
W-1209,SRU,5.0,2026-09-10T06:30:00
W-1209,SRU,2.9,2026-09-10T07:00:00
W-1209,SRU,3.8,2026-09-10T07:30:00
W-1212,ARU,3.0,2026-09-10T08:00:00
W-1212,ARU,3.1,2026-09-10T08:30:00
W-1212,ARU,3.8,2026-09-10T09:00:00
W-1212,ARU,3.6,2026-09-10T09:30:00
W-1212,ARU,2.5,2026-09-10T10:00:00
W-1212,ARU,2.6,2026-09-10T10:30:00
W-1212,ARU,3.1,2026-09-10T11:00:00
W-1212,ARU,3.1,2026-09-10T11:30:00
W-1212,ARU,7.7,2026-09-10T12:00:00
W-1212,ARU,11.2,2026-09-10T12:30:00
W-1212,ARU,3.4,2026-09-10T13:00:00
W-1212,ARU,4.1,2026-09-10T13:30:00
W-1212,ARU,5.2,2026-09-10T14:00:00
W-1212,ARU,3.0,2026-09-10T14:30:00
W-1212,ARU,4.9,2026-09-10T15:00:00
W-1212,ARU,3.4,2026-09-10T15:30:00
W-1215,SWS,4.7,2026-09-10T16:00:00
W-1215,SWS,3.5,2026-09-10T16:30:00
W-1215,SWS,3.2,2026-09-10T17:00:00
W-1215,SWS,7.1,2026-09-10T17:30:00
W-1215,SWS,3.4,2026-09-10T18:00:00
W-1215,SWS,2.6,2026-09-10T18:30:00
W-1215,SWS,2.9,2026-09-10T19:00:00
W-1215,SWS,4.6,2026-09-10T19:30:00
W-1215,SWS,3.3,2026-09-10T20:00:00
W-1215,SWS,4.8,2026-09-10T20:30:00
W-1215,SWS,5.6,2026-09-10T21:00:00
W-1215,SWS,2.9,2026-09-10T21:30:00
W-1215,SWS,4.5,2026-09-10T22:00:00
W-1215,SWS,4.1,2026-09-10T22:30:00
W-1215,SWS,2.5,2026-09-10T23:00:00
W-1215,SWS,3.3,2026-09-10T23:30:00
W-1218,DCU,2.5,2026-09-10T00:00:00
W-1218,DCU,2.7,2026-09-10T00:30:00
W-1218,DCU,3.1,2026-09-10T01:00:00
W-1218,DCU,2.3,2026-09-10T01:30:00
W-1218,DCU,2.3,2026-09-10T02:00:00
W-1218,DCU,1.9,2026-09-10T02:30:00
W-1218,DCU,2.5,2026-09-10T03:00:00
W-1218,DCU,2.5,2026-09-10T03:30:00
W-1218,DCU,1.9,2026-09-10T04:00:00
W-1218,DCU,1.4,2026-09-10T04:30:00
W-1218,DCU,2.3,2026-09-10T05:00:00
W-1218,DCU,1.5,2026-09-10T05:30:00
W-1218,DCU,1.4,2026-09-10T06:00:00
W-1218,DCU,3.4,2026-09-10T06:30:00
W-1218,DCU,1.4,2026-09-10T07:00:00
W-1218,DCU,2.5,2026-09-10T07:30:00
W-1221,HCU,1.0,2026-09-10T08:00:00
W-1221,HCU,1.7,2026-09-10T08:30:00
W-1221,HCU,1.3,2026-09-10T09:00:00
W-1221,HCU,1.8,2026-09-10T09:30:00
W-1221,HCU,1.2,2026-09-10T10:00:00
W-1221,HCU,1.3,2026-09-10T10:30:00
W-1221,HCU,1.2,2026-09-10T11:00:00
W-1221,HCU,1.9,2026-09-10T11:30:00
W-1221,HCU,2.0,2026-09-10T12:00:00
W-1221,HCU,2.3,2026-09-10T12:30:00
W-1221,HCU,1.4,2026-09-10T13:00:00
W-1221,HCU,1.7,2026-09-10T13:30:00
W-1221,HCU,1.2,2026-09-10T14:00:00
W-1221,HCU,1.5,2026-09-10T14:30:00
W-1221,HCU,2.8,2026-09-10T15:00:00
W-1221,HCU,6.2,2026-09-10T15:30:00
W-1224,DHDT,1.7,2026-09-10T16:00:00
W-1224,DHDT,1.4,2026-09-10T16:30:00
W-1224,DHDT,1.0,2026-09-10T17:00:00
W-1224,DHDT,2.0,2026-09-10T17:30:00
W-1224,DHDT,0.9,2026-09-10T18:00:00
W-1224,DHDT,2.1,2026-09-10T18:30:00
W-1224,DHDT,1.3,2026-09-10T19:00:00
W-1224,DHDT,0.9,2026-09-10T19:30:00
W-1224,DHDT,2.1,2026-09-10T20:00:00
W-1224,DHDT,1.8,2026-09-10T20:30:00
W-1224,DHDT,1.7,2026-09-10T21:00:00
W-1224,DHDT,3.9,2026-09-10T21:30:00
W-1224,DHDT,4.7,2026-09-10T22:00:00
W-1224,DHDT,1.0,2026-09-10T22:30:00
W-1224,DHDT,1.9,2026-09-10T23:00:00
W-1224,DHDT,1.6,2026-09-10T23:30:00
W-1233,TF,0.4,2026-09-10T16:00:00
W-1233,TF,0.7,2026-09-10T16:30:00
W-1233,TF,0.7,2026-09-10T17:00:00
W-1233,TF,0.5,2026-09-10T17:30:00
W-1233,TF,0.6,2026-09-10T18:00:00
W-1233,TF,0.4,2026-09-10T18:30:00
W-1233,TF,0.4,2026-09-10T19:00:00
W-1233,TF,0.4,2026-09-10T19:30:00
W-1233,TF,0.4,2026-09-10T20:00:00
W-1233,TF,0.6,2026-09-10T20:30:00
W-1233,TF,0.3,2026-09-10T21:00:00
W-1233,TF,0.7,2026-09-10T21:30:00
W-1233,TF,0.4,2026-09-10T22:00:00
W-1233,TF,0.7,2026-09-10T22:30:00
W-1233,TF,1.1,2026-09-10T23:00:00
W-1233,TF,0.7,2026-09-10T23:30:00
W-1101,SRU,7.3,2026-09-11T00:00:00
W-1101,SRU,4.0,2026-09-11T00:30:00
W-1101,SRU,5.0,2026-09-11T01:00:00
W-1101,SRU,4.7,2026-09-11T01:30:00
W-1101,SRU,5.2,2026-09-11T02:00:00
W-1101,SRU,3.5,2026-09-11T02:30:00
W-1101,SRU,6.0,2026-09-11T03:00:00
W-1101,SRU,3.2,2026-09-11T03:30:00
W-1101,SRU,6.8,2026-09-11T04:00:00
W-1101,SRU,6.5,2026-09-11T04:30:00
W-1101,SRU,7.6,2026-09-11T05:00:00
W-1101,SRU,7.2,2026-09-11T05:30:00
W-1101,SRU,6.8,2026-09-11T06:00:00
W-1101,SRU,3.1,2026-09-11T06:30:00
W-1101,SRU,6.1,2026-09-11T07:00:00
W-1101,SRU,3.5,2026-09-11T07:30:00
W-1104,ARU,5.1,2026-09-11T08:00:00
W-1104,ARU,3.0,2026-09-11T08:30:00
W-1104,ARU,4.9,2026-09-11T09:00:00
W-1104,ARU,3.3,2026-09-11T09:30:00
W-1104,ARU,2.9,2026-09-11T10:00:00
W-1104,ARU,19.6,2026-09-11T10:30:00
W-1104,ARU,9.1,2026-09-11T11:00:00
W-1104,ARU,5.2,2026-09-11T11:30:00
W-1104,ARU,5.6,2026-09-11T12:00:00
W-1104,ARU,5.9,2026-09-11T12:30:00
W-1104,ARU,3.9,2026-09-11T13:00:00
W-1104,ARU,4.8,2026-09-11T13:30:00
W-1104,ARU,5.8,2026-09-11T14:00:00
W-1104,ARU,3.5,2026-09-11T14:30:00
W-1104,ARU,3.3,2026-09-11T15:00:00
W-1104,ARU,6.1,2026-09-11T15:30:00
W-1107,SWS,5.9,2026-09-11T16:00:00
W-1107,SWS,18.6,2026-09-11T16:30:00
W-1107,SWS,18.6,2026-09-11T17:00:00
W-1107,SWS,16.2,2026-09-11T17:30:00
W-1107,SWS,3.9,2026-09-11T18:00:00
W-1107,SWS,6.1,2026-09-11T18:30:00
W-1107,SWS,2.9,2026-09-11T19:00:00
W-1107,SWS,5.7,2026-09-11T19:30:00
W-1107,SWS,6.8,2026-09-11T20:00:00
W-1107,SWS,3.7,2026-09-11T20:30:00
W-1107,SWS,11.3,2026-09-11T21:00:00
W-1107,SWS,21.9,2026-09-11T21:30:00
W-1107,SWS,15.6,2026-09-11T22:00:00
W-1107,SWS,3.7,2026-09-11T22:30:00
W-1107,SWS,6.6,2026-09-11T23:00:00
W-1107,SWS,3.5,2026-09-11T23:30:00
W-1113,HCU,1.8,2026-09-11T08:00:00
W-1113,HCU,1.6,2026-09-11T08:30:00
W-1113,HCU,2.1,2026-09-11T09:00:00
W-1113,HCU,1.3,2026-09-11T09:30:00
W-1113,HCU,1.9,2026-09-11T10:00:00
W-1113,HCU,2.4,2026-09-11T10:30:00
W-1113,HCU,2.9,2026-09-11T11:00:00
W-1113,HCU,3.3,2026-09-11T11:30:00
W-1113,HCU,1.7,2026-09-11T12:00:00
W-1113,HCU,2.1,2026-09-11T12:30:00
W-1113,HCU,2.3,2026-09-11T13:00:00
W-1113,HCU,2.3,2026-09-11T13:30:00
W-1113,HCU,2.3,2026-09-11T14:00:00
W-1113,HCU,2.0,2026-09-11T14:30:00
W-1113,HCU,1.2,2026-09-11T15:00:00
W-1113,HCU,2.4,2026-09-11T15:30:00
W-1116,DHDT,2.0,2026-09-11T16:00:00
W-1116,DHDT,2.1,2026-09-11T16:30:00
W-1116,DHDT,2.5,2026-09-11T17:00:00
W-1116,DHDT,2.0,2026-09-11T17:30:00
W-1116,DHDT,1.8,2026-09-11T18:00:00
W-1116,DHDT,1.0,2026-09-11T18:30:00
W-1116,DHDT,1.7,2026-09-11T19:00:00
W-1116,DHDT,2.2,2026-09-11T19:30:00
W-1116,DHDT,1.9,2026-09-11T20:00:00
W-1116,DHDT,2.1,2026-09-11T20:30:00
W-1116,DHDT,2.0,2026-09-11T21:00:00
W-1116,DHDT,1.2,2026-09-11T21:30:00
W-1116,DHDT,1.9,2026-09-11T22:00:00
W-1116,DHDT,1.8,2026-09-11T22:30:00
W-1116,DHDT,2.3,2026-09-11T23:00:00
W-1116,DHDT,2.6,2026-09-11T23:30:00
W-1122,ETP,0.8,2026-09-11T08:00:00
W-1122,ETP,0.7,2026-09-11T08:30:00
W-1122,ETP,0.9,2026-09-11T09:00:00
W-1122,ETP,0.8,2026-09-11T09:30:00
W-1122,ETP,0.6,2026-09-11T10:00:00
W-1122,ETP,1.0,2026-09-11T10:30:00
W-1122,ETP,0.9,2026-09-11T11:00:00
W-1122,ETP,1.2,2026-09-11T11:30:00
W-1122,ETP,1.4,2026-09-11T12:00:00
W-1122,ETP,0.9,2026-09-11T12:30:00
W-1122,ETP,1.6,2026-09-11T13:00:00
W-1122,ETP,1.0,2026-09-11T13:30:00
W-1122,ETP,1.2,2026-09-11T14:00:00
W-1122,ETP,0.7,2026-09-11T14:30:00
W-1122,ETP,0.7,2026-09-11T15:00:00
W-1122,ETP,3.9,2026-09-11T15:30:00
W-1128,SRU,4.8,2026-09-11T00:00:00
W-1128,SRU,3.1,2026-09-11T00:30:00
W-1128,SRU,4.1,2026-09-11T01:00:00
W-1128,SRU,4.0,2026-09-11T01:30:00
W-1128,SRU,5.0,2026-09-11T02:00:00
W-1128,SRU,4.0,2026-09-11T02:30:00
W-1128,SRU,20.8,2026-09-11T03:00:00
W-1128,SRU,3.0,2026-09-11T03:30:00
W-1128,SRU,3.1,2026-09-11T04:00:00
W-1128,SRU,3.1,2026-09-11T04:30:00
W-1128,SRU,3.1,2026-09-11T05:00:00
W-1128,SRU,12.9,2026-09-11T05:30:00
W-1128,SRU,7.1,2026-09-11T06:00:00
W-1128,SRU,6.4,2026-09-11T06:30:00
W-1128,SRU,22.5,2026-09-11T07:00:00
W-1128,SRU,18.2,2026-09-11T07:30:00
W-1131,ARU,6.4,2026-09-11T08:00:00
W-1131,ARU,4.9,2026-09-11T08:30:00
W-1131,ARU,3.6,2026-09-11T09:00:00
W-1131,ARU,4.2,2026-09-11T09:30:00
W-1131,ARU,5.7,2026-09-11T10:00:00
W-1131,ARU,2.7,2026-09-11T10:30:00
W-1131,ARU,5.9,2026-09-11T11:00:00
W-1131,ARU,5.0,2026-09-11T11:30:00
W-1131,ARU,6.5,2026-09-11T12:00:00
W-1131,ARU,4.8,2026-09-11T12:30:00
W-1131,ARU,4.5,2026-09-11T13:00:00
W-1131,ARU,4.8,2026-09-11T13:30:00
W-1131,ARU,3.9,2026-09-11T14:00:00
W-1131,ARU,2.7,2026-09-11T14:30:00
W-1131,ARU,4.9,2026-09-11T15:00:00
W-1131,ARU,5.4,2026-09-11T15:30:00
W-1134,SWS,4.5,2026-09-11T16:00:00
W-1134,SWS,5.5,2026-09-11T16:30:00
W-1134,SWS,4.1,2026-09-11T17:00:00
W-1134,SWS,5.2,2026-09-11T17:30:00
W-1134,SWS,5.9,2026-09-11T18:00:00
W-1134,SWS,4.9,2026-09-11T18:30:00
W-1134,SWS,4.6,2026-09-11T19:00:00
W-1134,SWS,5.2,2026-09-11T19:30:00
W-1134,SWS,5.4,2026-09-11T20:00:00
W-1134,SWS,4.9,2026-09-11T20:30:00
W-1134,SWS,4.6,2026-09-11T21:00:00
W-1134,SWS,14.9,2026-09-11T21:30:00
W-1134,SWS,6.0,2026-09-11T22:00:00
W-1134,SWS,7.1,2026-09-11T22:30:00
W-1134,SWS,5.6,2026-09-11T23:00:00
W-1134,SWS,5.8,2026-09-11T23:30:00
W-1137,DCU,2.6,2026-09-11T00:00:00
W-1137,DCU,3.8,2026-09-11T00:30:00
W-1137,DCU,2.8,2026-09-11T01:00:00
W-1137,DCU,3.2,2026-09-11T01:30:00
W-1137,DCU,4.3,2026-09-11T02:00:00
W-1137,DCU,3.0,2026-09-11T02:30:00
W-1137,DCU,2.9,2026-09-11T03:00:00
W-1137,DCU,2.0,2026-09-11T03:30:00
W-1137,DCU,2.6,2026-09-11T04:00:00
W-1137,DCU,2.4,2026-09-11T04:30:00
W-1137,DCU,4.2,2026-09-11T05:00:00
W-1137,DCU,3.4,2026-09-11T05:30:00
W-1137,DCU,2.2,2026-09-11T06:00:00
W-1137,DCU,2.3,2026-09-11T06:30:00
W-1137,DCU,1.8,2026-09-11T07:00:00
W-1137,DCU,3.4,2026-09-11T07:30:00
W-1140,HCU,4.2,2026-09-11T08:00:00
W-1140,HCU,7.8,2026-09-11T08:30:00
W-1140,HCU,2.6,2026-09-11T09:00:00
W-1140,HCU,1.9,2026-09-11T09:30:00
W-1140,HCU,3.2,2026-09-11T10:00:00
W-1140,HCU,5.4,2026-09-11T10:30:00
W-1140,HCU,3.2,2026-09-11T11:00:00
W-1140,HCU,1.3,2026-09-11T11:30:00
W-1140,HCU,2.5,2026-09-11T12:00:00
W-1140,HCU,2.2,2026-09-11T12:30:00
W-1140,HCU,2.9,2026-09-11T13:00:00
W-1140,HCU,1.9,2026-09-11T13:30:00
W-1140,HCU,2.2,2026-09-11T14:00:00
W-1140,HCU,2.0,2026-09-11T14:30:00
W-1140,HCU,1.9,2026-09-11T15:00:00
W-1140,HCU,2.3,2026-09-11T15:30:00
W-1143,DHDT,2.3,2026-09-11T16:00:00
W-1143,DHDT,1.8,2026-09-11T16:30:00
W-1143,DHDT,1.5,2026-09-11T17:00:00
W-1143,DHDT,2.5,2026-09-11T17:30:00
W-1143,DHDT,2.0,2026-09-11T18:00:00
W-1143,DHDT,2.7,2026-09-11T18:30:00
W-1143,DHDT,1.8,2026-09-11T19:00:00
W-1143,DHDT,2.2,2026-09-11T19:30:00
W-1143,DHDT,2.6,2026-09-11T20:00:00
W-1143,DHDT,2.3,2026-09-11T20:30:00
W-1143,DHDT,2.7,2026-09-11T21:00:00
W-1143,DHDT,2.1,2026-09-11T21:30:00
W-1143,DHDT,2.3,2026-09-11T22:00:00
W-1143,DHDT,1.2,2026-09-11T22:30:00
W-1143,DHDT,1.5,2026-09-11T23:00:00
W-1143,DHDT,1.8,2026-09-11T23:30:00
W-1146,CDU-III,1.7,2026-09-11T00:00:00
W-1146,CDU-III,1.3,2026-09-11T00:30:00
W-1146,CDU-III,1.7,2026-09-11T01:00:00
W-1146,CDU-III,1.8,2026-09-11T01:30:00
W-1146,CDU-III,1.3,2026-09-11T02:00:00
W-1146,CDU-III,1.4,2026-09-11T02:30:00
W-1146,CDU-III,2.0,2026-09-11T03:00:00
W-1146,CDU-III,2.2,2026-09-11T03:30:00
W-1146,CDU-III,1.2,2026-09-11T04:00:00
W-1146,CDU-III,1.1,2026-09-11T04:30:00
W-1146,CDU-III,1.6,2026-09-11T05:00:00
W-1146,CDU-III,5.1,2026-09-11T05:30:00
W-1146,CDU-III,2.0,2026-09-11T06:00:00
W-1146,CDU-III,1.5,2026-09-11T06:30:00
W-1146,CDU-III,2.1,2026-09-11T07:00:00
W-1146,CDU-III,1.5,2026-09-11T07:30:00
W-1158,ARU,4.3,2026-09-11T08:00:00
W-1158,ARU,2.6,2026-09-11T08:30:00
W-1158,ARU,5.2,2026-09-11T09:00:00
W-1158,ARU,3.9,2026-09-11T09:30:00
W-1158,ARU,4.0,2026-09-11T10:00:00
W-1158,ARU,6.0,2026-09-11T10:30:00
W-1158,ARU,6.1,2026-09-11T11:00:00
W-1158,ARU,4.2,2026-09-11T11:30:00
W-1158,ARU,4.5,2026-09-11T12:00:00
W-1158,ARU,2.7,2026-09-11T12:30:00
W-1158,ARU,3.2,2026-09-11T13:00:00
W-1158,ARU,6.2,2026-09-11T13:30:00
W-1158,ARU,10.6,2026-09-11T14:00:00
W-1158,ARU,14.7,2026-09-11T14:30:00
W-1158,ARU,8.6,2026-09-11T15:00:00
W-1158,ARU,3.7,2026-09-11T15:30:00
W-1164,DCU,4.2,2026-09-11T00:00:00
W-1164,DCU,3.9,2026-09-11T00:30:00
W-1164,DCU,2.9,2026-09-11T01:00:00
W-1164,DCU,3.9,2026-09-11T01:30:00
W-1164,DCU,2.9,2026-09-11T02:00:00
W-1164,DCU,2.3,2026-09-11T02:30:00
W-1164,DCU,2.4,2026-09-11T03:00:00
W-1164,DCU,2.4,2026-09-11T03:30:00
W-1164,DCU,2.4,2026-09-11T04:00:00
W-1164,DCU,2.4,2026-09-11T04:30:00
W-1164,DCU,3.4,2026-09-11T05:00:00
W-1164,DCU,2.5,2026-09-11T05:30:00
W-1164,DCU,4.1,2026-09-11T06:00:00
W-1164,DCU,2.2,2026-09-11T06:30:00
W-1164,DCU,3.6,2026-09-11T07:00:00
W-1164,DCU,3.7,2026-09-11T07:30:00
W-1167,HCU,2.0,2026-09-11T08:00:00
W-1167,HCU,1.9,2026-09-11T08:30:00
W-1167,HCU,2.2,2026-09-11T09:00:00
W-1167,HCU,1.9,2026-09-11T09:30:00
W-1167,HCU,1.5,2026-09-11T10:00:00
W-1167,HCU,1.8,2026-09-11T10:30:00
W-1167,HCU,3.0,2026-09-11T11:00:00
W-1167,HCU,2.0,2026-09-11T11:30:00
W-1167,HCU,1.4,2026-09-11T12:00:00
W-1167,HCU,1.3,2026-09-11T12:30:00
W-1167,HCU,2.7,2026-09-11T13:00:00
W-1167,HCU,1.8,2026-09-11T13:30:00
W-1167,HCU,2.2,2026-09-11T14:00:00
W-1167,HCU,1.8,2026-09-11T14:30:00
W-1167,HCU,1.7,2026-09-11T15:00:00
W-1167,HCU,1.7,2026-09-11T15:30:00
W-1173,CDU-III,0.9,2026-09-11T00:00:00
W-1173,CDU-III,1.3,2026-09-11T00:30:00
W-1173,CDU-III,1.5,2026-09-11T01:00:00
W-1173,CDU-III,1.6,2026-09-11T01:30:00
W-1173,CDU-III,1.4,2026-09-11T02:00:00
W-1173,CDU-III,2.0,2026-09-11T02:30:00
W-1173,CDU-III,1.9,2026-09-11T03:00:00
W-1173,CDU-III,1.8,2026-09-11T03:30:00
W-1173,CDU-III,5.8,2026-09-11T04:00:00
W-1173,CDU-III,1.6,2026-09-11T04:30:00
W-1173,CDU-III,1.1,2026-09-11T05:00:00
W-1173,CDU-III,1.0,2026-09-11T05:30:00
W-1173,CDU-III,2.1,2026-09-11T06:00:00
W-1173,CDU-III,1.1,2026-09-11T06:30:00
W-1173,CDU-III,2.2,2026-09-11T07:00:00
W-1173,CDU-III,1.3,2026-09-11T07:30:00
W-1176,ETP,1.0,2026-09-11T08:00:00
W-1176,ETP,1.6,2026-09-11T08:30:00
W-1176,ETP,0.9,2026-09-11T09:00:00
W-1176,ETP,0.7,2026-09-11T09:30:00
W-1176,ETP,4.1,2026-09-11T10:00:00
W-1176,ETP,2.5,2026-09-11T10:30:00
W-1176,ETP,2.6,2026-09-11T11:00:00
W-1176,ETP,1.3,2026-09-11T11:30:00
W-1176,ETP,1.0,2026-09-11T12:00:00
W-1176,ETP,1.5,2026-09-11T12:30:00
W-1176,ETP,0.7,2026-09-11T13:00:00
W-1176,ETP,1.2,2026-09-11T13:30:00
W-1176,ETP,1.5,2026-09-11T14:00:00
W-1176,ETP,0.9,2026-09-11T14:30:00
W-1176,ETP,1.5,2026-09-11T15:00:00
W-1176,ETP,1.6,2026-09-11T15:30:00
W-1179,TF,0.4,2026-09-11T16:00:00
W-1179,TF,0.7,2026-09-11T16:30:00
W-1179,TF,0.5,2026-09-11T17:00:00
W-1179,TF,0.8,2026-09-11T17:30:00
W-1179,TF,0.9,2026-09-11T18:00:00
W-1179,TF,1.4,2026-09-11T18:30:00
W-1179,TF,2.1,2026-09-11T19:00:00
W-1179,TF,1.0,2026-09-11T19:30:00
W-1179,TF,0.8,2026-09-11T20:00:00
W-1179,TF,0.6,2026-09-11T20:30:00
W-1179,TF,0.7,2026-09-11T21:00:00
W-1179,TF,0.4,2026-09-11T21:30:00
W-1179,TF,0.7,2026-09-11T22:00:00
W-1179,TF,0.7,2026-09-11T22:30:00
W-1179,TF,0.9,2026-09-11T23:00:00
W-1179,TF,0.8,2026-09-11T23:30:00
W-1182,SRU,7.3,2026-09-11T00:00:00
W-1182,SRU,7.2,2026-09-11T00:30:00
W-1182,SRU,7.6,2026-09-11T01:00:00
W-1182,SRU,25.9,2026-09-11T01:30:00
W-1182,SRU,10.9,2026-09-11T02:00:00
W-1182,SRU,4.7,2026-09-11T02:30:00
W-1182,SRU,3.1,2026-09-11T03:00:00
W-1182,SRU,6.6,2026-09-11T03:30:00
W-1182,SRU,4.6,2026-09-11T04:00:00
W-1182,SRU,6.5,2026-09-11T04:30:00
W-1182,SRU,6.8,2026-09-11T05:00:00
W-1182,SRU,2.9,2026-09-11T05:30:00
W-1182,SRU,5.0,2026-09-11T06:00:00
W-1182,SRU,4.1,2026-09-11T06:30:00
W-1182,SRU,6.4,2026-09-11T07:00:00
W-1182,SRU,3.1,2026-09-11T07:30:00
W-1185,ARU,5.9,2026-09-11T08:00:00
W-1185,ARU,2.7,2026-09-11T08:30:00
W-1185,ARU,6.1,2026-09-11T09:00:00
W-1185,ARU,5.1,2026-09-11T09:30:00
W-1185,ARU,5.8,2026-09-11T10:00:00
W-1185,ARU,2.9,2026-09-11T10:30:00
W-1185,ARU,5.2,2026-09-11T11:00:00
W-1185,ARU,3.1,2026-09-11T11:30:00
W-1185,ARU,5.2,2026-09-11T12:00:00
W-1185,ARU,3.1,2026-09-11T12:30:00
W-1185,ARU,5.3,2026-09-11T13:00:00
W-1185,ARU,2.9,2026-09-11T13:30:00
W-1185,ARU,6.0,2026-09-11T14:00:00
W-1185,ARU,19.0,2026-09-11T14:30:00
W-1185,ARU,13.8,2026-09-11T15:00:00
W-1185,ARU,3.9,2026-09-11T15:30:00
W-1188,SWS,6.2,2026-09-11T16:00:00
W-1188,SWS,5.0,2026-09-11T16:30:00
W-1188,SWS,5.5,2026-09-11T17:00:00
W-1188,SWS,5.8,2026-09-11T17:30:00
W-1188,SWS,5.3,2026-09-11T18:00:00
W-1188,SWS,6.0,2026-09-11T18:30:00
W-1188,SWS,6.8,2026-09-11T19:00:00
W-1188,SWS,5.3,2026-09-11T19:30:00
W-1188,SWS,4.8,2026-09-11T20:00:00
W-1188,SWS,5.0,2026-09-11T20:30:00
W-1188,SWS,3.2,2026-09-11T21:00:00
W-1188,SWS,6.0,2026-09-11T21:30:00
W-1188,SWS,4.8,2026-09-11T22:00:00
W-1188,SWS,12.7,2026-09-11T22:30:00
W-1188,SWS,9.6,2026-09-11T23:00:00
W-1188,SWS,4.6,2026-09-11T23:30:00
W-1194,HCU,3.2,2026-09-11T08:00:00
W-1194,HCU,2.9,2026-09-11T08:30:00
W-1194,HCU,1.4,2026-09-11T09:00:00
W-1194,HCU,2.5,2026-09-11T09:30:00
W-1194,HCU,1.6,2026-09-11T10:00:00
W-1194,HCU,2.6,2026-09-11T10:30:00
W-1194,HCU,1.5,2026-09-11T11:00:00
W-1194,HCU,3.1,2026-09-11T11:30:00
W-1194,HCU,2.5,2026-09-11T12:00:00
W-1194,HCU,2.5,2026-09-11T12:30:00
W-1194,HCU,2.4,2026-09-11T13:00:00
W-1194,HCU,2.7,2026-09-11T13:30:00
W-1194,HCU,2.3,2026-09-11T14:00:00
W-1194,HCU,2.2,2026-09-11T14:30:00
W-1194,HCU,1.6,2026-09-11T15:00:00
W-1194,HCU,2.0,2026-09-11T15:30:00
W-1197,DHDT,1.4,2026-09-11T16:00:00
W-1197,DHDT,2.4,2026-09-11T16:30:00
W-1197,DHDT,2.0,2026-09-11T17:00:00
W-1197,DHDT,2.1,2026-09-11T17:30:00
W-1197,DHDT,1.5,2026-09-11T18:00:00
W-1197,DHDT,1.0,2026-09-11T18:30:00
W-1197,DHDT,1.2,2026-09-11T19:00:00
W-1197,DHDT,2.4,2026-09-11T19:30:00
W-1197,DHDT,1.7,2026-09-11T20:00:00
W-1197,DHDT,1.5,2026-09-11T20:30:00
W-1197,DHDT,1.1,2026-09-11T21:00:00
W-1197,DHDT,2.8,2026-09-11T21:30:00
W-1197,DHDT,2.2,2026-09-11T22:00:00
W-1197,DHDT,2.5,2026-09-11T22:30:00
W-1197,DHDT,2.1,2026-09-11T23:00:00
W-1197,DHDT,2.1,2026-09-11T23:30:00
W-1200,CDU-III,1.0,2026-09-11T00:00:00
W-1200,CDU-III,2.1,2026-09-11T00:30:00
W-1200,CDU-III,4.2,2026-09-11T01:00:00
W-1200,CDU-III,3.8,2026-09-11T01:30:00
W-1200,CDU-III,1.2,2026-09-11T02:00:00
W-1200,CDU-III,1.8,2026-09-11T02:30:00
W-1200,CDU-III,2.0,2026-09-11T03:00:00
W-1200,CDU-III,1.0,2026-09-11T03:30:00
W-1200,CDU-III,2.1,2026-09-11T04:00:00
W-1200,CDU-III,1.1,2026-09-11T04:30:00
W-1200,CDU-III,1.7,2026-09-11T05:00:00
W-1200,CDU-III,1.5,2026-09-11T05:30:00
W-1200,CDU-III,1.8,2026-09-11T06:00:00
W-1200,CDU-III,0.9,2026-09-11T06:30:00
W-1200,CDU-III,1.7,2026-09-11T07:00:00
W-1200,CDU-III,1.0,2026-09-11T07:30:00
W-1203,ETP,1.4,2026-09-11T08:00:00
W-1203,ETP,1.1,2026-09-11T08:30:00
W-1203,ETP,0.9,2026-09-11T09:00:00
W-1203,ETP,1.1,2026-09-11T09:30:00
W-1203,ETP,1.3,2026-09-11T10:00:00
W-1203,ETP,1.7,2026-09-11T10:30:00
W-1203,ETP,1.1,2026-09-11T11:00:00
W-1203,ETP,1.2,2026-09-11T11:30:00
W-1203,ETP,1.6,2026-09-11T12:00:00
W-1203,ETP,1.3,2026-09-11T12:30:00
W-1203,ETP,1.5,2026-09-11T13:00:00
W-1203,ETP,1.2,2026-09-11T13:30:00
W-1203,ETP,1.0,2026-09-11T14:00:00
W-1203,ETP,1.6,2026-09-11T14:30:00
W-1203,ETP,1.4,2026-09-11T15:00:00
W-1203,ETP,1.3,2026-09-11T15:30:00
W-1206,TF,1.9,2026-09-11T16:00:00
W-1206,TF,0.8,2026-09-11T16:30:00
W-1206,TF,0.4,2026-09-11T17:00:00
W-1206,TF,0.8,2026-09-11T17:30:00
W-1206,TF,0.9,2026-09-11T18:00:00
W-1206,TF,0.9,2026-09-11T18:30:00
W-1206,TF,0.6,2026-09-11T19:00:00
W-1206,TF,0.4,2026-09-11T19:30:00
W-1206,TF,0.7,2026-09-11T20:00:00
W-1206,TF,0.8,2026-09-11T20:30:00
W-1206,TF,0.5,2026-09-11T21:00:00
W-1206,TF,0.4,2026-09-11T21:30:00
W-1206,TF,0.5,2026-09-11T22:00:00
W-1206,TF,0.4,2026-09-11T22:30:00
W-1206,TF,0.5,2026-09-11T23:00:00
W-1206,TF,0.5,2026-09-11T23:30:00
W-1209,SRU,4.4,2026-09-11T00:00:00
W-1209,SRU,4.0,2026-09-11T00:30:00
W-1209,SRU,7.3,2026-09-11T01:00:00
W-1209,SRU,4.5,2026-09-11T01:30:00
W-1209,SRU,7.7,2026-09-11T02:00:00
W-1209,SRU,7.5,2026-09-11T02:30:00
W-1209,SRU,6.1,2026-09-11T03:00:00
W-1209,SRU,7.6,2026-09-11T03:30:00
W-1209,SRU,6.0,2026-09-11T04:00:00
W-1209,SRU,6.7,2026-09-11T04:30:00
W-1209,SRU,4.3,2026-09-11T05:00:00
W-1209,SRU,5.2,2026-09-11T05:30:00
W-1209,SRU,4.0,2026-09-11T06:00:00
W-1209,SRU,6.1,2026-09-11T06:30:00
W-1209,SRU,4.2,2026-09-11T07:00:00
W-1209,SRU,5.4,2026-09-11T07:30:00
W-1212,ARU,4.6,2026-09-11T08:00:00
W-1212,ARU,6.4,2026-09-11T08:30:00
W-1212,ARU,4.3,2026-09-11T09:00:00
W-1212,ARU,6.3,2026-09-11T09:30:00
W-1212,ARU,5.6,2026-09-11T10:00:00
W-1212,ARU,7.7,2026-09-11T10:30:00
W-1212,ARU,12.5,2026-09-11T11:00:00
W-1212,ARU,2.7,2026-09-11T11:30:00
W-1212,ARU,5.4,2026-09-11T12:00:00
W-1212,ARU,4.9,2026-09-11T12:30:00
W-1212,ARU,13.7,2026-09-11T13:00:00
W-1212,ARU,4.5,2026-09-11T13:30:00
W-1212,ARU,3.1,2026-09-11T14:00:00
W-1212,ARU,4.9,2026-09-11T14:30:00
W-1212,ARU,3.6,2026-09-11T15:00:00
W-1212,ARU,6.3,2026-09-11T15:30:00
W-1215,SWS,11.4,2026-09-11T16:00:00
W-1215,SWS,14.4,2026-09-11T16:30:00
W-1215,SWS,14.6,2026-09-11T17:00:00
W-1215,SWS,5.1,2026-09-11T17:30:00
W-1215,SWS,7.0,2026-09-11T18:00:00
W-1215,SWS,4.4,2026-09-11T18:30:00
W-1215,SWS,5.0,2026-09-11T19:00:00
W-1215,SWS,4.6,2026-09-11T19:30:00
W-1215,SWS,2.9,2026-09-11T20:00:00
W-1215,SWS,5.2,2026-09-11T20:30:00
W-1215,SWS,11.0,2026-09-11T21:00:00
W-1215,SWS,9.1,2026-09-11T21:30:00
W-1215,SWS,13.7,2026-09-11T22:00:00
W-1215,SWS,3.1,2026-09-11T22:30:00
W-1215,SWS,2.7,2026-09-11T23:00:00
W-1215,SWS,2.9,2026-09-11T23:30:00
W-1218,DCU,2.3,2026-09-11T00:00:00
W-1218,DCU,2.2,2026-09-11T00:30:00
W-1218,DCU,2.7,2026-09-11T01:00:00
W-1218,DCU,2.6,2026-09-11T01:30:00
W-1218,DCU,3.5,2026-09-11T02:00:00
W-1218,DCU,4.0,2026-09-11T02:30:00
W-1218,DCU,2.0,2026-09-11T03:00:00
W-1218,DCU,2.5,2026-09-11T03:30:00
W-1218,DCU,4.4,2026-09-11T04:00:00
W-1218,DCU,3.4,2026-09-11T04:30:00
W-1218,DCU,3.4,2026-09-11T05:00:00
W-1218,DCU,2.0,2026-09-11T05:30:00
W-1218,DCU,3.0,2026-09-11T06:00:00
W-1218,DCU,1.8,2026-09-11T06:30:00
W-1218,DCU,3.0,2026-09-11T07:00:00
W-1218,DCU,1.8,2026-09-11T07:30:00
W-1221,HCU,3.3,2026-09-11T08:00:00
W-1221,HCU,2.0,2026-09-11T08:30:00
W-1221,HCU,1.6,2026-09-11T09:00:00
W-1221,HCU,1.6,2026-09-11T09:30:00
W-1221,HCU,3.0,2026-09-11T10:00:00
W-1221,HCU,1.6,2026-09-11T10:30:00
W-1221,HCU,3.2,2026-09-11T11:00:00
W-1221,HCU,1.6,2026-09-11T11:30:00
W-1221,HCU,1.7,2026-09-11T12:00:00
W-1221,HCU,3.0,2026-09-11T12:30:00
W-1221,HCU,3.3,2026-09-11T13:00:00
W-1221,HCU,2.6,2026-09-11T13:30:00
W-1221,HCU,2.9,2026-09-11T14:00:00
W-1221,HCU,2.0,2026-09-11T14:30:00
W-1221,HCU,1.6,2026-09-11T15:00:00
W-1221,HCU,1.3,2026-09-11T15:30:00
W-1224,DHDT,2.7,2026-09-11T16:00:00
W-1224,DHDT,2.3,2026-09-11T16:30:00
W-1224,DHDT,1.4,2026-09-11T17:00:00
W-1224,DHDT,2.4,2026-09-11T17:30:00
W-1224,DHDT,2.2,2026-09-11T18:00:00
W-1224,DHDT,1.1,2026-09-11T18:30:00
W-1224,DHDT,1.8,2026-09-11T19:00:00
W-1224,DHDT,2.8,2026-09-11T19:30:00
W-1224,DHDT,2.7,2026-09-11T20:00:00
W-1224,DHDT,2.0,2026-09-11T20:30:00
W-1224,DHDT,1.2,2026-09-11T21:00:00
W-1224,DHDT,2.5,2026-09-11T21:30:00
W-1224,DHDT,2.3,2026-09-11T22:00:00
W-1224,DHDT,1.6,2026-09-11T22:30:00
W-1224,DHDT,1.6,2026-09-11T23:00:00
W-1224,DHDT,2.4,2026-09-11T23:30:00
W-1227,CDU-III,2.1,2026-09-11T00:00:00
W-1227,CDU-III,1.4,2026-09-11T00:30:00
W-1227,CDU-III,2.0,2026-09-11T01:00:00
W-1227,CDU-III,4.5,2026-09-11T01:30:00
W-1227,CDU-III,4.9,2026-09-11T02:00:00
W-1227,CDU-III,5.0,2026-09-11T02:30:00
W-1227,CDU-III,3.4,2026-09-11T03:00:00
W-1227,CDU-III,1.1,2026-09-11T03:30:00
W-1227,CDU-III,1.5,2026-09-11T04:00:00
W-1227,CDU-III,1.0,2026-09-11T04:30:00
W-1227,CDU-III,0.9,2026-09-11T05:00:00
W-1227,CDU-III,1.7,2026-09-11T05:30:00
W-1227,CDU-III,1.3,2026-09-11T06:00:00
W-1227,CDU-III,0.8,2026-09-11T06:30:00
W-1227,CDU-III,1.7,2026-09-11T07:00:00
W-1227,CDU-III,1.5,2026-09-11T07:30:00
W-1230,ETP,1.2,2026-09-11T08:00:00
W-1230,ETP,1.1,2026-09-11T08:30:00
W-1230,ETP,0.6,2026-09-11T09:00:00
W-1230,ETP,0.9,2026-09-11T09:30:00
W-1230,ETP,1.0,2026-09-11T10:00:00
W-1230,ETP,1.5,2026-09-11T10:30:00
W-1230,ETP,1.1,2026-09-11T11:00:00
W-1230,ETP,0.8,2026-09-11T11:30:00
W-1230,ETP,1.6,2026-09-11T12:00:00
W-1230,ETP,1.1,2026-09-11T12:30:00
W-1230,ETP,1.5,2026-09-11T13:00:00
W-1230,ETP,1.2,2026-09-11T13:30:00
W-1230,ETP,1.3,2026-09-11T14:00:00
W-1230,ETP,0.7,2026-09-11T14:30:00
W-1230,ETP,1.5,2026-09-11T15:00:00
W-1230,ETP,1.2,2026-09-11T15:30:00
W-1233,TF,0.8,2026-09-11T16:00:00
W-1233,TF,0.5,2026-09-11T16:30:00
W-1233,TF,0.8,2026-09-11T17:00:00
W-1233,TF,0.8,2026-09-11T17:30:00
W-1233,TF,0.5,2026-09-11T18:00:00
W-1233,TF,0.7,2026-09-11T18:30:00
W-1233,TF,0.5,2026-09-11T19:00:00
W-1233,TF,0.6,2026-09-11T19:30:00
W-1233,TF,0.9,2026-09-11T20:00:00
W-1233,TF,0.4,2026-09-11T20:30:00
W-1233,TF,0.9,2026-09-11T21:00:00
W-1233,TF,0.8,2026-09-11T21:30:00
W-1233,TF,0.7,2026-09-11T22:00:00
W-1233,TF,0.8,2026-09-11T22:30:00
W-1233,TF,0.8,2026-09-11T23:00:00
W-1233,TF,0.9,2026-09-11T23:30:00
W-1101,SRU,17.6,2026-09-12T00:00:00
W-1101,SRU,7.8,2026-09-12T00:30:00
W-1101,SRU,11.9,2026-09-12T01:00:00
W-1101,SRU,5.9,2026-09-12T01:30:00
W-1101,SRU,5.0,2026-09-12T02:00:00
W-1101,SRU,2.5,2026-09-12T02:30:00
W-1101,SRU,4.6,2026-09-12T03:00:00
W-1101,SRU,3.7,2026-09-12T03:30:00
W-1101,SRU,6.0,2026-09-12T04:00:00
W-1101,SRU,4.5,2026-09-12T04:30:00
W-1101,SRU,2.5,2026-09-12T05:00:00
W-1101,SRU,5.5,2026-09-12T05:30:00
W-1101,SRU,5.4,2026-09-12T06:00:00
W-1101,SRU,3.7,2026-09-12T06:30:00
W-1101,SRU,2.6,2026-09-12T07:00:00
W-1101,SRU,3.4,2026-09-12T07:30:00
W-1107,SWS,5.5,2026-09-12T16:00:00
W-1107,SWS,2.5,2026-09-12T16:30:00
W-1107,SWS,4.6,2026-09-12T17:00:00
W-1107,SWS,3.9,2026-09-12T17:30:00
W-1107,SWS,3.5,2026-09-12T18:00:00
W-1107,SWS,4.6,2026-09-12T18:30:00
W-1107,SWS,4.7,2026-09-12T19:00:00
W-1107,SWS,4.7,2026-09-12T19:30:00
W-1107,SWS,2.4,2026-09-12T20:00:00
W-1107,SWS,4.3,2026-09-12T20:30:00
W-1107,SWS,3.0,2026-09-12T21:00:00
W-1107,SWS,3.4,2026-09-12T21:30:00
W-1107,SWS,3.7,2026-09-12T22:00:00
W-1107,SWS,16.0,2026-09-12T22:30:00
W-1107,SWS,6.1,2026-09-12T23:00:00
W-1107,SWS,2.8,2026-09-12T23:30:00
W-1110,DCU,2.1,2026-09-12T00:00:00
W-1110,DCU,2.8,2026-09-12T00:30:00
W-1110,DCU,2.0,2026-09-12T01:00:00
W-1110,DCU,2.7,2026-09-12T01:30:00
W-1110,DCU,3.5,2026-09-12T02:00:00
W-1110,DCU,3.0,2026-09-12T02:30:00
W-1110,DCU,3.3,2026-09-12T03:00:00
W-1110,DCU,3.5,2026-09-12T03:30:00
W-1110,DCU,3.4,2026-09-12T04:00:00
W-1110,DCU,2.2,2026-09-12T04:30:00
W-1110,DCU,3.8,2026-09-12T05:00:00
W-1110,DCU,3.5,2026-09-12T05:30:00
W-1110,DCU,2.7,2026-09-12T06:00:00
W-1110,DCU,5.3,2026-09-12T06:30:00
W-1110,DCU,7.6,2026-09-12T07:00:00
W-1110,DCU,2.1,2026-09-12T07:30:00
W-1113,HCU,2.0,2026-09-12T08:00:00
W-1113,HCU,2.3,2026-09-12T08:30:00
W-1113,HCU,2.3,2026-09-12T09:00:00
W-1113,HCU,2.3,2026-09-12T09:30:00
W-1113,HCU,1.9,2026-09-12T10:00:00
W-1113,HCU,2.0,2026-09-12T10:30:00
W-1113,HCU,2.2,2026-09-12T11:00:00
W-1113,HCU,2.7,2026-09-12T11:30:00
W-1113,HCU,1.9,2026-09-12T12:00:00
W-1113,HCU,1.4,2026-09-12T12:30:00
W-1113,HCU,1.7,2026-09-12T13:00:00
W-1113,HCU,2.3,2026-09-12T13:30:00
W-1113,HCU,1.7,2026-09-12T14:00:00
W-1113,HCU,2.8,2026-09-12T14:30:00
W-1113,HCU,1.1,2026-09-12T15:00:00
W-1113,HCU,1.9,2026-09-12T15:30:00
W-1116,DHDT,1.0,2026-09-12T16:00:00
W-1116,DHDT,2.4,2026-09-12T16:30:00
W-1116,DHDT,2.7,2026-09-12T17:00:00
W-1116,DHDT,1.7,2026-09-12T17:30:00
W-1116,DHDT,1.0,2026-09-12T18:00:00
W-1116,DHDT,1.0,2026-09-12T18:30:00
W-1116,DHDT,1.1,2026-09-12T19:00:00
W-1116,DHDT,1.5,2026-09-12T19:30:00
W-1116,DHDT,1.1,2026-09-12T20:00:00
W-1116,DHDT,2.3,2026-09-12T20:30:00
W-1116,DHDT,1.6,2026-09-12T21:00:00
W-1116,DHDT,1.6,2026-09-12T21:30:00
W-1116,DHDT,1.8,2026-09-12T22:00:00
W-1116,DHDT,1.7,2026-09-12T22:30:00
W-1116,DHDT,1.6,2026-09-12T23:00:00
W-1116,DHDT,1.1,2026-09-12T23:30:00
W-1119,CDU-III,1.0,2026-09-12T00:00:00
W-1119,CDU-III,1.5,2026-09-12T00:30:00
W-1119,CDU-III,1.5,2026-09-12T01:00:00
W-1119,CDU-III,1.0,2026-09-12T01:30:00
W-1119,CDU-III,1.9,2026-09-12T02:00:00
W-1119,CDU-III,5.1,2026-09-12T02:30:00
W-1119,CDU-III,1.7,2026-09-12T03:00:00
W-1119,CDU-III,1.0,2026-09-12T03:30:00
W-1119,CDU-III,1.4,2026-09-12T04:00:00
W-1119,CDU-III,0.9,2026-09-12T04:30:00
W-1119,CDU-III,1.3,2026-09-12T05:00:00
W-1119,CDU-III,1.9,2026-09-12T05:30:00
W-1119,CDU-III,1.6,2026-09-12T06:00:00
W-1119,CDU-III,1.7,2026-09-12T06:30:00
W-1119,CDU-III,1.6,2026-09-12T07:00:00
W-1119,CDU-III,1.1,2026-09-12T07:30:00
W-1122,ETP,0.6,2026-09-12T08:00:00
W-1122,ETP,0.8,2026-09-12T08:30:00
W-1122,ETP,0.9,2026-09-12T09:00:00
W-1122,ETP,0.7,2026-09-12T09:30:00
W-1122,ETP,0.8,2026-09-12T10:00:00
W-1122,ETP,1.2,2026-09-12T10:30:00
W-1122,ETP,1.1,2026-09-12T11:00:00
W-1122,ETP,1.2,2026-09-12T11:30:00
W-1122,ETP,1.0,2026-09-12T12:00:00
W-1122,ETP,1.3,2026-09-12T12:30:00
W-1122,ETP,0.7,2026-09-12T13:00:00
W-1122,ETP,0.7,2026-09-12T13:30:00
W-1122,ETP,0.8,2026-09-12T14:00:00
W-1122,ETP,0.7,2026-09-12T14:30:00
W-1122,ETP,0.6,2026-09-12T15:00:00
W-1122,ETP,1.4,2026-09-12T15:30:00
W-1125,TF,0.7,2026-09-12T16:00:00
W-1125,TF,0.4,2026-09-12T16:30:00
W-1125,TF,0.3,2026-09-12T17:00:00
W-1125,TF,0.8,2026-09-12T17:30:00
W-1125,TF,0.6,2026-09-12T18:00:00
W-1125,TF,0.6,2026-09-12T18:30:00
W-1125,TF,0.5,2026-09-12T19:00:00
W-1125,TF,0.5,2026-09-12T19:30:00
W-1125,TF,0.6,2026-09-12T20:00:00
W-1125,TF,0.5,2026-09-12T20:30:00
W-1125,TF,0.7,2026-09-12T21:00:00
W-1125,TF,0.4,2026-09-12T21:30:00
W-1125,TF,0.3,2026-09-12T22:00:00
W-1125,TF,0.8,2026-09-12T22:30:00
W-1125,TF,0.6,2026-09-12T23:00:00
W-1125,TF,0.6,2026-09-12T23:30:00
W-1128,SRU,3.6,2026-09-12T00:00:00
W-1128,SRU,13.6,2026-09-12T00:30:00
W-1128,SRU,12.2,2026-09-12T01:00:00
W-1128,SRU,4.3,2026-09-12T01:30:00
W-1128,SRU,6.1,2026-09-12T02:00:00
W-1128,SRU,6.3,2026-09-12T02:30:00
W-1128,SRU,6.1,2026-09-12T03:00:00
W-1128,SRU,5.9,2026-09-12T03:30:00
W-1128,SRU,4.5,2026-09-12T04:00:00
W-1128,SRU,7.9,2026-09-12T04:30:00
W-1128,SRU,9.3,2026-09-12T05:00:00
W-1128,SRU,5.5,2026-09-12T05:30:00
W-1128,SRU,4.7,2026-09-12T06:00:00
W-1128,SRU,6.1,2026-09-12T06:30:00
W-1128,SRU,6.0,2026-09-12T07:00:00
W-1128,SRU,3.6,2026-09-12T07:30:00
W-1131,ARU,2.6,2026-09-12T08:00:00
W-1131,ARU,15.6,2026-09-12T08:30:00
W-1131,ARU,15.4,2026-09-12T09:00:00
W-1131,ARU,18.2,2026-09-12T09:30:00
W-1131,ARU,2.2,2026-09-12T10:00:00
W-1131,ARU,4.9,2026-09-12T10:30:00
W-1131,ARU,3.9,2026-09-12T11:00:00
W-1131,ARU,4.7,2026-09-12T11:30:00
W-1131,ARU,2.1,2026-09-12T12:00:00
W-1131,ARU,5.2,2026-09-12T12:30:00
W-1131,ARU,5.2,2026-09-12T13:00:00
W-1131,ARU,4.4,2026-09-12T13:30:00
W-1131,ARU,3.0,2026-09-12T14:00:00
W-1131,ARU,5.5,2026-09-12T14:30:00
W-1131,ARU,5.6,2026-09-12T15:00:00
W-1131,ARU,2.2,2026-09-12T15:30:00
W-1137,DCU,3.0,2026-09-12T00:00:00
W-1137,DCU,3.4,2026-09-12T00:30:00
W-1137,DCU,2.2,2026-09-12T01:00:00
W-1137,DCU,2.4,2026-09-12T01:30:00
W-1137,DCU,1.7,2026-09-12T02:00:00
W-1137,DCU,2.4,2026-09-12T02:30:00
W-1137,DCU,2.8,2026-09-12T03:00:00
W-1137,DCU,2.2,2026-09-12T03:30:00
W-1137,DCU,2.0,2026-09-12T04:00:00
W-1137,DCU,1.6,2026-09-12T04:30:00
W-1137,DCU,3.4,2026-09-12T05:00:00
W-1137,DCU,1.5,2026-09-12T05:30:00
W-1137,DCU,2.3,2026-09-12T06:00:00
W-1137,DCU,3.3,2026-09-12T06:30:00
W-1137,DCU,2.4,2026-09-12T07:00:00
W-1137,DCU,2.9,2026-09-12T07:30:00
W-1140,HCU,1.2,2026-09-12T08:00:00
W-1140,HCU,2.1,2026-09-12T08:30:00
W-1140,HCU,1.2,2026-09-12T09:00:00
W-1140,HCU,2.9,2026-09-12T09:30:00
W-1140,HCU,2.1,2026-09-12T10:00:00
W-1140,HCU,2.7,2026-09-12T10:30:00
W-1140,HCU,2.7,2026-09-12T11:00:00
W-1140,HCU,2.6,2026-09-12T11:30:00
W-1140,HCU,2.4,2026-09-12T12:00:00
W-1140,HCU,1.6,2026-09-12T12:30:00
W-1140,HCU,1.4,2026-09-12T13:00:00
W-1140,HCU,2.2,2026-09-12T13:30:00
W-1140,HCU,1.7,2026-09-12T14:00:00
W-1140,HCU,2.6,2026-09-12T14:30:00
W-1140,HCU,1.1,2026-09-12T15:00:00
W-1140,HCU,2.0,2026-09-12T15:30:00
W-1143,DHDT,1.9,2026-09-12T16:00:00
W-1143,DHDT,1.6,2026-09-12T16:30:00
W-1143,DHDT,1.7,2026-09-12T17:00:00
W-1143,DHDT,1.4,2026-09-12T17:30:00
W-1143,DHDT,0.9,2026-09-12T18:00:00
W-1143,DHDT,1.6,2026-09-12T18:30:00
W-1143,DHDT,1.0,2026-09-12T19:00:00
W-1143,DHDT,1.3,2026-09-12T19:30:00
W-1143,DHDT,1.0,2026-09-12T20:00:00
W-1143,DHDT,1.1,2026-09-12T20:30:00
W-1143,DHDT,2.3,2026-09-12T21:00:00
W-1143,DHDT,1.1,2026-09-12T21:30:00
W-1143,DHDT,1.7,2026-09-12T22:00:00
W-1143,DHDT,0.9,2026-09-12T22:30:00
W-1143,DHDT,1.2,2026-09-12T23:00:00
W-1143,DHDT,2.0,2026-09-12T23:30:00
W-1146,CDU-III,0.9,2026-09-12T00:00:00
W-1146,CDU-III,1.6,2026-09-12T00:30:00
W-1146,CDU-III,1.0,2026-09-12T01:00:00
W-1146,CDU-III,4.6,2026-09-12T01:30:00
W-1146,CDU-III,2.3,2026-09-12T02:00:00
W-1146,CDU-III,1.9,2026-09-12T02:30:00
W-1146,CDU-III,0.9,2026-09-12T03:00:00
W-1146,CDU-III,1.1,2026-09-12T03:30:00
W-1146,CDU-III,1.1,2026-09-12T04:00:00
W-1146,CDU-III,1.5,2026-09-12T04:30:00
W-1146,CDU-III,1.2,2026-09-12T05:00:00
W-1146,CDU-III,1.4,2026-09-12T05:30:00
W-1146,CDU-III,1.3,2026-09-12T06:00:00
W-1146,CDU-III,1.1,2026-09-12T06:30:00
W-1146,CDU-III,1.0,2026-09-12T07:00:00
W-1146,CDU-III,1.6,2026-09-12T07:30:00
W-1152,TF,0.8,2026-09-12T16:00:00
W-1152,TF,0.5,2026-09-12T16:30:00
W-1152,TF,0.5,2026-09-12T17:00:00
W-1152,TF,0.5,2026-09-12T17:30:00
W-1152,TF,0.8,2026-09-12T18:00:00
W-1152,TF,0.5,2026-09-12T18:30:00
W-1152,TF,0.7,2026-09-12T19:00:00
W-1152,TF,0.8,2026-09-12T19:30:00
W-1152,TF,0.3,2026-09-12T20:00:00
W-1152,TF,0.7,2026-09-12T20:30:00
W-1152,TF,0.6,2026-09-12T21:00:00
W-1152,TF,0.7,2026-09-12T21:30:00
W-1152,TF,0.3,2026-09-12T22:00:00
W-1152,TF,0.5,2026-09-12T22:30:00
W-1152,TF,0.6,2026-09-12T23:00:00
W-1152,TF,0.7,2026-09-12T23:30:00
W-1155,SRU,4.9,2026-09-12T00:00:00
W-1155,SRU,3.1,2026-09-12T00:30:00
W-1155,SRU,3.6,2026-09-12T01:00:00
W-1155,SRU,2.5,2026-09-12T01:30:00
W-1155,SRU,2.5,2026-09-12T02:00:00
W-1155,SRU,4.7,2026-09-12T02:30:00
W-1155,SRU,6.5,2026-09-12T03:00:00
W-1155,SRU,3.1,2026-09-12T03:30:00
W-1155,SRU,2.6,2026-09-12T04:00:00
W-1155,SRU,4.9,2026-09-12T04:30:00
W-1155,SRU,3.4,2026-09-12T05:00:00
W-1155,SRU,5.6,2026-09-12T05:30:00
W-1155,SRU,5.5,2026-09-12T06:00:00
W-1155,SRU,5.9,2026-09-12T06:30:00
W-1155,SRU,4.2,2026-09-12T07:00:00
W-1155,SRU,6.3,2026-09-12T07:30:00
W-1158,ARU,8.4,2026-09-12T08:00:00
W-1158,ARU,2.7,2026-09-12T08:30:00
W-1158,ARU,4.0,2026-09-12T09:00:00
W-1158,ARU,2.3,2026-09-12T09:30:00
W-1158,ARU,2.7,2026-09-12T10:00:00
W-1158,ARU,3.7,2026-09-12T10:30:00
W-1158,ARU,3.6,2026-09-12T11:00:00
W-1158,ARU,5.3,2026-09-12T11:30:00
W-1158,ARU,6.9,2026-09-12T12:00:00
W-1158,ARU,5.2,2026-09-12T12:30:00
W-1158,ARU,2.1,2026-09-12T13:00:00
W-1158,ARU,3.4,2026-09-12T13:30:00
W-1158,ARU,3.1,2026-09-12T14:00:00
W-1158,ARU,3.1,2026-09-12T14:30:00
W-1158,ARU,4.1,2026-09-12T15:00:00
W-1158,ARU,3.9,2026-09-12T15:30:00
W-1164,DCU,3.7,2026-09-12T00:00:00
W-1164,DCU,3.7,2026-09-12T00:30:00
W-1164,DCU,1.5,2026-09-12T01:00:00
W-1164,DCU,3.2,2026-09-12T01:30:00
W-1164,DCU,2.4,2026-09-12T02:00:00
W-1164,DCU,1.9,2026-09-12T02:30:00
W-1164,DCU,9.3,2026-09-12T03:00:00
W-1164,DCU,8.8,2026-09-12T03:30:00
W-1164,DCU,3.6,2026-09-12T04:00:00
W-1164,DCU,1.6,2026-09-12T04:30:00
W-1164,DCU,3.2,2026-09-12T05:00:00
W-1164,DCU,2.4,2026-09-12T05:30:00
W-1164,DCU,3.3,2026-09-12T06:00:00
W-1164,DCU,2.4,2026-09-12T06:30:00
W-1164,DCU,2.8,2026-09-12T07:00:00
W-1164,DCU,2.9,2026-09-12T07:30:00
W-1173,CDU-III,1.3,2026-09-12T00:00:00
W-1173,CDU-III,0.9,2026-09-12T00:30:00
W-1173,CDU-III,4.6,2026-09-12T01:00:00
W-1173,CDU-III,1.5,2026-09-12T01:30:00
W-1173,CDU-III,0.9,2026-09-12T02:00:00
W-1173,CDU-III,1.8,2026-09-12T02:30:00
W-1173,CDU-III,1.5,2026-09-12T03:00:00
W-1173,CDU-III,1.5,2026-09-12T03:30:00
W-1173,CDU-III,1.6,2026-09-12T04:00:00
W-1173,CDU-III,0.7,2026-09-12T04:30:00
W-1173,CDU-III,1.2,2026-09-12T05:00:00
W-1173,CDU-III,1.4,2026-09-12T05:30:00
W-1173,CDU-III,1.3,2026-09-12T06:00:00
W-1173,CDU-III,1.1,2026-09-12T06:30:00
W-1173,CDU-III,1.4,2026-09-12T07:00:00
W-1173,CDU-III,1.2,2026-09-12T07:30:00
W-1176,ETP,0.5,2026-09-12T08:00:00
W-1176,ETP,0.9,2026-09-12T08:30:00
W-1176,ETP,1.1,2026-09-12T09:00:00
W-1176,ETP,1.4,2026-09-12T09:30:00
W-1176,ETP,1.1,2026-09-12T10:00:00
W-1176,ETP,0.6,2026-09-12T10:30:00
W-1176,ETP,0.5,2026-09-12T11:00:00
W-1176,ETP,0.9,2026-09-12T11:30:00
W-1176,ETP,0.8,2026-09-12T12:00:00
W-1176,ETP,1.4,2026-09-12T12:30:00
W-1176,ETP,1.1,2026-09-12T13:00:00
W-1176,ETP,0.9,2026-09-12T13:30:00
W-1176,ETP,1.4,2026-09-12T14:00:00
W-1176,ETP,0.9,2026-09-12T14:30:00
W-1176,ETP,1.3,2026-09-12T15:00:00
W-1176,ETP,1.0,2026-09-12T15:30:00
W-1179,TF,0.5,2026-09-12T16:00:00
W-1179,TF,0.4,2026-09-12T16:30:00
W-1179,TF,0.3,2026-09-12T17:00:00
W-1179,TF,0.4,2026-09-12T17:30:00
W-1179,TF,0.6,2026-09-12T18:00:00
W-1179,TF,0.6,2026-09-12T18:30:00
W-1179,TF,0.3,2026-09-12T19:00:00
W-1179,TF,0.5,2026-09-12T19:30:00
W-1179,TF,0.4,2026-09-12T20:00:00
W-1179,TF,0.8,2026-09-12T20:30:00
W-1179,TF,0.7,2026-09-12T21:00:00
W-1179,TF,0.6,2026-09-12T21:30:00
W-1179,TF,0.5,2026-09-12T22:00:00
W-1179,TF,0.4,2026-09-12T22:30:00
W-1179,TF,0.7,2026-09-12T23:00:00
W-1179,TF,0.5,2026-09-12T23:30:00
W-1182,SRU,5.6,2026-09-12T00:00:00
W-1182,SRU,5.0,2026-09-12T00:30:00
W-1182,SRU,6.3,2026-09-12T01:00:00
W-1182,SRU,5.5,2026-09-12T01:30:00
W-1182,SRU,2.7,2026-09-12T02:00:00
W-1182,SRU,5.7,2026-09-12T02:30:00
W-1182,SRU,4.8,2026-09-12T03:00:00
W-1182,SRU,3.3,2026-09-12T03:30:00
W-1182,SRU,3.8,2026-09-12T04:00:00
W-1182,SRU,2.5,2026-09-12T04:30:00
W-1182,SRU,4.2,2026-09-12T05:00:00
W-1182,SRU,3.5,2026-09-12T05:30:00
W-1182,SRU,12.8,2026-09-12T06:00:00
W-1182,SRU,10.0,2026-09-12T06:30:00
W-1182,SRU,11.4,2026-09-12T07:00:00
W-1182,SRU,4.9,2026-09-12T07:30:00
W-1188,SWS,13.7,2026-09-12T16:00:00
W-1188,SWS,11.5,2026-09-12T16:30:00
W-1188,SWS,14.3,2026-09-12T17:00:00
W-1188,SWS,4.0,2026-09-12T17:30:00
W-1188,SWS,4.3,2026-09-12T18:00:00
W-1188,SWS,5.2,2026-09-12T18:30:00
W-1188,SWS,4.2,2026-09-12T19:00:00
W-1188,SWS,22.0,2026-09-12T19:30:00
W-1188,SWS,5.3,2026-09-12T20:00:00
W-1188,SWS,5.3,2026-09-12T20:30:00
W-1188,SWS,3.2,2026-09-12T21:00:00
W-1188,SWS,11.2,2026-09-12T21:30:00
W-1188,SWS,22.7,2026-09-12T22:00:00
W-1188,SWS,15.7,2026-09-12T22:30:00
W-1188,SWS,3.5,2026-09-12T23:00:00
W-1188,SWS,2.3,2026-09-12T23:30:00
W-1191,DCU,1.9,2026-09-12T00:00:00
W-1191,DCU,3.4,2026-09-12T00:30:00
W-1191,DCU,1.5,2026-09-12T01:00:00
W-1191,DCU,1.8,2026-09-12T01:30:00
W-1191,DCU,3.2,2026-09-12T02:00:00
W-1191,DCU,2.2,2026-09-12T02:30:00
W-1191,DCU,2.9,2026-09-12T03:00:00
W-1191,DCU,3.3,2026-09-12T03:30:00
W-1191,DCU,3.3,2026-09-12T04:00:00
W-1191,DCU,2.2,2026-09-12T04:30:00
W-1191,DCU,2.5,2026-09-12T05:00:00
W-1191,DCU,2.9,2026-09-12T05:30:00
W-1191,DCU,2.1,2026-09-12T06:00:00
W-1191,DCU,1.5,2026-09-12T06:30:00
W-1191,DCU,2.9,2026-09-12T07:00:00
W-1191,DCU,3.0,2026-09-12T07:30:00
W-1194,HCU,1.1,2026-09-12T08:00:00
W-1194,HCU,1.1,2026-09-12T08:30:00
W-1194,HCU,1.2,2026-09-12T09:00:00
W-1194,HCU,1.8,2026-09-12T09:30:00
W-1194,HCU,1.7,2026-09-12T10:00:00
W-1194,HCU,1.8,2026-09-12T10:30:00
W-1194,HCU,2.3,2026-09-12T11:00:00
W-1194,HCU,1.1,2026-09-12T11:30:00
W-1194,HCU,2.8,2026-09-12T12:00:00
W-1194,HCU,2.2,2026-09-12T12:30:00
W-1194,HCU,1.1,2026-09-12T13:00:00
W-1194,HCU,2.5,2026-09-12T13:30:00
W-1194,HCU,1.4,2026-09-12T14:00:00
W-1194,HCU,2.1,2026-09-12T14:30:00
W-1194,HCU,2.6,2026-09-12T15:00:00
W-1194,HCU,2.8,2026-09-12T15:30:00
W-1197,DHDT,1.5,2026-09-12T16:00:00
W-1197,DHDT,0.9,2026-09-12T16:30:00
W-1197,DHDT,1.2,2026-09-12T17:00:00
W-1197,DHDT,1.3,2026-09-12T17:30:00
W-1197,DHDT,1.4,2026-09-12T18:00:00
W-1197,DHDT,1.6,2026-09-12T18:30:00
W-1197,DHDT,1.1,2026-09-12T19:00:00
W-1197,DHDT,1.7,2026-09-12T19:30:00
W-1197,DHDT,2.1,2026-09-12T20:00:00
W-1197,DHDT,2.1,2026-09-12T20:30:00
W-1197,DHDT,2.3,2026-09-12T21:00:00
W-1197,DHDT,2.2,2026-09-12T21:30:00
W-1197,DHDT,1.5,2026-09-12T22:00:00
W-1197,DHDT,1.3,2026-09-12T22:30:00
W-1197,DHDT,2.3,2026-09-12T23:00:00
W-1197,DHDT,2.2,2026-09-12T23:30:00
W-1200,CDU-III,0.7,2026-09-12T00:00:00
W-1200,CDU-III,1.3,2026-09-12T00:30:00
W-1200,CDU-III,1.1,2026-09-12T01:00:00
W-1200,CDU-III,1.3,2026-09-12T01:30:00
W-1200,CDU-III,1.8,2026-09-12T02:00:00
W-1200,CDU-III,1.7,2026-09-12T02:30:00
W-1200,CDU-III,0.8,2026-09-12T03:00:00
W-1200,CDU-III,1.9,2026-09-12T03:30:00
W-1200,CDU-III,1.9,2026-09-12T04:00:00
W-1200,CDU-III,1.5,2026-09-12T04:30:00
W-1200,CDU-III,1.2,2026-09-12T05:00:00
W-1200,CDU-III,1.6,2026-09-12T05:30:00
W-1200,CDU-III,1.1,2026-09-12T06:00:00
W-1200,CDU-III,1.4,2026-09-12T06:30:00
W-1200,CDU-III,1.8,2026-09-12T07:00:00
W-1200,CDU-III,1.8,2026-09-12T07:30:00
W-1203,ETP,1.2,2026-09-12T08:00:00
W-1203,ETP,1.1,2026-09-12T08:30:00
W-1203,ETP,0.6,2026-09-12T09:00:00
W-1203,ETP,1.2,2026-09-12T09:30:00
W-1203,ETP,1.1,2026-09-12T10:00:00
W-1203,ETP,1.1,2026-09-12T10:30:00
W-1203,ETP,0.6,2026-09-12T11:00:00
W-1203,ETP,0.8,2026-09-12T11:30:00
W-1203,ETP,1.2,2026-09-12T12:00:00
W-1203,ETP,1.2,2026-09-12T12:30:00
W-1203,ETP,0.5,2026-09-12T13:00:00
W-1203,ETP,1.1,2026-09-12T13:30:00
W-1203,ETP,0.7,2026-09-12T14:00:00
W-1203,ETP,0.8,2026-09-12T14:30:00
W-1203,ETP,0.7,2026-09-12T15:00:00
W-1203,ETP,0.8,2026-09-12T15:30:00
W-1206,TF,0.4,2026-09-12T16:00:00
W-1206,TF,0.7,2026-09-12T16:30:00
W-1206,TF,0.6,2026-09-12T17:00:00
W-1206,TF,0.8,2026-09-12T17:30:00
W-1206,TF,0.7,2026-09-12T18:00:00
W-1206,TF,0.5,2026-09-12T18:30:00
W-1206,TF,0.5,2026-09-12T19:00:00
W-1206,TF,0.7,2026-09-12T19:30:00
W-1206,TF,0.6,2026-09-12T20:00:00
W-1206,TF,0.4,2026-09-12T20:30:00
W-1206,TF,0.7,2026-09-12T21:00:00
W-1206,TF,0.6,2026-09-12T21:30:00
W-1206,TF,0.5,2026-09-12T22:00:00
W-1206,TF,0.6,2026-09-12T22:30:00
W-1206,TF,0.3,2026-09-12T23:00:00
W-1206,TF,0.7,2026-09-12T23:30:00
W-1209,SRU,5.0,2026-09-12T00:00:00
W-1209,SRU,6.3,2026-09-12T00:30:00
W-1209,SRU,5.9,2026-09-12T01:00:00
W-1209,SRU,5.7,2026-09-12T01:30:00
W-1209,SRU,5.3,2026-09-12T02:00:00
W-1209,SRU,3.4,2026-09-12T02:30:00
W-1209,SRU,4.3,2026-09-12T03:00:00
W-1209,SRU,5.0,2026-09-12T03:30:00
W-1209,SRU,2.8,2026-09-12T04:00:00
W-1209,SRU,3.0,2026-09-12T04:30:00
W-1209,SRU,5.8,2026-09-12T05:00:00
W-1209,SRU,4.4,2026-09-12T05:30:00
W-1209,SRU,6.1,2026-09-12T06:00:00
W-1209,SRU,3.3,2026-09-12T06:30:00
W-1209,SRU,4.0,2026-09-12T07:00:00
W-1209,SRU,5.2,2026-09-12T07:30:00
W-1212,ARU,5.5,2026-09-12T08:00:00
W-1212,ARU,8.4,2026-09-12T08:30:00
W-1212,ARU,7.5,2026-09-12T09:00:00
W-1212,ARU,13.6,2026-09-12T09:30:00
W-1212,ARU,3.9,2026-09-12T10:00:00
W-1212,ARU,2.5,2026-09-12T10:30:00
W-1212,ARU,2.2,2026-09-12T11:00:00
W-1212,ARU,4.1,2026-09-12T11:30:00
W-1212,ARU,3.0,2026-09-12T12:00:00
W-1212,ARU,4.2,2026-09-12T12:30:00
W-1212,ARU,4.1,2026-09-12T13:00:00
W-1212,ARU,5.2,2026-09-12T13:30:00
W-1212,ARU,5.3,2026-09-12T14:00:00
W-1212,ARU,3.7,2026-09-12T14:30:00
W-1212,ARU,4.2,2026-09-12T15:00:00
W-1212,ARU,3.7,2026-09-12T15:30:00
W-1215,SWS,2.7,2026-09-12T16:00:00
W-1215,SWS,7.6,2026-09-12T16:30:00
W-1215,SWS,2.6,2026-09-12T17:00:00
W-1215,SWS,5.7,2026-09-12T17:30:00
W-1215,SWS,5.4,2026-09-12T18:00:00
W-1215,SWS,4.0,2026-09-12T18:30:00
W-1215,SWS,2.3,2026-09-12T19:00:00
W-1215,SWS,5.1,2026-09-12T19:30:00
W-1215,SWS,4.5,2026-09-12T20:00:00
W-1215,SWS,5.8,2026-09-12T20:30:00
W-1215,SWS,5.0,2026-09-12T21:00:00
W-1215,SWS,4.9,2026-09-12T21:30:00
W-1215,SWS,5.9,2026-09-12T22:00:00
W-1215,SWS,5.1,2026-09-12T22:30:00
W-1215,SWS,4.7,2026-09-12T23:00:00
W-1215,SWS,5.4,2026-09-12T23:30:00
W-1218,DCU,3.1,2026-09-12T00:00:00
W-1218,DCU,1.6,2026-09-12T00:30:00
W-1218,DCU,2.8,2026-09-12T01:00:00
W-1218,DCU,2.7,2026-09-12T01:30:00
W-1218,DCU,3.4,2026-09-12T02:00:00
W-1218,DCU,1.4,2026-09-12T02:30:00
W-1218,DCU,3.0,2026-09-12T03:00:00
W-1218,DCU,8.7,2026-09-12T03:30:00
W-1218,DCU,8.7,2026-09-12T04:00:00
W-1218,DCU,3.9,2026-09-12T04:30:00
W-1218,DCU,3.2,2026-09-12T05:00:00
W-1218,DCU,3.2,2026-09-12T05:30:00
W-1218,DCU,3.7,2026-09-12T06:00:00
W-1218,DCU,2.4,2026-09-12T06:30:00
W-1218,DCU,3.6,2026-09-12T07:00:00
W-1218,DCU,3.5,2026-09-12T07:30:00
W-1224,DHDT,2.0,2026-09-12T16:00:00
W-1224,DHDT,1.4,2026-09-12T16:30:00
W-1224,DHDT,1.9,2026-09-12T17:00:00
W-1224,DHDT,1.4,2026-09-12T17:30:00
W-1224,DHDT,2.1,2026-09-12T18:00:00
W-1224,DHDT,2.8,2026-09-12T18:30:00
W-1224,DHDT,5.7,2026-09-12T19:00:00
W-1224,DHDT,1.5,2026-09-12T19:30:00
W-1224,DHDT,1.6,2026-09-12T20:00:00
W-1224,DHDT,2.3,2026-09-12T20:30:00
W-1224,DHDT,1.9,2026-09-12T21:00:00
W-1224,DHDT,1.4,2026-09-12T21:30:00
W-1224,DHDT,1.1,2026-09-12T22:00:00
W-1224,DHDT,2.3,2026-09-12T22:30:00
W-1224,DHDT,1.3,2026-09-12T23:00:00
W-1224,DHDT,3.3,2026-09-12T23:30:00
W-1230,ETP,0.8,2026-09-12T08:00:00
W-1230,ETP,1.0,2026-09-12T08:30:00
W-1230,ETP,1.1,2026-09-12T09:00:00
W-1230,ETP,1.2,2026-09-12T09:30:00
W-1230,ETP,0.7,2026-09-12T10:00:00
W-1230,ETP,0.9,2026-09-12T10:30:00
W-1230,ETP,0.8,2026-09-12T11:00:00
W-1230,ETP,1.4,2026-09-12T11:30:00
W-1230,ETP,0.9,2026-09-12T12:00:00
W-1230,ETP,2.7,2026-09-12T12:30:00
W-1230,ETP,3.6,2026-09-12T13:00:00
W-1230,ETP,3.0,2026-09-12T13:30:00
W-1230,ETP,0.7,2026-09-12T14:00:00
W-1230,ETP,0.6,2026-09-12T14:30:00
W-1230,ETP,5.6,2026-09-12T15:00:00
W-1230,ETP,1.3,2026-09-12T15:30:00
W-1233,TF,0.6,2026-09-12T16:00:00
W-1233,TF,0.8,2026-09-12T16:30:00
W-1233,TF,0.6,2026-09-12T17:00:00
W-1233,TF,0.5,2026-09-12T17:30:00
W-1233,TF,0.7,2026-09-12T18:00:00
W-1233,TF,0.5,2026-09-12T18:30:00
W-1233,TF,0.6,2026-09-12T19:00:00
W-1233,TF,0.5,2026-09-12T19:30:00
W-1233,TF,0.6,2026-09-12T20:00:00
W-1233,TF,0.3,2026-09-12T20:30:00
W-1233,TF,0.5,2026-09-12T21:00:00
W-1233,TF,0.4,2026-09-12T21:30:00
W-1233,TF,0.5,2026-09-12T22:00:00
W-1233,TF,0.6,2026-09-12T22:30:00
W-1233,TF,0.3,2026-09-12T23:00:00
W-1233,TF,0.6,2026-09-12T23:30:00
W-1101,SRU,3.3,2026-09-13T00:00:00
W-1101,SRU,4.3,2026-09-13T00:30:00
W-1101,SRU,3.7,2026-09-13T01:00:00
W-1101,SRU,4.0,2026-09-13T01:30:00
W-1101,SRU,5.0,2026-09-13T02:00:00
W-1101,SRU,9.1,2026-09-13T02:30:00
W-1101,SRU,5.0,2026-09-13T03:00:00
W-1101,SRU,4.6,2026-09-13T03:30:00
W-1101,SRU,4.1,2026-09-13T04:00:00
W-1101,SRU,2.9,2026-09-13T04:30:00
W-1101,SRU,4.6,2026-09-13T05:00:00
W-1101,SRU,6.1,2026-09-13T05:30:00
W-1101,SRU,3.4,2026-09-13T06:00:00
W-1101,SRU,3.1,2026-09-13T06:30:00
W-1101,SRU,3.6,2026-09-13T07:00:00
W-1101,SRU,17.3,2026-09-13T07:30:00
W-1104,ARU,2.8,2026-09-13T08:00:00
W-1104,ARU,5.2,2026-09-13T08:30:00
W-1104,ARU,3.7,2026-09-13T09:00:00
W-1104,ARU,5.0,2026-09-13T09:30:00
W-1104,ARU,3.5,2026-09-13T10:00:00
W-1104,ARU,2.8,2026-09-13T10:30:00
W-1104,ARU,3.9,2026-09-13T11:00:00
W-1104,ARU,3.2,2026-09-13T11:30:00
W-1104,ARU,4.5,2026-09-13T12:00:00
W-1104,ARU,12.5,2026-09-13T12:30:00
W-1104,ARU,8.5,2026-09-13T13:00:00
W-1104,ARU,17.0,2026-09-13T13:30:00
W-1104,ARU,5.7,2026-09-13T14:00:00
W-1104,ARU,4.7,2026-09-13T14:30:00
W-1104,ARU,3.4,2026-09-13T15:00:00
W-1104,ARU,17.4,2026-09-13T15:30:00
W-1110,DCU,3.7,2026-09-13T00:00:00
W-1110,DCU,1.6,2026-09-13T00:30:00
W-1110,DCU,2.8,2026-09-13T01:00:00
W-1110,DCU,2.5,2026-09-13T01:30:00
W-1110,DCU,2.7,2026-09-13T02:00:00
W-1110,DCU,2.8,2026-09-13T02:30:00
W-1110,DCU,3.1,2026-09-13T03:00:00
W-1110,DCU,3.0,2026-09-13T03:30:00
W-1110,DCU,2.5,2026-09-13T04:00:00
W-1110,DCU,3.1,2026-09-13T04:30:00
W-1110,DCU,2.4,2026-09-13T05:00:00
W-1110,DCU,1.6,2026-09-13T05:30:00
W-1110,DCU,2.6,2026-09-13T06:00:00
W-1110,DCU,3.8,2026-09-13T06:30:00
W-1110,DCU,2.7,2026-09-13T07:00:00
W-1110,DCU,3.1,2026-09-13T07:30:00
W-1113,HCU,1.3,2026-09-13T08:00:00
W-1113,HCU,2.8,2026-09-13T08:30:00
W-1113,HCU,2.6,2026-09-13T09:00:00
W-1113,HCU,2.6,2026-09-13T09:30:00
W-1113,HCU,5.7,2026-09-13T10:00:00
W-1113,HCU,6.9,2026-09-13T10:30:00
W-1113,HCU,3.3,2026-09-13T11:00:00
W-1113,HCU,1.4,2026-09-13T11:30:00
W-1113,HCU,2.8,2026-09-13T12:00:00
W-1113,HCU,1.4,2026-09-13T12:30:00
W-1113,HCU,2.3,2026-09-13T13:00:00
W-1113,HCU,1.5,2026-09-13T13:30:00
W-1113,HCU,2.3,2026-09-13T14:00:00
W-1113,HCU,2.2,2026-09-13T14:30:00
W-1113,HCU,2.1,2026-09-13T15:00:00
W-1113,HCU,1.5,2026-09-13T15:30:00
W-1116,DHDT,1.9,2026-09-13T16:00:00
W-1116,DHDT,1.2,2026-09-13T16:30:00
W-1116,DHDT,1.4,2026-09-13T17:00:00
W-1116,DHDT,1.7,2026-09-13T17:30:00
W-1116,DHDT,1.4,2026-09-13T18:00:00
W-1116,DHDT,1.5,2026-09-13T18:30:00
W-1116,DHDT,2.0,2026-09-13T19:00:00
W-1116,DHDT,1.8,2026-09-13T19:30:00
W-1116,DHDT,2.1,2026-09-13T20:00:00
W-1116,DHDT,1.3,2026-09-13T20:30:00
W-1116,DHDT,1.4,2026-09-13T21:00:00
W-1116,DHDT,2.0,2026-09-13T21:30:00
W-1116,DHDT,1.7,2026-09-13T22:00:00
W-1116,DHDT,1.6,2026-09-13T22:30:00
W-1116,DHDT,2.3,2026-09-13T23:00:00
W-1116,DHDT,1.8,2026-09-13T23:30:00
W-1119,CDU-III,1.8,2026-09-13T00:00:00
W-1119,CDU-III,1.4,2026-09-13T00:30:00
W-1119,CDU-III,1.0,2026-09-13T01:00:00
W-1119,CDU-III,3.4,2026-09-13T01:30:00
W-1119,CDU-III,4.5,2026-09-13T02:00:00
W-1119,CDU-III,1.1,2026-09-13T02:30:00
W-1119,CDU-III,1.3,2026-09-13T03:00:00
W-1119,CDU-III,1.5,2026-09-13T03:30:00
W-1119,CDU-III,1.9,2026-09-13T04:00:00
W-1119,CDU-III,0.8,2026-09-13T04:30:00
W-1119,CDU-III,1.7,2026-09-13T05:00:00
W-1119,CDU-III,1.5,2026-09-13T05:30:00
W-1119,CDU-III,1.1,2026-09-13T06:00:00
W-1119,CDU-III,1.0,2026-09-13T06:30:00
W-1119,CDU-III,0.7,2026-09-13T07:00:00
W-1119,CDU-III,1.6,2026-09-13T07:30:00
W-1122,ETP,0.7,2026-09-13T08:00:00
W-1122,ETP,0.6,2026-09-13T08:30:00
W-1122,ETP,1.2,2026-09-13T09:00:00
W-1122,ETP,1.3,2026-09-13T09:30:00
W-1122,ETP,0.7,2026-09-13T10:00:00
W-1122,ETP,0.8,2026-09-13T10:30:00
W-1122,ETP,0.9,2026-09-13T11:00:00
W-1122,ETP,1.3,2026-09-13T11:30:00
W-1122,ETP,1.1,2026-09-13T12:00:00
W-1122,ETP,0.8,2026-09-13T12:30:00
W-1122,ETP,1.2,2026-09-13T13:00:00
W-1122,ETP,0.8,2026-09-13T13:30:00
W-1122,ETP,1.2,2026-09-13T14:00:00
W-1122,ETP,1.2,2026-09-13T14:30:00
W-1122,ETP,1.4,2026-09-13T15:00:00
W-1122,ETP,4.6,2026-09-13T15:30:00
W-1125,TF,0.6,2026-09-13T16:00:00
W-1125,TF,0.3,2026-09-13T16:30:00
W-1125,TF,0.8,2026-09-13T17:00:00
W-1125,TF,0.4,2026-09-13T17:30:00
W-1125,TF,0.6,2026-09-13T18:00:00
W-1125,TF,0.7,2026-09-13T18:30:00
W-1125,TF,0.7,2026-09-13T19:00:00
W-1125,TF,0.5,2026-09-13T19:30:00
W-1125,TF,0.7,2026-09-13T20:00:00
W-1125,TF,1.6,2026-09-13T20:30:00
W-1125,TF,1.5,2026-09-13T21:00:00
W-1125,TF,1.8,2026-09-13T21:30:00
W-1125,TF,0.4,2026-09-13T22:00:00
W-1125,TF,0.4,2026-09-13T22:30:00
W-1125,TF,0.3,2026-09-13T23:00:00
W-1125,TF,0.3,2026-09-13T23:30:00
W-1128,SRU,6.3,2026-09-13T00:00:00
W-1128,SRU,2.8,2026-09-13T00:30:00
W-1128,SRU,6.0,2026-09-13T01:00:00
W-1128,SRU,3.3,2026-09-13T01:30:00
W-1128,SRU,6.7,2026-09-13T02:00:00
W-1128,SRU,13.5,2026-09-13T02:30:00
W-1128,SRU,5.6,2026-09-13T03:00:00
W-1128,SRU,3.6,2026-09-13T03:30:00
W-1128,SRU,3.3,2026-09-13T04:00:00
W-1128,SRU,4.8,2026-09-13T04:30:00
W-1128,SRU,5.2,2026-09-13T05:00:00
W-1128,SRU,4.8,2026-09-13T05:30:00
W-1128,SRU,16.4,2026-09-13T06:00:00
W-1128,SRU,20.0,2026-09-13T06:30:00
W-1128,SRU,20.9,2026-09-13T07:00:00
W-1128,SRU,4.1,2026-09-13T07:30:00
W-1131,ARU,4.9,2026-09-13T08:00:00
W-1131,ARU,4.3,2026-09-13T08:30:00
W-1131,ARU,8.1,2026-09-13T09:00:00
W-1131,ARU,10.0,2026-09-13T09:30:00
W-1131,ARU,16.3,2026-09-13T10:00:00
W-1131,ARU,3.7,2026-09-13T10:30:00
W-1131,ARU,4.9,2026-09-13T11:00:00
W-1131,ARU,7.0,2026-09-13T11:30:00
W-1131,ARU,4.8,2026-09-13T12:00:00
W-1131,ARU,5.0,2026-09-13T12:30:00
W-1131,ARU,16.3,2026-09-13T13:00:00
W-1131,ARU,19.6,2026-09-13T13:30:00
W-1131,ARU,10.2,2026-09-13T14:00:00
W-1131,ARU,2.4,2026-09-13T14:30:00
W-1131,ARU,2.3,2026-09-13T15:00:00
W-1131,ARU,4.3,2026-09-13T15:30:00
W-1134,SWS,9.7,2026-09-13T16:00:00
W-1134,SWS,14.8,2026-09-13T16:30:00
W-1134,SWS,3.5,2026-09-13T17:00:00
W-1134,SWS,5.3,2026-09-13T17:30:00
W-1134,SWS,4.3,2026-09-13T18:00:00
W-1134,SWS,2.8,2026-09-13T18:30:00
W-1134,SWS,5.6,2026-09-13T19:00:00
W-1134,SWS,4.7,2026-09-13T19:30:00
W-1134,SWS,4.7,2026-09-13T20:00:00
W-1134,SWS,13.5,2026-09-13T20:30:00
W-1134,SWS,18.7,2026-09-13T21:00:00
W-1134,SWS,13.2,2026-09-13T21:30:00
W-1134,SWS,2.7,2026-09-13T22:00:00
W-1134,SWS,3.4,2026-09-13T22:30:00
W-1134,SWS,5.3,2026-09-13T23:00:00
W-1134,SWS,3.4,2026-09-13T23:30:00
W-1140,HCU,2.7,2026-09-13T08:00:00
W-1140,HCU,2.2,2026-09-13T08:30:00
W-1140,HCU,2.8,2026-09-13T09:00:00
W-1140,HCU,1.1,2026-09-13T09:30:00
W-1140,HCU,1.4,2026-09-13T10:00:00
W-1140,HCU,2.7,2026-09-13T10:30:00
W-1140,HCU,1.1,2026-09-13T11:00:00
W-1140,HCU,2.7,2026-09-13T11:30:00
W-1140,HCU,2.8,2026-09-13T12:00:00
W-1140,HCU,3.6,2026-09-13T12:30:00
W-1140,HCU,1.7,2026-09-13T13:00:00
W-1140,HCU,1.8,2026-09-13T13:30:00
W-1140,HCU,2.0,2026-09-13T14:00:00
W-1140,HCU,3.3,2026-09-13T14:30:00
W-1140,HCU,4.1,2026-09-13T15:00:00
W-1140,HCU,4.2,2026-09-13T15:30:00
W-1143,DHDT,1.7,2026-09-13T16:00:00
W-1143,DHDT,1.8,2026-09-13T16:30:00
W-1143,DHDT,1.3,2026-09-13T17:00:00
W-1143,DHDT,1.0,2026-09-13T17:30:00
W-1143,DHDT,2.0,2026-09-13T18:00:00
W-1143,DHDT,1.0,2026-09-13T18:30:00
W-1143,DHDT,1.0,2026-09-13T19:00:00
W-1143,DHDT,2.3,2026-09-13T19:30:00
W-1143,DHDT,2.9,2026-09-13T20:00:00
W-1143,DHDT,3.6,2026-09-13T20:30:00
W-1143,DHDT,5.1,2026-09-13T21:00:00
W-1143,DHDT,1.1,2026-09-13T21:30:00
W-1143,DHDT,2.2,2026-09-13T22:00:00
W-1143,DHDT,1.5,2026-09-13T22:30:00
W-1143,DHDT,2.2,2026-09-13T23:00:00
W-1143,DHDT,1.0,2026-09-13T23:30:00
W-1146,CDU-III,1.5,2026-09-13T00:00:00
W-1146,CDU-III,1.3,2026-09-13T00:30:00
W-1146,CDU-III,1.0,2026-09-13T01:00:00
W-1146,CDU-III,1.5,2026-09-13T01:30:00
W-1146,CDU-III,1.2,2026-09-13T02:00:00
W-1146,CDU-III,1.9,2026-09-13T02:30:00
W-1146,CDU-III,1.7,2026-09-13T03:00:00
W-1146,CDU-III,1.8,2026-09-13T03:30:00
W-1146,CDU-III,1.4,2026-09-13T04:00:00
W-1146,CDU-III,1.6,2026-09-13T04:30:00
W-1146,CDU-III,1.6,2026-09-13T05:00:00
W-1146,CDU-III,0.8,2026-09-13T05:30:00
W-1146,CDU-III,1.8,2026-09-13T06:00:00
W-1146,CDU-III,1.1,2026-09-13T06:30:00
W-1146,CDU-III,1.2,2026-09-13T07:00:00
W-1146,CDU-III,1.7,2026-09-13T07:30:00
W-1155,SRU,5.2,2026-09-13T00:00:00
W-1155,SRU,5.3,2026-09-13T00:30:00
W-1155,SRU,5.1,2026-09-13T01:00:00
W-1155,SRU,5.5,2026-09-13T01:30:00
W-1155,SRU,3.4,2026-09-13T02:00:00
W-1155,SRU,4.3,2026-09-13T02:30:00
W-1155,SRU,6.0,2026-09-13T03:00:00
W-1155,SRU,5.5,2026-09-13T03:30:00
W-1155,SRU,6.5,2026-09-13T04:00:00
W-1155,SRU,5.8,2026-09-13T04:30:00
W-1155,SRU,6.5,2026-09-13T05:00:00
W-1155,SRU,5.7,2026-09-13T05:30:00
W-1155,SRU,2.5,2026-09-13T06:00:00
W-1155,SRU,6.6,2026-09-13T06:30:00
W-1155,SRU,2.7,2026-09-13T07:00:00
W-1155,SRU,2.5,2026-09-13T07:30:00
W-1158,ARU,5.0,2026-09-13T08:00:00
W-1158,ARU,2.9,2026-09-13T08:30:00
W-1158,ARU,3.7,2026-09-13T09:00:00
W-1158,ARU,4.5,2026-09-13T09:30:00
W-1158,ARU,4.2,2026-09-13T10:00:00
W-1158,ARU,2.6,2026-09-13T10:30:00
W-1158,ARU,2.2,2026-09-13T11:00:00
W-1158,ARU,2.3,2026-09-13T11:30:00
W-1158,ARU,4.3,2026-09-13T12:00:00
W-1158,ARU,4.1,2026-09-13T12:30:00
W-1158,ARU,2.1,2026-09-13T13:00:00
W-1158,ARU,2.8,2026-09-13T13:30:00
W-1158,ARU,2.2,2026-09-13T14:00:00
W-1158,ARU,2.4,2026-09-13T14:30:00
W-1158,ARU,4.1,2026-09-13T15:00:00
W-1158,ARU,4.3,2026-09-13T15:30:00
W-1161,SWS,5.3,2026-09-13T16:00:00
W-1161,SWS,5.3,2026-09-13T16:30:00
W-1161,SWS,2.7,2026-09-13T17:00:00
W-1161,SWS,5.4,2026-09-13T17:30:00
W-1161,SWS,4.2,2026-09-13T18:00:00
W-1161,SWS,2.8,2026-09-13T18:30:00
W-1161,SWS,4.9,2026-09-13T19:00:00
W-1161,SWS,6.2,2026-09-13T19:30:00
W-1161,SWS,3.2,2026-09-13T20:00:00
W-1161,SWS,6.0,2026-09-13T20:30:00
W-1161,SWS,3.8,2026-09-13T21:00:00
W-1161,SWS,6.0,2026-09-13T21:30:00
W-1161,SWS,5.2,2026-09-13T22:00:00
W-1161,SWS,4.9,2026-09-13T22:30:00
W-1161,SWS,3.0,2026-09-13T23:00:00
W-1161,SWS,6.2,2026-09-13T23:30:00
W-1164,DCU,3.1,2026-09-13T00:00:00
W-1164,DCU,1.9,2026-09-13T00:30:00
W-1164,DCU,3.4,2026-09-13T01:00:00
W-1164,DCU,6.1,2026-09-13T01:30:00
W-1164,DCU,10.0,2026-09-13T02:00:00
W-1164,DCU,2.9,2026-09-13T02:30:00
W-1164,DCU,2.6,2026-09-13T03:00:00
W-1164,DCU,3.2,2026-09-13T03:30:00
W-1164,DCU,3.3,2026-09-13T04:00:00
W-1164,DCU,2.6,2026-09-13T04:30:00
W-1164,DCU,3.0,2026-09-13T05:00:00
W-1164,DCU,3.0,2026-09-13T05:30:00
W-1164,DCU,3.6,2026-09-13T06:00:00
W-1164,DCU,2.2,2026-09-13T06:30:00
W-1164,DCU,2.5,2026-09-13T07:00:00
W-1164,DCU,3.6,2026-09-13T07:30:00
W-1167,HCU,2.6,2026-09-13T08:00:00
W-1167,HCU,4.9,2026-09-13T08:30:00
W-1167,HCU,3.6,2026-09-13T09:00:00
W-1167,HCU,2.5,2026-09-13T09:30:00
W-1167,HCU,5.4,2026-09-13T10:00:00
W-1167,HCU,1.9,2026-09-13T10:30:00
W-1167,HCU,1.9,2026-09-13T11:00:00
W-1167,HCU,2.7,2026-09-13T11:30:00
W-1167,HCU,2.6,2026-09-13T12:00:00
W-1167,HCU,2.1,2026-09-13T12:30:00
W-1167,HCU,1.5,2026-09-13T13:00:00
W-1167,HCU,2.2,2026-09-13T13:30:00
W-1167,HCU,1.6,2026-09-13T14:00:00
W-1167,HCU,2.1,2026-09-13T14:30:00
W-1167,HCU,2.8,2026-09-13T15:00:00
W-1167,HCU,2.6,2026-09-13T15:30:00
W-1170,DHDT,1.7,2026-09-13T16:00:00
W-1170,DHDT,1.3,2026-09-13T16:30:00
W-1170,DHDT,2.2,2026-09-13T17:00:00
W-1170,DHDT,1.1,2026-09-13T17:30:00
W-1170,DHDT,1.4,2026-09-13T18:00:00
W-1170,DHDT,1.6,2026-09-13T18:30:00
W-1170,DHDT,1.5,2026-09-13T19:00:00
W-1170,DHDT,1.3,2026-09-13T19:30:00
W-1170,DHDT,1.4,2026-09-13T20:00:00
W-1170,DHDT,1.2,2026-09-13T20:30:00
W-1170,DHDT,2.3,2026-09-13T21:00:00
W-1170,DHDT,2.2,2026-09-13T21:30:00
W-1170,DHDT,1.7,2026-09-13T22:00:00
W-1170,DHDT,2.2,2026-09-13T22:30:00
W-1170,DHDT,1.1,2026-09-13T23:00:00
W-1170,DHDT,1.3,2026-09-13T23:30:00
W-1173,CDU-III,1.6,2026-09-13T00:00:00
W-1173,CDU-III,1.2,2026-09-13T00:30:00
W-1173,CDU-III,1.9,2026-09-13T01:00:00
W-1173,CDU-III,1.6,2026-09-13T01:30:00
W-1173,CDU-III,1.4,2026-09-13T02:00:00
W-1173,CDU-III,1.5,2026-09-13T02:30:00
W-1173,CDU-III,1.4,2026-09-13T03:00:00
W-1173,CDU-III,1.4,2026-09-13T03:30:00
W-1173,CDU-III,3.8,2026-09-13T04:00:00
W-1173,CDU-III,2.5,2026-09-13T04:30:00
W-1173,CDU-III,3.8,2026-09-13T05:00:00
W-1173,CDU-III,1.4,2026-09-13T05:30:00
W-1173,CDU-III,0.8,2026-09-13T06:00:00
W-1173,CDU-III,1.5,2026-09-13T06:30:00
W-1173,CDU-III,0.8,2026-09-13T07:00:00
W-1173,CDU-III,1.5,2026-09-13T07:30:00
W-1176,ETP,0.9,2026-09-13T08:00:00
W-1176,ETP,0.9,2026-09-13T08:30:00
W-1176,ETP,1.2,2026-09-13T09:00:00
W-1176,ETP,1.1,2026-09-13T09:30:00
W-1176,ETP,1.1,2026-09-13T10:00:00
W-1176,ETP,1.2,2026-09-13T10:30:00
W-1176,ETP,0.9,2026-09-13T11:00:00
W-1176,ETP,1.0,2026-09-13T11:30:00
W-1176,ETP,1.4,2026-09-13T12:00:00
W-1176,ETP,2.4,2026-09-13T12:30:00
W-1176,ETP,1.9,2026-09-13T13:00:00
W-1176,ETP,0.8,2026-09-13T13:30:00
W-1176,ETP,1.3,2026-09-13T14:00:00
W-1176,ETP,1.1,2026-09-13T14:30:00
W-1176,ETP,1.0,2026-09-13T15:00:00
W-1176,ETP,1.2,2026-09-13T15:30:00
W-1182,SRU,19.4,2026-09-13T00:00:00
W-1182,SRU,6.4,2026-09-13T00:30:00
W-1182,SRU,6.5,2026-09-13T01:00:00
W-1182,SRU,5.8,2026-09-13T01:30:00
W-1182,SRU,16.4,2026-09-13T02:00:00
W-1182,SRU,3.2,2026-09-13T02:30:00
W-1182,SRU,4.3,2026-09-13T03:00:00
W-1182,SRU,2.6,2026-09-13T03:30:00
W-1182,SRU,3.1,2026-09-13T04:00:00
W-1182,SRU,3.9,2026-09-13T04:30:00
W-1182,SRU,5.7,2026-09-13T05:00:00
W-1182,SRU,3.1,2026-09-13T05:30:00
W-1182,SRU,6.1,2026-09-13T06:00:00
W-1182,SRU,3.5,2026-09-13T06:30:00
W-1182,SRU,4.0,2026-09-13T07:00:00
W-1182,SRU,5.1,2026-09-13T07:30:00
W-1185,ARU,5.1,2026-09-13T08:00:00
W-1185,ARU,2.7,2026-09-13T08:30:00
W-1185,ARU,4.9,2026-09-13T09:00:00
W-1185,ARU,3.9,2026-09-13T09:30:00
W-1185,ARU,3.5,2026-09-13T10:00:00
W-1185,ARU,4.7,2026-09-13T10:30:00
W-1185,ARU,3.6,2026-09-13T11:00:00
W-1185,ARU,2.2,2026-09-13T11:30:00
W-1185,ARU,2.1,2026-09-13T12:00:00
W-1185,ARU,2.9,2026-09-13T12:30:00
W-1185,ARU,4.9,2026-09-13T13:00:00
W-1185,ARU,4.4,2026-09-13T13:30:00
W-1185,ARU,4.1,2026-09-13T14:00:00
W-1185,ARU,2.5,2026-09-13T14:30:00
W-1185,ARU,2.3,2026-09-13T15:00:00
W-1185,ARU,3.6,2026-09-13T15:30:00
W-1188,SWS,3.4,2026-09-13T16:00:00
W-1188,SWS,3.0,2026-09-13T16:30:00
W-1188,SWS,2.9,2026-09-13T17:00:00
W-1188,SWS,4.0,2026-09-13T17:30:00
W-1188,SWS,2.9,2026-09-13T18:00:00
W-1188,SWS,4.9,2026-09-13T18:30:00
W-1188,SWS,8.2,2026-09-13T19:00:00
W-1188,SWS,12.2,2026-09-13T19:30:00
W-1188,SWS,4.6,2026-09-13T20:00:00
W-1188,SWS,8.6,2026-09-13T20:30:00
W-1188,SWS,17.2,2026-09-13T21:00:00
W-1188,SWS,5.1,2026-09-13T21:30:00
W-1188,SWS,3.3,2026-09-13T22:00:00
W-1188,SWS,3.9,2026-09-13T22:30:00
W-1188,SWS,3.4,2026-09-13T23:00:00
W-1188,SWS,10.4,2026-09-13T23:30:00
W-1191,DCU,1.9,2026-09-13T00:00:00
W-1191,DCU,3.6,2026-09-13T00:30:00
W-1191,DCU,2.7,2026-09-13T01:00:00
W-1191,DCU,2.6,2026-09-13T01:30:00
W-1191,DCU,2.0,2026-09-13T02:00:00
W-1191,DCU,3.5,2026-09-13T02:30:00
W-1191,DCU,3.4,2026-09-13T03:00:00
W-1191,DCU,1.7,2026-09-13T03:30:00
W-1191,DCU,1.7,2026-09-13T04:00:00
W-1191,DCU,1.9,2026-09-13T04:30:00
W-1191,DCU,3.4,2026-09-13T05:00:00
W-1191,DCU,2.9,2026-09-13T05:30:00
W-1191,DCU,3.2,2026-09-13T06:00:00
W-1191,DCU,3.1,2026-09-13T06:30:00
W-1191,DCU,2.3,2026-09-13T07:00:00
W-1191,DCU,1.9,2026-09-13T07:30:00
W-1194,HCU,2.0,2026-09-13T08:00:00
W-1194,HCU,2.9,2026-09-13T08:30:00
W-1194,HCU,2.0,2026-09-13T09:00:00
W-1194,HCU,1.9,2026-09-13T09:30:00
W-1194,HCU,1.7,2026-09-13T10:00:00
W-1194,HCU,2.7,2026-09-13T10:30:00
W-1194,HCU,3.1,2026-09-13T11:00:00
W-1194,HCU,3.7,2026-09-13T11:30:00
W-1194,HCU,2.6,2026-09-13T12:00:00
W-1194,HCU,1.6,2026-09-13T12:30:00
W-1194,HCU,1.9,2026-09-13T13:00:00
W-1194,HCU,1.2,2026-09-13T13:30:00
W-1194,HCU,2.3,2026-09-13T14:00:00
W-1194,HCU,2.1,2026-09-13T14:30:00
W-1194,HCU,1.5,2026-09-13T15:00:00
W-1194,HCU,2.3,2026-09-13T15:30:00
W-1197,DHDT,1.1,2026-09-13T16:00:00
W-1197,DHDT,2.2,2026-09-13T16:30:00
W-1197,DHDT,2.3,2026-09-13T17:00:00
W-1197,DHDT,1.3,2026-09-13T17:30:00
W-1197,DHDT,1.2,2026-09-13T18:00:00
W-1197,DHDT,1.6,2026-09-13T18:30:00
W-1197,DHDT,2.3,2026-09-13T19:00:00
W-1197,DHDT,3.9,2026-09-13T19:30:00
W-1197,DHDT,4.8,2026-09-13T20:00:00
W-1197,DHDT,3.3,2026-09-13T20:30:00
W-1197,DHDT,1.5,2026-09-13T21:00:00
W-1197,DHDT,1.0,2026-09-13T21:30:00
W-1197,DHDT,2.1,2026-09-13T22:00:00
W-1197,DHDT,1.5,2026-09-13T22:30:00
W-1197,DHDT,2.2,2026-09-13T23:00:00
W-1197,DHDT,2.2,2026-09-13T23:30:00
W-1200,CDU-III,0.8,2026-09-13T00:00:00
W-1200,CDU-III,1.3,2026-09-13T00:30:00
W-1200,CDU-III,0.9,2026-09-13T01:00:00
W-1200,CDU-III,1.4,2026-09-13T01:30:00
W-1200,CDU-III,1.9,2026-09-13T02:00:00
W-1200,CDU-III,1.9,2026-09-13T02:30:00
W-1200,CDU-III,1.3,2026-09-13T03:00:00
W-1200,CDU-III,1.2,2026-09-13T03:30:00
W-1200,CDU-III,1.5,2026-09-13T04:00:00
W-1200,CDU-III,1.5,2026-09-13T04:30:00
W-1200,CDU-III,1.6,2026-09-13T05:00:00
W-1200,CDU-III,0.9,2026-09-13T05:30:00
W-1200,CDU-III,0.9,2026-09-13T06:00:00
W-1200,CDU-III,1.8,2026-09-13T06:30:00
W-1200,CDU-III,1.7,2026-09-13T07:00:00
W-1200,CDU-III,1.2,2026-09-13T07:30:00
W-1203,ETP,1.1,2026-09-13T08:00:00
W-1203,ETP,0.6,2026-09-13T08:30:00
W-1203,ETP,1.3,2026-09-13T09:00:00
W-1203,ETP,0.8,2026-09-13T09:30:00
W-1203,ETP,1.1,2026-09-13T10:00:00
W-1203,ETP,1.3,2026-09-13T10:30:00
W-1203,ETP,1.1,2026-09-13T11:00:00
W-1203,ETP,0.8,2026-09-13T11:30:00
W-1203,ETP,1.0,2026-09-13T12:00:00
W-1203,ETP,1.1,2026-09-13T12:30:00
W-1203,ETP,1.1,2026-09-13T13:00:00
W-1203,ETP,1.0,2026-09-13T13:30:00
W-1203,ETP,0.7,2026-09-13T14:00:00
W-1203,ETP,0.9,2026-09-13T14:30:00
W-1203,ETP,1.0,2026-09-13T15:00:00
W-1203,ETP,1.0,2026-09-13T15:30:00
W-1206,TF,0.6,2026-09-13T16:00:00
W-1206,TF,0.7,2026-09-13T16:30:00
W-1206,TF,0.7,2026-09-13T17:00:00
W-1206,TF,0.5,2026-09-13T17:30:00
W-1206,TF,0.4,2026-09-13T18:00:00
W-1206,TF,0.6,2026-09-13T18:30:00
W-1206,TF,0.6,2026-09-13T19:00:00
W-1206,TF,0.6,2026-09-13T19:30:00
W-1206,TF,0.5,2026-09-13T20:00:00
W-1206,TF,0.5,2026-09-13T20:30:00
W-1206,TF,0.5,2026-09-13T21:00:00
W-1206,TF,0.8,2026-09-13T21:30:00
W-1206,TF,0.8,2026-09-13T22:00:00
W-1206,TF,0.7,2026-09-13T22:30:00
W-1206,TF,0.8,2026-09-13T23:00:00
W-1206,TF,0.3,2026-09-13T23:30:00
W-1209,SRU,3.6,2026-09-13T00:00:00
W-1209,SRU,6.3,2026-09-13T00:30:00
W-1209,SRU,2.7,2026-09-13T01:00:00
W-1209,SRU,3.8,2026-09-13T01:30:00
W-1209,SRU,5.8,2026-09-13T02:00:00
W-1209,SRU,5.9,2026-09-13T02:30:00
W-1209,SRU,5.8,2026-09-13T03:00:00
W-1209,SRU,5.0,2026-09-13T03:30:00
W-1209,SRU,2.5,2026-09-13T04:00:00
W-1209,SRU,4.4,2026-09-13T04:30:00
W-1209,SRU,4.8,2026-09-13T05:00:00
W-1209,SRU,5.7,2026-09-13T05:30:00
W-1209,SRU,4.6,2026-09-13T06:00:00
W-1209,SRU,5.4,2026-09-13T06:30:00
W-1209,SRU,5.1,2026-09-13T07:00:00
W-1209,SRU,6.2,2026-09-13T07:30:00
W-1212,ARU,4.4,2026-09-13T08:00:00
W-1212,ARU,2.3,2026-09-13T08:30:00
W-1212,ARU,7.0,2026-09-13T09:00:00
W-1212,ARU,14.4,2026-09-13T09:30:00
W-1212,ARU,18.5,2026-09-13T10:00:00
W-1212,ARU,2.9,2026-09-13T10:30:00
W-1212,ARU,3.4,2026-09-13T11:00:00
W-1212,ARU,5.0,2026-09-13T11:30:00
W-1212,ARU,4.9,2026-09-13T12:00:00
W-1212,ARU,3.2,2026-09-13T12:30:00
W-1212,ARU,4.9,2026-09-13T13:00:00
W-1212,ARU,3.8,2026-09-13T13:30:00
W-1212,ARU,3.9,2026-09-13T14:00:00
W-1212,ARU,9.6,2026-09-13T14:30:00
W-1212,ARU,3.7,2026-09-13T15:00:00
W-1212,ARU,3.1,2026-09-13T15:30:00
W-1215,SWS,3.2,2026-09-13T16:00:00
W-1215,SWS,3.4,2026-09-13T16:30:00
W-1215,SWS,5.9,2026-09-13T17:00:00
W-1215,SWS,4.8,2026-09-13T17:30:00
W-1215,SWS,2.7,2026-09-13T18:00:00
W-1215,SWS,6.0,2026-09-13T18:30:00
W-1215,SWS,3.6,2026-09-13T19:00:00
W-1215,SWS,2.8,2026-09-13T19:30:00
W-1215,SWS,4.3,2026-09-13T20:00:00
W-1215,SWS,6.0,2026-09-13T20:30:00
W-1215,SWS,14.7,2026-09-13T21:00:00
W-1215,SWS,3.0,2026-09-13T21:30:00
W-1215,SWS,5.4,2026-09-13T22:00:00
W-1215,SWS,2.4,2026-09-13T22:30:00
W-1215,SWS,5.1,2026-09-13T23:00:00
W-1215,SWS,4.3,2026-09-13T23:30:00
W-1218,DCU,2.7,2026-09-13T00:00:00
W-1218,DCU,1.4,2026-09-13T00:30:00
W-1218,DCU,1.8,2026-09-13T01:00:00
W-1218,DCU,3.2,2026-09-13T01:30:00
W-1218,DCU,3.7,2026-09-13T02:00:00
W-1218,DCU,3.0,2026-09-13T02:30:00
W-1218,DCU,3.0,2026-09-13T03:00:00
W-1218,DCU,2.9,2026-09-13T03:30:00
W-1218,DCU,2.4,2026-09-13T04:00:00
W-1218,DCU,2.8,2026-09-13T04:30:00
W-1218,DCU,2.7,2026-09-13T05:00:00
W-1218,DCU,2.0,2026-09-13T05:30:00
W-1218,DCU,3.7,2026-09-13T06:00:00
W-1218,DCU,1.7,2026-09-13T06:30:00
W-1218,DCU,3.6,2026-09-13T07:00:00
W-1218,DCU,2.1,2026-09-13T07:30:00
W-1221,HCU,1.7,2026-09-13T08:00:00
W-1221,HCU,2.0,2026-09-13T08:30:00
W-1221,HCU,2.6,2026-09-13T09:00:00
W-1221,HCU,1.1,2026-09-13T09:30:00
W-1221,HCU,1.6,2026-09-13T10:00:00
W-1221,HCU,1.2,2026-09-13T10:30:00
W-1221,HCU,2.2,2026-09-13T11:00:00
W-1221,HCU,1.9,2026-09-13T11:30:00
W-1221,HCU,2.6,2026-09-13T12:00:00
W-1221,HCU,1.8,2026-09-13T12:30:00
W-1221,HCU,1.7,2026-09-13T13:00:00
W-1221,HCU,2.3,2026-09-13T13:30:00
W-1221,HCU,2.5,2026-09-13T14:00:00
W-1221,HCU,2.6,2026-09-13T14:30:00
W-1221,HCU,1.3,2026-09-13T15:00:00
W-1221,HCU,2.4,2026-09-13T15:30:00
W-1224,DHDT,1.5,2026-09-13T16:00:00
W-1224,DHDT,1.7,2026-09-13T16:30:00
W-1224,DHDT,1.6,2026-09-13T17:00:00
W-1224,DHDT,2.3,2026-09-13T17:30:00
W-1224,DHDT,1.9,2026-09-13T18:00:00
W-1224,DHDT,1.0,2026-09-13T18:30:00
W-1224,DHDT,2.3,2026-09-13T19:00:00
W-1224,DHDT,1.0,2026-09-13T19:30:00
W-1224,DHDT,1.1,2026-09-13T20:00:00
W-1224,DHDT,2.1,2026-09-13T20:30:00
W-1224,DHDT,1.4,2026-09-13T21:00:00
W-1224,DHDT,1.9,2026-09-13T21:30:00
W-1224,DHDT,2.2,2026-09-13T22:00:00
W-1224,DHDT,1.0,2026-09-13T22:30:00
W-1224,DHDT,1.7,2026-09-13T23:00:00
W-1224,DHDT,3.8,2026-09-13T23:30:00
W-1227,CDU-III,1.6,2026-09-13T00:00:00
W-1227,CDU-III,1.1,2026-09-13T00:30:00
W-1227,CDU-III,1.4,2026-09-13T01:00:00
W-1227,CDU-III,0.9,2026-09-13T01:30:00
W-1227,CDU-III,1.5,2026-09-13T02:00:00
W-1227,CDU-III,1.1,2026-09-13T02:30:00
W-1227,CDU-III,1.2,2026-09-13T03:00:00
W-1227,CDU-III,1.7,2026-09-13T03:30:00
W-1227,CDU-III,1.7,2026-09-13T04:00:00
W-1227,CDU-III,1.0,2026-09-13T04:30:00
W-1227,CDU-III,1.2,2026-09-13T05:00:00
W-1227,CDU-III,1.3,2026-09-13T05:30:00
W-1227,CDU-III,1.7,2026-09-13T06:00:00
W-1227,CDU-III,1.7,2026-09-13T06:30:00
W-1227,CDU-III,0.8,2026-09-13T07:00:00
W-1227,CDU-III,1.4,2026-09-13T07:30:00
W-1230,ETP,0.9,2026-09-13T08:00:00
W-1230,ETP,1.2,2026-09-13T08:30:00
W-1230,ETP,1.0,2026-09-13T09:00:00
W-1230,ETP,0.6,2026-09-13T09:30:00
W-1230,ETP,4.5,2026-09-13T10:00:00
W-1230,ETP,0.8,2026-09-13T10:30:00
W-1230,ETP,1.0,2026-09-13T11:00:00
W-1230,ETP,0.6,2026-09-13T11:30:00
W-1230,ETP,0.6,2026-09-13T12:00:00
W-1230,ETP,0.8,2026-09-13T12:30:00
W-1230,ETP,0.9,2026-09-13T13:00:00
W-1230,ETP,0.9,2026-09-13T13:30:00
W-1230,ETP,0.9,2026-09-13T14:00:00
W-1230,ETP,1.4,2026-09-13T14:30:00
W-1230,ETP,0.6,2026-09-13T15:00:00
W-1230,ETP,0.7,2026-09-13T15:30:00
W-1233,TF,0.4,2026-09-13T16:00:00
W-1233,TF,0.3,2026-09-13T16:30:00
W-1233,TF,1.2,2026-09-13T17:00:00
W-1233,TF,0.9,2026-09-13T17:30:00
W-1233,TF,0.4,2026-09-13T18:00:00
W-1233,TF,0.4,2026-09-13T18:30:00
W-1233,TF,0.3,2026-09-13T19:00:00
W-1233,TF,0.5,2026-09-13T19:30:00
W-1233,TF,0.4,2026-09-13T20:00:00
W-1233,TF,0.6,2026-09-13T20:30:00
W-1233,TF,0.4,2026-09-13T21:00:00
W-1233,TF,0.4,2026-09-13T21:30:00
W-1233,TF,0.7,2026-09-13T22:00:00
W-1233,TF,0.6,2026-09-13T22:30:00
W-1233,TF,0.4,2026-09-13T23:00:00
W-1233,TF,0.8,2026-09-13T23:30:00
W-1101,SRU,6.3,2026-09-14T00:00:00
W-1101,SRU,3.3,2026-09-14T00:30:00
W-1101,SRU,4.8,2026-09-14T01:00:00
W-1101,SRU,5.8,2026-09-14T01:30:00
W-1101,SRU,12.3,2026-09-14T02:00:00
W-1101,SRU,11.8,2026-09-14T02:30:00
W-1101,SRU,6.2,2026-09-14T03:00:00
W-1101,SRU,3.4,2026-09-14T03:30:00
W-1101,SRU,3.1,2026-09-14T04:00:00
W-1101,SRU,7.6,2026-09-14T04:30:00
W-1101,SRU,7.7,2026-09-14T05:00:00
W-1101,SRU,4.2,2026-09-14T05:30:00
W-1101,SRU,3.3,2026-09-14T06:00:00
W-1101,SRU,7.1,2026-09-14T06:30:00
W-1101,SRU,3.9,2026-09-14T07:00:00
W-1101,SRU,5.3,2026-09-14T07:30:00
W-1104,ARU,3.5,2026-09-14T08:00:00
W-1104,ARU,5.9,2026-09-14T08:30:00
W-1104,ARU,2.8,2026-09-14T09:00:00
W-1104,ARU,5.7,2026-09-14T09:30:00
W-1104,ARU,6.3,2026-09-14T10:00:00
W-1104,ARU,5.0,2026-09-14T10:30:00
W-1104,ARU,5.9,2026-09-14T11:00:00
W-1104,ARU,6.0,2026-09-14T11:30:00
W-1104,ARU,5.0,2026-09-14T12:00:00
W-1104,ARU,9.8,2026-09-14T12:30:00
W-1104,ARU,14.9,2026-09-14T13:00:00
W-1104,ARU,6.4,2026-09-14T13:30:00
W-1104,ARU,5.3,2026-09-14T14:00:00
W-1104,ARU,4.0,2026-09-14T14:30:00
W-1104,ARU,6.3,2026-09-14T15:00:00
W-1104,ARU,4.4,2026-09-14T15:30:00
W-1107,SWS,3.5,2026-09-14T16:00:00
W-1107,SWS,6.5,2026-09-14T16:30:00
W-1107,SWS,3.6,2026-09-14T17:00:00
W-1107,SWS,18.5,2026-09-14T17:30:00
W-1107,SWS,11.3,2026-09-14T18:00:00
W-1107,SWS,7.3,2026-09-14T18:30:00
W-1107,SWS,5.7,2026-09-14T19:00:00
W-1107,SWS,5.8,2026-09-14T19:30:00
W-1107,SWS,4.4,2026-09-14T20:00:00
W-1107,SWS,13.4,2026-09-14T20:30:00
W-1107,SWS,6.1,2026-09-14T21:00:00
W-1107,SWS,16.0,2026-09-14T21:30:00
W-1107,SWS,11.8,2026-09-14T22:00:00
W-1107,SWS,5.2,2026-09-14T22:30:00
W-1107,SWS,7.1,2026-09-14T23:00:00
W-1107,SWS,6.5,2026-09-14T23:30:00
W-1113,HCU,2.8,2026-09-14T08:00:00
W-1113,HCU,3.1,2026-09-14T08:30:00
W-1113,HCU,1.7,2026-09-14T09:00:00
W-1113,HCU,2.9,2026-09-14T09:30:00
W-1113,HCU,2.2,2026-09-14T10:00:00
W-1113,HCU,1.2,2026-09-14T10:30:00
W-1113,HCU,2.0,2026-09-14T11:00:00
W-1113,HCU,2.5,2026-09-14T11:30:00
W-1113,HCU,2.0,2026-09-14T12:00:00
W-1113,HCU,3.2,2026-09-14T12:30:00
W-1113,HCU,3.1,2026-09-14T13:00:00
W-1113,HCU,1.7,2026-09-14T13:30:00
W-1113,HCU,2.6,2026-09-14T14:00:00
W-1113,HCU,1.6,2026-09-14T14:30:00
W-1113,HCU,1.5,2026-09-14T15:00:00
W-1113,HCU,3.2,2026-09-14T15:30:00
W-1116,DHDT,2.4,2026-09-14T16:00:00
W-1116,DHDT,1.0,2026-09-14T16:30:00
W-1116,DHDT,2.0,2026-09-14T17:00:00
W-1116,DHDT,1.5,2026-09-14T17:30:00
W-1116,DHDT,2.0,2026-09-14T18:00:00
W-1116,DHDT,2.4,2026-09-14T18:30:00
W-1116,DHDT,1.5,2026-09-14T19:00:00
W-1116,DHDT,1.1,2026-09-14T19:30:00
W-1116,DHDT,7.6,2026-09-14T20:00:00
W-1116,DHDT,2.2,2026-09-14T20:30:00
W-1116,DHDT,7.8,2026-09-14T21:00:00
W-1116,DHDT,1.6,2026-09-14T21:30:00
W-1116,DHDT,2.6,2026-09-14T22:00:00
W-1116,DHDT,2.6,2026-09-14T22:30:00
W-1116,DHDT,1.2,2026-09-14T23:00:00
W-1116,DHDT,2.1,2026-09-14T23:30:00
W-1119,CDU-III,1.7,2026-09-14T00:00:00
W-1119,CDU-III,1.3,2026-09-14T00:30:00
W-1119,CDU-III,1.7,2026-09-14T01:00:00
W-1119,CDU-III,1.5,2026-09-14T01:30:00
W-1119,CDU-III,2.2,2026-09-14T02:00:00
W-1119,CDU-III,2.2,2026-09-14T02:30:00
W-1119,CDU-III,1.4,2026-09-14T03:00:00
W-1119,CDU-III,0.9,2026-09-14T03:30:00
W-1119,CDU-III,2.8,2026-09-14T04:00:00
W-1119,CDU-III,3.8,2026-09-14T04:30:00
W-1119,CDU-III,4.7,2026-09-14T05:00:00
W-1119,CDU-III,2.1,2026-09-14T05:30:00
W-1119,CDU-III,0.9,2026-09-14T06:00:00
W-1119,CDU-III,5.4,2026-09-14T06:30:00
W-1119,CDU-III,2.2,2026-09-14T07:00:00
W-1119,CDU-III,1.1,2026-09-14T07:30:00
W-1125,TF,0.9,2026-09-14T16:00:00
W-1125,TF,0.4,2026-09-14T16:30:00
W-1125,TF,0.4,2026-09-14T17:00:00
W-1125,TF,0.9,2026-09-14T17:30:00
W-1125,TF,0.8,2026-09-14T18:00:00
W-1125,TF,0.7,2026-09-14T18:30:00
W-1125,TF,0.8,2026-09-14T19:00:00
W-1125,TF,0.6,2026-09-14T19:30:00
W-1125,TF,0.9,2026-09-14T20:00:00
W-1125,TF,0.6,2026-09-14T20:30:00
W-1125,TF,0.5,2026-09-14T21:00:00
W-1125,TF,0.5,2026-09-14T21:30:00
W-1125,TF,0.4,2026-09-14T22:00:00
W-1125,TF,0.9,2026-09-14T22:30:00
W-1125,TF,0.5,2026-09-14T23:00:00
W-1125,TF,0.9,2026-09-14T23:30:00
W-1128,SRU,5.9,2026-09-14T00:00:00
W-1128,SRU,15.1,2026-09-14T00:30:00
W-1128,SRU,7.2,2026-09-14T01:00:00
W-1128,SRU,5.8,2026-09-14T01:30:00
W-1128,SRU,6.7,2026-09-14T02:00:00
W-1128,SRU,4.8,2026-09-14T02:30:00
W-1128,SRU,3.2,2026-09-14T03:00:00
W-1128,SRU,7.4,2026-09-14T03:30:00
W-1128,SRU,7.1,2026-09-14T04:00:00
W-1128,SRU,14.6,2026-09-14T04:30:00
W-1128,SRU,4.6,2026-09-14T05:00:00
W-1128,SRU,5.1,2026-09-14T05:30:00
W-1128,SRU,5.7,2026-09-14T06:00:00
W-1128,SRU,5.5,2026-09-14T06:30:00
W-1128,SRU,7.8,2026-09-14T07:00:00
W-1128,SRU,3.6,2026-09-14T07:30:00
W-1131,ARU,2.5,2026-09-14T08:00:00
W-1131,ARU,5.7,2026-09-14T08:30:00
W-1131,ARU,7.4,2026-09-14T09:00:00
W-1131,ARU,2.8,2026-09-14T09:30:00
W-1131,ARU,6.4,2026-09-14T10:00:00
W-1131,ARU,3.4,2026-09-14T10:30:00
W-1131,ARU,12.9,2026-09-14T11:00:00
W-1131,ARU,21.2,2026-09-14T11:30:00
W-1131,ARU,20.7,2026-09-14T12:00:00
W-1131,ARU,4.1,2026-09-14T12:30:00
W-1131,ARU,6.2,2026-09-14T13:00:00
W-1131,ARU,17.8,2026-09-14T13:30:00
W-1131,ARU,9.5,2026-09-14T14:00:00
W-1131,ARU,8.8,2026-09-14T14:30:00
W-1131,ARU,6.2,2026-09-14T15:00:00
W-1131,ARU,6.0,2026-09-14T15:30:00
W-1134,SWS,4.9,2026-09-14T16:00:00
W-1134,SWS,5.0,2026-09-14T16:30:00
W-1134,SWS,15.0,2026-09-14T17:00:00
W-1134,SWS,20.5,2026-09-14T17:30:00
W-1134,SWS,7.8,2026-09-14T18:00:00
W-1134,SWS,3.4,2026-09-14T18:30:00
W-1134,SWS,3.1,2026-09-14T19:00:00
W-1134,SWS,4.9,2026-09-14T19:30:00
W-1134,SWS,6.2,2026-09-14T20:00:00
W-1134,SWS,3.3,2026-09-14T20:30:00
W-1134,SWS,7.2,2026-09-14T21:00:00
W-1134,SWS,6.1,2026-09-14T21:30:00
W-1134,SWS,3.7,2026-09-14T22:00:00
W-1134,SWS,7.1,2026-09-14T22:30:00
W-1134,SWS,6.4,2026-09-14T23:00:00
W-1134,SWS,5.2,2026-09-14T23:30:00
W-1137,DCU,1.7,2026-09-14T00:00:00
W-1137,DCU,3.6,2026-09-14T00:30:00
W-1137,DCU,1.8,2026-09-14T01:00:00
W-1137,DCU,2.9,2026-09-14T01:30:00
W-1137,DCU,3.0,2026-09-14T02:00:00
W-1137,DCU,3.1,2026-09-14T02:30:00
W-1137,DCU,4.4,2026-09-14T03:00:00
W-1137,DCU,2.5,2026-09-14T03:30:00
W-1137,DCU,3.0,2026-09-14T04:00:00
W-1137,DCU,3.9,2026-09-14T04:30:00
W-1137,DCU,2.2,2026-09-14T05:00:00
W-1137,DCU,3.5,2026-09-14T05:30:00
W-1137,DCU,3.7,2026-09-14T06:00:00
W-1137,DCU,2.3,2026-09-14T06:30:00
W-1137,DCU,2.4,2026-09-14T07:00:00
W-1137,DCU,10.8,2026-09-14T07:30:00
W-1140,HCU,1.8,2026-09-14T08:00:00
W-1140,HCU,2.5,2026-09-14T08:30:00
W-1140,HCU,3.3,2026-09-14T09:00:00
W-1140,HCU,1.4,2026-09-14T09:30:00
W-1140,HCU,2.1,2026-09-14T10:00:00
W-1140,HCU,2.9,2026-09-14T10:30:00
W-1140,HCU,1.5,2026-09-14T11:00:00
W-1140,HCU,3.1,2026-09-14T11:30:00
W-1140,HCU,3.0,2026-09-14T12:00:00
W-1140,HCU,1.5,2026-09-14T12:30:00
W-1140,HCU,1.6,2026-09-14T13:00:00
W-1140,HCU,1.8,2026-09-14T13:30:00
W-1140,HCU,2.7,2026-09-14T14:00:00
W-1140,HCU,2.4,2026-09-14T14:30:00
W-1140,HCU,1.6,2026-09-14T15:00:00
W-1140,HCU,1.6,2026-09-14T15:30:00
W-1143,DHDT,1.9,2026-09-14T16:00:00
W-1143,DHDT,2.1,2026-09-14T16:30:00
W-1143,DHDT,2.2,2026-09-14T17:00:00
W-1143,DHDT,2.1,2026-09-14T17:30:00
W-1143,DHDT,1.5,2026-09-14T18:00:00
W-1143,DHDT,1.8,2026-09-14T18:30:00
W-1143,DHDT,1.9,2026-09-14T19:00:00
W-1143,DHDT,1.5,2026-09-14T19:30:00
W-1143,DHDT,1.5,2026-09-14T20:00:00
W-1143,DHDT,1.3,2026-09-14T20:30:00
W-1143,DHDT,1.1,2026-09-14T21:00:00
W-1143,DHDT,2.4,2026-09-14T21:30:00
W-1143,DHDT,2.7,2026-09-14T22:00:00
W-1143,DHDT,2.8,2026-09-14T22:30:00
W-1143,DHDT,2.7,2026-09-14T23:00:00
W-1143,DHDT,2.1,2026-09-14T23:30:00
W-1146,CDU-III,3.8,2026-09-14T00:00:00
W-1146,CDU-III,1.9,2026-09-14T00:30:00
W-1146,CDU-III,1.4,2026-09-14T01:00:00
W-1146,CDU-III,1.3,2026-09-14T01:30:00
W-1146,CDU-III,1.8,2026-09-14T02:00:00
W-1146,CDU-III,1.1,2026-09-14T02:30:00
W-1146,CDU-III,1.3,2026-09-14T03:00:00
W-1146,CDU-III,1.1,2026-09-14T03:30:00
W-1146,CDU-III,1.3,2026-09-14T04:00:00
W-1146,CDU-III,1.7,2026-09-14T04:30:00
W-1146,CDU-III,1.6,2026-09-14T05:00:00
W-1146,CDU-III,2.3,2026-09-14T05:30:00
W-1146,CDU-III,6.5,2026-09-14T06:00:00
W-1146,CDU-III,3.8,2026-09-14T06:30:00
W-1146,CDU-III,0.9,2026-09-14T07:00:00
W-1146,CDU-III,2.2,2026-09-14T07:30:00
W-1149,ETP,1.1,2026-09-14T08:00:00
W-1149,ETP,1.5,2026-09-14T08:30:00
W-1149,ETP,1.5,2026-09-14T09:00:00
W-1149,ETP,1.3,2026-09-14T09:30:00
W-1149,ETP,1.6,2026-09-14T10:00:00
W-1149,ETP,1.2,2026-09-14T10:30:00
W-1149,ETP,1.6,2026-09-14T11:00:00
W-1149,ETP,1.0,2026-09-14T11:30:00
W-1149,ETP,1.6,2026-09-14T12:00:00
W-1149,ETP,0.7,2026-09-14T12:30:00
W-1149,ETP,1.4,2026-09-14T13:00:00
W-1149,ETP,1.4,2026-09-14T13:30:00
W-1149,ETP,1.6,2026-09-14T14:00:00
W-1149,ETP,1.7,2026-09-14T14:30:00
W-1149,ETP,1.2,2026-09-14T15:00:00
W-1149,ETP,0.6,2026-09-14T15:30:00
W-1152,TF,0.5,2026-09-14T16:00:00
W-1152,TF,0.9,2026-09-14T16:30:00
W-1152,TF,1.2,2026-09-14T17:00:00
W-1152,TF,2.0,2026-09-14T17:30:00
W-1152,TF,1.9,2026-09-14T18:00:00
W-1152,TF,0.5,2026-09-14T18:30:00
W-1152,TF,0.5,2026-09-14T19:00:00
W-1152,TF,0.8,2026-09-14T19:30:00
W-1152,TF,0.8,2026-09-14T20:00:00
W-1152,TF,0.5,2026-09-14T20:30:00
W-1152,TF,0.7,2026-09-14T21:00:00
W-1152,TF,0.6,2026-09-14T21:30:00
W-1152,TF,0.4,2026-09-14T22:00:00
W-1152,TF,0.6,2026-09-14T22:30:00
W-1152,TF,0.5,2026-09-14T23:00:00
W-1152,TF,0.6,2026-09-14T23:30:00
W-1155,SRU,6.2,2026-09-14T00:00:00
W-1155,SRU,7.1,2026-09-14T00:30:00
W-1155,SRU,3.9,2026-09-14T01:00:00
W-1155,SRU,4.1,2026-09-14T01:30:00
W-1155,SRU,11.9,2026-09-14T02:00:00
W-1155,SRU,13.7,2026-09-14T02:30:00
W-1155,SRU,9.1,2026-09-14T03:00:00
W-1155,SRU,3.3,2026-09-14T03:30:00
W-1155,SRU,4.8,2026-09-14T04:00:00
W-1155,SRU,3.9,2026-09-14T04:30:00
W-1155,SRU,6.9,2026-09-14T05:00:00
W-1155,SRU,6.8,2026-09-14T05:30:00
W-1155,SRU,5.7,2026-09-14T06:00:00
W-1155,SRU,7.4,2026-09-14T06:30:00
W-1155,SRU,7.5,2026-09-14T07:00:00
W-1155,SRU,4.3,2026-09-14T07:30:00
W-1158,ARU,4.1,2026-09-14T08:00:00
W-1158,ARU,6.0,2026-09-14T08:30:00
W-1158,ARU,4.9,2026-09-14T09:00:00
W-1158,ARU,15.2,2026-09-14T09:30:00
W-1158,ARU,13.7,2026-09-14T10:00:00
W-1158,ARU,10.8,2026-09-14T10:30:00
W-1158,ARU,6.5,2026-09-14T11:00:00
W-1158,ARU,2.6,2026-09-14T11:30:00
W-1158,ARU,2.8,2026-09-14T12:00:00
W-1158,ARU,3.1,2026-09-14T12:30:00
W-1158,ARU,5.5,2026-09-14T13:00:00
W-1158,ARU,2.8,2026-09-14T13:30:00
W-1158,ARU,5.4,2026-09-14T14:00:00
W-1158,ARU,4.6,2026-09-14T14:30:00
W-1158,ARU,5.4,2026-09-14T15:00:00
W-1158,ARU,20.8,2026-09-14T15:30:00
W-1167,HCU,5.8,2026-09-14T08:00:00
W-1167,HCU,5.7,2026-09-14T08:30:00
W-1167,HCU,3.9,2026-09-14T09:00:00
W-1167,HCU,2.5,2026-09-14T09:30:00
W-1167,HCU,2.7,2026-09-14T10:00:00
W-1167,HCU,3.0,2026-09-14T10:30:00
W-1167,HCU,1.8,2026-09-14T11:00:00
W-1167,HCU,2.4,2026-09-14T11:30:00
W-1167,HCU,3.3,2026-09-14T12:00:00
W-1167,HCU,2.8,2026-09-14T12:30:00
W-1167,HCU,1.8,2026-09-14T13:00:00
W-1167,HCU,3.0,2026-09-14T13:30:00
W-1167,HCU,3.0,2026-09-14T14:00:00
W-1167,HCU,2.4,2026-09-14T14:30:00
W-1167,HCU,1.6,2026-09-14T15:00:00
W-1167,HCU,3.3,2026-09-14T15:30:00
W-1170,DHDT,2.2,2026-09-14T16:00:00
W-1170,DHDT,1.4,2026-09-14T16:30:00
W-1170,DHDT,2.4,2026-09-14T17:00:00
W-1170,DHDT,1.4,2026-09-14T17:30:00
W-1170,DHDT,2.6,2026-09-14T18:00:00
W-1170,DHDT,1.9,2026-09-14T18:30:00
W-1170,DHDT,1.4,2026-09-14T19:00:00
W-1170,DHDT,1.4,2026-09-14T19:30:00
W-1170,DHDT,2.3,2026-09-14T20:00:00
W-1170,DHDT,2.2,2026-09-14T20:30:00
W-1170,DHDT,2.4,2026-09-14T21:00:00
W-1170,DHDT,2.2,2026-09-14T21:30:00
W-1170,DHDT,1.7,2026-09-14T22:00:00
W-1170,DHDT,1.9,2026-09-14T22:30:00
W-1170,DHDT,1.3,2026-09-14T23:00:00
W-1170,DHDT,1.7,2026-09-14T23:30:00
W-1173,CDU-III,1.8,2026-09-14T00:00:00
W-1173,CDU-III,2.0,2026-09-14T00:30:00
W-1173,CDU-III,1.4,2026-09-14T01:00:00
W-1173,CDU-III,2.2,2026-09-14T01:30:00
W-1173,CDU-III,1.0,2026-09-14T02:00:00
W-1173,CDU-III,1.0,2026-09-14T02:30:00
W-1173,CDU-III,2.0,2026-09-14T03:00:00
W-1173,CDU-III,1.0,2026-09-14T03:30:00
W-1173,CDU-III,0.8,2026-09-14T04:00:00
W-1173,CDU-III,2.1,2026-09-14T04:30:00
W-1173,CDU-III,1.4,2026-09-14T05:00:00
W-1173,CDU-III,2.1,2026-09-14T05:30:00
W-1173,CDU-III,1.5,2026-09-14T06:00:00
W-1173,CDU-III,1.8,2026-09-14T06:30:00
W-1173,CDU-III,1.0,2026-09-14T07:00:00
W-1173,CDU-III,1.1,2026-09-14T07:30:00
W-1176,ETP,1.4,2026-09-14T08:00:00
W-1176,ETP,1.0,2026-09-14T08:30:00
W-1176,ETP,1.6,2026-09-14T09:00:00
W-1176,ETP,1.2,2026-09-14T09:30:00
W-1176,ETP,1.2,2026-09-14T10:00:00
W-1176,ETP,0.9,2026-09-14T10:30:00
W-1176,ETP,0.9,2026-09-14T11:00:00
W-1176,ETP,1.6,2026-09-14T11:30:00
W-1176,ETP,1.2,2026-09-14T12:00:00
W-1176,ETP,0.7,2026-09-14T12:30:00
W-1176,ETP,1.6,2026-09-14T13:00:00
W-1176,ETP,1.6,2026-09-14T13:30:00
W-1176,ETP,1.0,2026-09-14T14:00:00
W-1176,ETP,0.8,2026-09-14T14:30:00
W-1176,ETP,0.7,2026-09-14T15:00:00
W-1176,ETP,1.6,2026-09-14T15:30:00
W-1182,SRU,4.1,2026-09-14T00:00:00
W-1182,SRU,6.2,2026-09-14T00:30:00
W-1182,SRU,4.7,2026-09-14T01:00:00
W-1182,SRU,9.4,2026-09-14T01:30:00
W-1182,SRU,5.4,2026-09-14T02:00:00
W-1182,SRU,6.6,2026-09-14T02:30:00
W-1182,SRU,7.2,2026-09-14T03:00:00
W-1182,SRU,6.3,2026-09-14T03:30:00
W-1182,SRU,11.1,2026-09-14T04:00:00
W-1182,SRU,17.6,2026-09-14T04:30:00
W-1182,SRU,7.3,2026-09-14T05:00:00
W-1182,SRU,6.4,2026-09-14T05:30:00
W-1182,SRU,3.0,2026-09-14T06:00:00
W-1182,SRU,3.5,2026-09-14T06:30:00
W-1182,SRU,4.8,2026-09-14T07:00:00
W-1182,SRU,6.1,2026-09-14T07:30:00
W-1185,ARU,3.8,2026-09-14T08:00:00
W-1185,ARU,3.1,2026-09-14T08:30:00
W-1185,ARU,6.7,2026-09-14T09:00:00
W-1185,ARU,4.3,2026-09-14T09:30:00
W-1185,ARU,12.1,2026-09-14T10:00:00
W-1185,ARU,22.5,2026-09-14T10:30:00
W-1185,ARU,17.5,2026-09-14T11:00:00
W-1185,ARU,5.9,2026-09-14T11:30:00
W-1185,ARU,6.3,2026-09-14T12:00:00
W-1185,ARU,2.8,2026-09-14T12:30:00
W-1185,ARU,6.7,2026-09-14T13:00:00
W-1185,ARU,15.3,2026-09-14T13:30:00
W-1185,ARU,15.1,2026-09-14T14:00:00
W-1185,ARU,13.5,2026-09-14T14:30:00
W-1185,ARU,9.9,2026-09-14T15:00:00
W-1185,ARU,9.8,2026-09-14T15:30:00
W-1191,DCU,4.3,2026-09-14T00:00:00
W-1191,DCU,1.8,2026-09-14T00:30:00
W-1191,DCU,3.9,2026-09-14T01:00:00
W-1191,DCU,3.0,2026-09-14T01:30:00
W-1191,DCU,3.1,2026-09-14T02:00:00
W-1191,DCU,4.1,2026-09-14T02:30:00
W-1191,DCU,3.2,2026-09-14T03:00:00
W-1191,DCU,4.3,2026-09-14T03:30:00
W-1191,DCU,2.6,2026-09-14T04:00:00
W-1191,DCU,2.2,2026-09-14T04:30:00
W-1191,DCU,4.2,2026-09-14T05:00:00
W-1191,DCU,4.2,2026-09-14T05:30:00
W-1191,DCU,1.9,2026-09-14T06:00:00
W-1191,DCU,4.4,2026-09-14T06:30:00
W-1191,DCU,3.8,2026-09-14T07:00:00
W-1191,DCU,3.8,2026-09-14T07:30:00
W-1197,DHDT,1.4,2026-09-14T16:00:00
W-1197,DHDT,1.4,2026-09-14T16:30:00
W-1197,DHDT,1.5,2026-09-14T17:00:00
W-1197,DHDT,2.3,2026-09-14T17:30:00
W-1197,DHDT,2.6,2026-09-14T18:00:00
W-1197,DHDT,1.0,2026-09-14T18:30:00
W-1197,DHDT,2.1,2026-09-14T19:00:00
W-1197,DHDT,4.6,2026-09-14T19:30:00
W-1197,DHDT,2.1,2026-09-14T20:00:00
W-1197,DHDT,2.7,2026-09-14T20:30:00
W-1197,DHDT,1.3,2026-09-14T21:00:00
W-1197,DHDT,1.1,2026-09-14T21:30:00
W-1197,DHDT,1.6,2026-09-14T22:00:00
W-1197,DHDT,1.7,2026-09-14T22:30:00
W-1197,DHDT,2.6,2026-09-14T23:00:00
W-1197,DHDT,1.8,2026-09-14T23:30:00
W-1200,CDU-III,0.9,2026-09-14T00:00:00
W-1200,CDU-III,2.0,2026-09-14T00:30:00
W-1200,CDU-III,1.1,2026-09-14T01:00:00
W-1200,CDU-III,1.2,2026-09-14T01:30:00
W-1200,CDU-III,1.0,2026-09-14T02:00:00
W-1200,CDU-III,1.8,2026-09-14T02:30:00
W-1200,CDU-III,1.6,2026-09-14T03:00:00
W-1200,CDU-III,1.1,2026-09-14T03:30:00
W-1200,CDU-III,1.8,2026-09-14T04:00:00
W-1200,CDU-III,1.2,2026-09-14T04:30:00
W-1200,CDU-III,0.8,2026-09-14T05:00:00
W-1200,CDU-III,1.9,2026-09-14T05:30:00
W-1200,CDU-III,1.3,2026-09-14T06:00:00
W-1200,CDU-III,2.1,2026-09-14T06:30:00
W-1200,CDU-III,1.0,2026-09-14T07:00:00
W-1200,CDU-III,1.9,2026-09-14T07:30:00
W-1203,ETP,1.3,2026-09-14T08:00:00
W-1203,ETP,0.7,2026-09-14T08:30:00
W-1203,ETP,1.6,2026-09-14T09:00:00
W-1203,ETP,1.7,2026-09-14T09:30:00
W-1203,ETP,1.0,2026-09-14T10:00:00
W-1203,ETP,1.0,2026-09-14T10:30:00
W-1203,ETP,1.6,2026-09-14T11:00:00
W-1203,ETP,1.4,2026-09-14T11:30:00
W-1203,ETP,0.7,2026-09-14T12:00:00
W-1203,ETP,1.3,2026-09-14T12:30:00
W-1203,ETP,1.1,2026-09-14T13:00:00
W-1203,ETP,1.3,2026-09-14T13:30:00
W-1203,ETP,0.8,2026-09-14T14:00:00
W-1203,ETP,0.8,2026-09-14T14:30:00
W-1203,ETP,3.2,2026-09-14T15:00:00
W-1203,ETP,6.1,2026-09-14T15:30:00
W-1206,TF,0.9,2026-09-14T16:00:00
W-1206,TF,0.4,2026-09-14T16:30:00
W-1206,TF,0.4,2026-09-14T17:00:00
W-1206,TF,0.5,2026-09-14T17:30:00
W-1206,TF,0.8,2026-09-14T18:00:00
W-1206,TF,0.6,2026-09-14T18:30:00
W-1206,TF,0.5,2026-09-14T19:00:00
W-1206,TF,0.8,2026-09-14T19:30:00
W-1206,TF,0.6,2026-09-14T20:00:00
W-1206,TF,0.4,2026-09-14T20:30:00
W-1206,TF,0.8,2026-09-14T21:00:00
W-1206,TF,0.7,2026-09-14T21:30:00
W-1206,TF,0.7,2026-09-14T22:00:00
W-1206,TF,0.6,2026-09-14T22:30:00
W-1206,TF,0.5,2026-09-14T23:00:00
W-1206,TF,0.4,2026-09-14T23:30:00
W-1209,SRU,3.4,2026-09-14T00:00:00
W-1209,SRU,6.6,2026-09-14T00:30:00
W-1209,SRU,12.1,2026-09-14T01:00:00
W-1209,SRU,24.3,2026-09-14T01:30:00
W-1209,SRU,20.6,2026-09-14T02:00:00
W-1209,SRU,6.5,2026-09-14T02:30:00
W-1209,SRU,3.4,2026-09-14T03:00:00
W-1209,SRU,17.3,2026-09-14T03:30:00
W-1209,SRU,26.5,2026-09-14T04:00:00
W-1209,SRU,26.8,2026-09-14T04:30:00
W-1209,SRU,6.8,2026-09-14T05:00:00
W-1209,SRU,7.1,2026-09-14T05:30:00
W-1209,SRU,6.7,2026-09-14T06:00:00
W-1209,SRU,7.0,2026-09-14T06:30:00
W-1209,SRU,4.9,2026-09-14T07:00:00
W-1209,SRU,3.3,2026-09-14T07:30:00
W-1212,ARU,3.4,2026-09-14T08:00:00
W-1212,ARU,3.0,2026-09-14T08:30:00
W-1212,ARU,3.9,2026-09-14T09:00:00
W-1212,ARU,4.0,2026-09-14T09:30:00
W-1212,ARU,5.8,2026-09-14T10:00:00
W-1212,ARU,4.7,2026-09-14T10:30:00
W-1212,ARU,3.0,2026-09-14T11:00:00
W-1212,ARU,19.5,2026-09-14T11:30:00
W-1212,ARU,17.2,2026-09-14T12:00:00
W-1212,ARU,4.7,2026-09-14T12:30:00
W-1212,ARU,4.9,2026-09-14T13:00:00
W-1212,ARU,16.2,2026-09-14T13:30:00
W-1212,ARU,17.3,2026-09-14T14:00:00
W-1212,ARU,9.4,2026-09-14T14:30:00
W-1212,ARU,5.5,2026-09-14T15:00:00
W-1212,ARU,3.8,2026-09-14T15:30:00
W-1215,SWS,2.9,2026-09-14T16:00:00
W-1215,SWS,25.3,2026-09-14T16:30:00
W-1215,SWS,6.9,2026-09-14T17:00:00
W-1215,SWS,4.5,2026-09-14T17:30:00
W-1215,SWS,5.2,2026-09-14T18:00:00
W-1215,SWS,6.3,2026-09-14T18:30:00
W-1215,SWS,4.7,2026-09-14T19:00:00
W-1215,SWS,3.1,2026-09-14T19:30:00
W-1215,SWS,6.8,2026-09-14T20:00:00
W-1215,SWS,16.6,2026-09-14T20:30:00
W-1215,SWS,21.3,2026-09-14T21:00:00
W-1215,SWS,17.5,2026-09-14T21:30:00
W-1215,SWS,4.6,2026-09-14T22:00:00
W-1215,SWS,4.2,2026-09-14T22:30:00
W-1215,SWS,3.1,2026-09-14T23:00:00
W-1215,SWS,3.2,2026-09-14T23:30:00
W-1218,DCU,1.9,2026-09-14T00:00:00
W-1218,DCU,2.9,2026-09-14T00:30:00
W-1218,DCU,2.7,2026-09-14T01:00:00
W-1218,DCU,2.0,2026-09-14T01:30:00
W-1218,DCU,3.3,2026-09-14T02:00:00
W-1218,DCU,1.9,2026-09-14T02:30:00
W-1218,DCU,3.5,2026-09-14T03:00:00
W-1218,DCU,3.2,2026-09-14T03:30:00
W-1218,DCU,2.5,2026-09-14T04:00:00
W-1218,DCU,2.6,2026-09-14T04:30:00
W-1218,DCU,2.8,2026-09-14T05:00:00
W-1218,DCU,3.2,2026-09-14T05:30:00
W-1218,DCU,4.4,2026-09-14T06:00:00
W-1218,DCU,2.1,2026-09-14T06:30:00
W-1218,DCU,4.2,2026-09-14T07:00:00
W-1218,DCU,4.1,2026-09-14T07:30:00
W-1221,HCU,3.0,2026-09-14T08:00:00
W-1221,HCU,1.4,2026-09-14T08:30:00
W-1221,HCU,3.0,2026-09-14T09:00:00
W-1221,HCU,3.9,2026-09-14T09:30:00
W-1221,HCU,4.7,2026-09-14T10:00:00
W-1221,HCU,6.4,2026-09-14T10:30:00
W-1221,HCU,2.0,2026-09-14T11:00:00
W-1221,HCU,3.4,2026-09-14T11:30:00
W-1221,HCU,7.6,2026-09-14T12:00:00
W-1221,HCU,5.5,2026-09-14T12:30:00
W-1221,HCU,1.9,2026-09-14T13:00:00
W-1221,HCU,1.5,2026-09-14T13:30:00
W-1221,HCU,3.1,2026-09-14T14:00:00
W-1221,HCU,2.9,2026-09-14T14:30:00
W-1221,HCU,2.3,2026-09-14T15:00:00
W-1221,HCU,2.1,2026-09-14T15:30:00
W-1224,DHDT,1.1,2026-09-14T16:00:00
W-1224,DHDT,2.0,2026-09-14T16:30:00
W-1224,DHDT,1.4,2026-09-14T17:00:00
W-1224,DHDT,2.7,2026-09-14T17:30:00
W-1224,DHDT,2.5,2026-09-14T18:00:00
W-1224,DHDT,2.5,2026-09-14T18:30:00
W-1224,DHDT,1.1,2026-09-14T19:00:00
W-1224,DHDT,1.5,2026-09-14T19:30:00
W-1224,DHDT,2.5,2026-09-14T20:00:00
W-1224,DHDT,1.9,2026-09-14T20:30:00
W-1224,DHDT,2.6,2026-09-14T21:00:00
W-1224,DHDT,1.8,2026-09-14T21:30:00
W-1224,DHDT,2.8,2026-09-14T22:00:00
W-1224,DHDT,2.2,2026-09-14T22:30:00
W-1224,DHDT,2.1,2026-09-14T23:00:00
W-1224,DHDT,2.1,2026-09-14T23:30:00
W-1230,ETP,1.4,2026-09-14T08:00:00
W-1230,ETP,1.3,2026-09-14T08:30:00
W-1230,ETP,0.7,2026-09-14T09:00:00
W-1230,ETP,1.2,2026-09-14T09:30:00
W-1230,ETP,1.3,2026-09-14T10:00:00
W-1230,ETP,0.9,2026-09-14T10:30:00
W-1230,ETP,0.8,2026-09-14T11:00:00
W-1230,ETP,0.8,2026-09-14T11:30:00
W-1230,ETP,1.2,2026-09-14T12:00:00
W-1230,ETP,4.6,2026-09-14T12:30:00
W-1230,ETP,0.9,2026-09-14T13:00:00
W-1230,ETP,0.8,2026-09-14T13:30:00
W-1230,ETP,1.3,2026-09-14T14:00:00
W-1230,ETP,0.7,2026-09-14T14:30:00
W-1230,ETP,0.8,2026-09-14T15:00:00
W-1230,ETP,1.0,2026-09-14T15:30:00
W-1233,TF,0.9,2026-09-14T16:00:00
W-1233,TF,0.4,2026-09-14T16:30:00
W-1233,TF,0.7,2026-09-14T17:00:00
W-1233,TF,0.9,2026-09-14T17:30:00
W-1233,TF,0.8,2026-09-14T18:00:00
W-1233,TF,0.8,2026-09-14T18:30:00
W-1233,TF,0.5,2026-09-14T19:00:00
W-1233,TF,0.5,2026-09-14T19:30:00
W-1233,TF,0.7,2026-09-14T20:00:00
W-1233,TF,0.7,2026-09-14T20:30:00
W-1233,TF,0.7,2026-09-14T21:00:00
W-1233,TF,0.4,2026-09-14T21:30:00
W-1233,TF,0.4,2026-09-14T22:00:00
W-1233,TF,0.5,2026-09-14T22:30:00
W-1233,TF,0.3,2026-09-14T23:00:00
W-1233,TF,0.4,2026-09-14T23:30:00
W-1104,ARU,3.7,2026-09-15T08:00:00
W-1104,ARU,3.6,2026-09-15T08:30:00
W-1104,ARU,2.7,2026-09-15T09:00:00
W-1104,ARU,4.1,2026-09-15T09:30:00
W-1104,ARU,2.0,2026-09-15T10:00:00
W-1104,ARU,2.9,2026-09-15T10:30:00
W-1104,ARU,2.1,2026-09-15T11:00:00
W-1104,ARU,5.2,2026-09-15T11:30:00
W-1104,ARU,11.3,2026-09-15T12:00:00
W-1104,ARU,7.1,2026-09-15T12:30:00
W-1104,ARU,3.5,2026-09-15T13:00:00
W-1104,ARU,2.5,2026-09-15T13:30:00
W-1104,ARU,3.1,2026-09-15T14:00:00
W-1104,ARU,2.8,2026-09-15T14:30:00
W-1104,ARU,4.8,2026-09-15T15:00:00
W-1104,ARU,2.1,2026-09-15T15:30:00
W-1107,SWS,4.6,2026-09-15T16:00:00
W-1107,SWS,2.5,2026-09-15T16:30:00
W-1107,SWS,5.1,2026-09-15T17:00:00
W-1107,SWS,2.6,2026-09-15T17:30:00
W-1107,SWS,3.2,2026-09-15T18:00:00
W-1107,SWS,3.7,2026-09-15T18:30:00
W-1107,SWS,3.2,2026-09-15T19:00:00
W-1107,SWS,3.0,2026-09-15T19:30:00
W-1107,SWS,4.8,2026-09-15T20:00:00
W-1107,SWS,4.7,2026-09-15T20:30:00
W-1107,SWS,4.9,2026-09-15T21:00:00
W-1107,SWS,3.1,2026-09-15T21:30:00
W-1107,SWS,3.2,2026-09-15T22:00:00
W-1107,SWS,2.0,2026-09-15T22:30:00
W-1107,SWS,2.8,2026-09-15T23:00:00
W-1107,SWS,4.0,2026-09-15T23:30:00
W-1113,HCU,2.1,2026-09-15T08:00:00
W-1113,HCU,6.4,2026-09-15T08:30:00
W-1113,HCU,4.8,2026-09-15T09:00:00
W-1113,HCU,6.7,2026-09-15T09:30:00
W-1113,HCU,2.0,2026-09-15T10:00:00
W-1113,HCU,1.9,2026-09-15T10:30:00
W-1113,HCU,1.3,2026-09-15T11:00:00
W-1113,HCU,1.5,2026-09-15T11:30:00
W-1113,HCU,2.1,2026-09-15T12:00:00
W-1113,HCU,1.8,2026-09-15T12:30:00
W-1113,HCU,2.0,2026-09-15T13:00:00
W-1113,HCU,0.9,2026-09-15T13:30:00
W-1113,HCU,1.0,2026-09-15T14:00:00
W-1113,HCU,1.9,2026-09-15T14:30:00
W-1113,HCU,1.0,2026-09-15T15:00:00
W-1113,HCU,1.3,2026-09-15T15:30:00
W-1116,DHDT,1.9,2026-09-15T16:00:00
W-1116,DHDT,4.2,2026-09-15T16:30:00
W-1116,DHDT,0.8,2026-09-15T17:00:00
W-1116,DHDT,1.7,2026-09-15T17:30:00
W-1116,DHDT,2.0,2026-09-15T18:00:00
W-1116,DHDT,1.6,2026-09-15T18:30:00
W-1116,DHDT,2.0,2026-09-15T19:00:00
W-1116,DHDT,1.6,2026-09-15T19:30:00
W-1116,DHDT,2.0,2026-09-15T20:00:00
W-1116,DHDT,1.6,2026-09-15T20:30:00
W-1116,DHDT,0.9,2026-09-15T21:00:00
W-1116,DHDT,2.5,2026-09-15T21:30:00
W-1116,DHDT,3.4,2026-09-15T22:00:00
W-1116,DHDT,1.9,2026-09-15T22:30:00
W-1116,DHDT,0.8,2026-09-15T23:00:00
W-1116,DHDT,0.7,2026-09-15T23:30:00
W-1119,CDU-III,0.7,2026-09-15T00:00:00
W-1119,CDU-III,1.1,2026-09-15T00:30:00
W-1119,CDU-III,1.5,2026-09-15T01:00:00
W-1119,CDU-III,1.3,2026-09-15T01:30:00
W-1119,CDU-III,1.0,2026-09-15T02:00:00
W-1119,CDU-III,1.5,2026-09-15T02:30:00
W-1119,CDU-III,1.4,2026-09-15T03:00:00
W-1119,CDU-III,1.4,2026-09-15T03:30:00
W-1119,CDU-III,0.7,2026-09-15T04:00:00
W-1119,CDU-III,1.0,2026-09-15T04:30:00
W-1119,CDU-III,1.1,2026-09-15T05:00:00
W-1119,CDU-III,0.9,2026-09-15T05:30:00
W-1119,CDU-III,1.2,2026-09-15T06:00:00
W-1119,CDU-III,1.3,2026-09-15T06:30:00
W-1119,CDU-III,1.5,2026-09-15T07:00:00
W-1119,CDU-III,0.6,2026-09-15T07:30:00
W-1122,ETP,0.7,2026-09-15T08:00:00
W-1122,ETP,0.9,2026-09-15T08:30:00
W-1122,ETP,0.5,2026-09-15T09:00:00
W-1122,ETP,1.2,2026-09-15T09:30:00
W-1122,ETP,0.5,2026-09-15T10:00:00
W-1122,ETP,1.1,2026-09-15T10:30:00
W-1122,ETP,1.1,2026-09-15T11:00:00
W-1122,ETP,0.6,2026-09-15T11:30:00
W-1122,ETP,0.6,2026-09-15T12:00:00
W-1122,ETP,0.9,2026-09-15T12:30:00
W-1122,ETP,4.6,2026-09-15T13:00:00
W-1122,ETP,3.1,2026-09-15T13:30:00
W-1122,ETP,4.4,2026-09-15T14:00:00
W-1122,ETP,1.1,2026-09-15T14:30:00
W-1122,ETP,1.1,2026-09-15T15:00:00
W-1122,ETP,0.6,2026-09-15T15:30:00
W-1125,TF,0.6,2026-09-15T16:00:00
W-1125,TF,0.6,2026-09-15T16:30:00
W-1125,TF,0.6,2026-09-15T17:00:00
W-1125,TF,0.4,2026-09-15T17:30:00
W-1125,TF,0.3,2026-09-15T18:00:00
W-1125,TF,0.3,2026-09-15T18:30:00
W-1125,TF,0.3,2026-09-15T19:00:00
W-1125,TF,0.6,2026-09-15T19:30:00
W-1125,TF,0.3,2026-09-15T20:00:00
W-1125,TF,0.5,2026-09-15T20:30:00
W-1125,TF,0.5,2026-09-15T21:00:00
W-1125,TF,0.6,2026-09-15T21:30:00
W-1125,TF,0.6,2026-09-15T22:00:00
W-1125,TF,0.7,2026-09-15T22:30:00
W-1125,TF,0.5,2026-09-15T23:00:00
W-1125,TF,0.7,2026-09-15T23:30:00
W-1134,SWS,3.7,2026-09-15T16:00:00
W-1134,SWS,4.3,2026-09-15T16:30:00
W-1134,SWS,1.9,2026-09-15T17:00:00
W-1134,SWS,4.5,2026-09-15T17:30:00
W-1134,SWS,9.7,2026-09-15T18:00:00
W-1134,SWS,7.5,2026-09-15T18:30:00
W-1134,SWS,9.2,2026-09-15T19:00:00
W-1134,SWS,2.0,2026-09-15T19:30:00
W-1134,SWS,4.9,2026-09-15T20:00:00
W-1134,SWS,3.6,2026-09-15T20:30:00
W-1134,SWS,2.6,2026-09-15T21:00:00
W-1134,SWS,2.8,2026-09-15T21:30:00
W-1134,SWS,3.2,2026-09-15T22:00:00
W-1134,SWS,4.6,2026-09-15T22:30:00
W-1134,SWS,7.5,2026-09-15T23:00:00
W-1134,SWS,3.5,2026-09-15T23:30:00
W-1137,DCU,2.6,2026-09-15T00:00:00
W-1137,DCU,2.8,2026-09-15T00:30:00
W-1137,DCU,1.5,2026-09-15T01:00:00
W-1137,DCU,1.2,2026-09-15T01:30:00
W-1137,DCU,2.8,2026-09-15T02:00:00
W-1137,DCU,1.8,2026-09-15T02:30:00
W-1137,DCU,2.8,2026-09-15T03:00:00
W-1137,DCU,3.2,2026-09-15T03:30:00
W-1137,DCU,2.2,2026-09-15T04:00:00
W-1137,DCU,2.2,2026-09-15T04:30:00
W-1137,DCU,2.9,2026-09-15T05:00:00
W-1137,DCU,3.0,2026-09-15T05:30:00
W-1137,DCU,2.9,2026-09-15T06:00:00
W-1137,DCU,3.0,2026-09-15T06:30:00
W-1137,DCU,3.1,2026-09-15T07:00:00
W-1137,DCU,1.7,2026-09-15T07:30:00
W-1140,HCU,1.1,2026-09-15T08:00:00
W-1140,HCU,1.9,2026-09-15T08:30:00
W-1140,HCU,1.7,2026-09-15T09:00:00
W-1140,HCU,1.1,2026-09-15T09:30:00
W-1140,HCU,1.0,2026-09-15T10:00:00
W-1140,HCU,1.0,2026-09-15T10:30:00
W-1140,HCU,1.3,2026-09-15T11:00:00
W-1140,HCU,0.9,2026-09-15T11:30:00
W-1140,HCU,0.9,2026-09-15T12:00:00
W-1140,HCU,1.0,2026-09-15T12:30:00
W-1140,HCU,1.7,2026-09-15T13:00:00
W-1140,HCU,0.9,2026-09-15T13:30:00
W-1140,HCU,2.1,2026-09-15T14:00:00
W-1140,HCU,1.7,2026-09-15T14:30:00
W-1140,HCU,3.5,2026-09-15T15:00:00
W-1140,HCU,1.5,2026-09-15T15:30:00
W-1143,DHDT,1.9,2026-09-15T16:00:00
W-1143,DHDT,0.8,2026-09-15T16:30:00
W-1143,DHDT,1.8,2026-09-15T17:00:00
W-1143,DHDT,3.1,2026-09-15T17:30:00
W-1143,DHDT,2.9,2026-09-15T18:00:00
W-1143,DHDT,1.1,2026-09-15T18:30:00
W-1143,DHDT,1.2,2026-09-15T19:00:00
W-1143,DHDT,1.8,2026-09-15T19:30:00
W-1143,DHDT,1.7,2026-09-15T20:00:00
W-1143,DHDT,1.8,2026-09-15T20:30:00
W-1143,DHDT,1.2,2026-09-15T21:00:00
W-1143,DHDT,1.7,2026-09-15T21:30:00
W-1143,DHDT,1.4,2026-09-15T22:00:00
W-1143,DHDT,1.8,2026-09-15T22:30:00
W-1143,DHDT,1.0,2026-09-15T23:00:00
W-1143,DHDT,1.6,2026-09-15T23:30:00
W-1146,CDU-III,1.0,2026-09-15T00:00:00
W-1146,CDU-III,1.1,2026-09-15T00:30:00
W-1146,CDU-III,0.9,2026-09-15T01:00:00
W-1146,CDU-III,0.7,2026-09-15T01:30:00
W-1146,CDU-III,0.7,2026-09-15T02:00:00
W-1146,CDU-III,1.5,2026-09-15T02:30:00
W-1146,CDU-III,1.6,2026-09-15T03:00:00
W-1146,CDU-III,1.2,2026-09-15T03:30:00
W-1146,CDU-III,1.4,2026-09-15T04:00:00
W-1146,CDU-III,1.6,2026-09-15T04:30:00
W-1146,CDU-III,1.1,2026-09-15T05:00:00
W-1146,CDU-III,1.5,2026-09-15T05:30:00
W-1146,CDU-III,0.8,2026-09-15T06:00:00
W-1146,CDU-III,1.5,2026-09-15T06:30:00
W-1146,CDU-III,1.2,2026-09-15T07:00:00
W-1146,CDU-III,1.2,2026-09-15T07:30:00
W-1149,ETP,0.6,2026-09-15T08:00:00
W-1149,ETP,1.0,2026-09-15T08:30:00
W-1149,ETP,0.5,2026-09-15T09:00:00
W-1149,ETP,0.5,2026-09-15T09:30:00
W-1149,ETP,0.6,2026-09-15T10:00:00
W-1149,ETP,0.6,2026-09-15T10:30:00
W-1149,ETP,1.0,2026-09-15T11:00:00
W-1149,ETP,1.0,2026-09-15T11:30:00
W-1149,ETP,1.1,2026-09-15T12:00:00
W-1149,ETP,1.0,2026-09-15T12:30:00
W-1149,ETP,1.2,2026-09-15T13:00:00
W-1149,ETP,0.5,2026-09-15T13:30:00
W-1149,ETP,1.0,2026-09-15T14:00:00
W-1149,ETP,0.8,2026-09-15T14:30:00
W-1149,ETP,3.8,2026-09-15T15:00:00
W-1149,ETP,0.8,2026-09-15T15:30:00
W-1152,TF,0.7,2026-09-15T16:00:00
W-1152,TF,0.5,2026-09-15T16:30:00
W-1152,TF,0.6,2026-09-15T17:00:00
W-1152,TF,1.6,2026-09-15T17:30:00
W-1152,TF,1.7,2026-09-15T18:00:00
W-1152,TF,0.7,2026-09-15T18:30:00
W-1152,TF,0.6,2026-09-15T19:00:00
W-1152,TF,0.3,2026-09-15T19:30:00
W-1152,TF,0.3,2026-09-15T20:00:00
W-1152,TF,0.3,2026-09-15T20:30:00
W-1152,TF,0.5,2026-09-15T21:00:00
W-1152,TF,0.4,2026-09-15T21:30:00
W-1152,TF,0.3,2026-09-15T22:00:00
W-1152,TF,0.4,2026-09-15T22:30:00
W-1152,TF,0.3,2026-09-15T23:00:00
W-1152,TF,0.4,2026-09-15T23:30:00
W-1155,SRU,4.7,2026-09-15T00:00:00
W-1155,SRU,2.7,2026-09-15T00:30:00
W-1155,SRU,5.0,2026-09-15T01:00:00
W-1155,SRU,3.0,2026-09-15T01:30:00
W-1155,SRU,4.7,2026-09-15T02:00:00
W-1155,SRU,4.5,2026-09-15T02:30:00
W-1155,SRU,2.6,2026-09-15T03:00:00
W-1155,SRU,3.5,2026-09-15T03:30:00
W-1155,SRU,3.0,2026-09-15T04:00:00
W-1155,SRU,4.3,2026-09-15T04:30:00
W-1155,SRU,2.4,2026-09-15T05:00:00
W-1155,SRU,3.5,2026-09-15T05:30:00
W-1155,SRU,3.2,2026-09-15T06:00:00
W-1155,SRU,3.9,2026-09-15T06:30:00
W-1155,SRU,3.6,2026-09-15T07:00:00
W-1155,SRU,5.1,2026-09-15T07:30:00
W-1158,ARU,2.0,2026-09-15T08:00:00
W-1158,ARU,3.7,2026-09-15T08:30:00
W-1158,ARU,3.2,2026-09-15T09:00:00
W-1158,ARU,3.8,2026-09-15T09:30:00
W-1158,ARU,1.9,2026-09-15T10:00:00
W-1158,ARU,3.0,2026-09-15T10:30:00
W-1158,ARU,1.8,2026-09-15T11:00:00
W-1158,ARU,1.9,2026-09-15T11:30:00
W-1158,ARU,4.1,2026-09-15T12:00:00
W-1158,ARU,3.5,2026-09-15T12:30:00
W-1158,ARU,2.4,2026-09-15T13:00:00
W-1158,ARU,1.8,2026-09-15T13:30:00
W-1158,ARU,2.6,2026-09-15T14:00:00
W-1158,ARU,1.9,2026-09-15T14:30:00
W-1158,ARU,4.6,2026-09-15T15:00:00
W-1158,ARU,3.3,2026-09-15T15:30:00
W-1161,SWS,3.6,2026-09-15T16:00:00
W-1161,SWS,4.4,2026-09-15T16:30:00
W-1161,SWS,3.8,2026-09-15T17:00:00
W-1161,SWS,4.0,2026-09-15T17:30:00
W-1161,SWS,2.2,2026-09-15T18:00:00
W-1161,SWS,3.9,2026-09-15T18:30:00
W-1161,SWS,3.0,2026-09-15T19:00:00
W-1161,SWS,4.7,2026-09-15T19:30:00
W-1161,SWS,5.1,2026-09-15T20:00:00
W-1161,SWS,5.0,2026-09-15T20:30:00
W-1161,SWS,3.3,2026-09-15T21:00:00
W-1161,SWS,4.9,2026-09-15T21:30:00
W-1161,SWS,2.3,2026-09-15T22:00:00
W-1161,SWS,2.8,2026-09-15T22:30:00
W-1161,SWS,4.0,2026-09-15T23:00:00
W-1161,SWS,5.1,2026-09-15T23:30:00
W-1164,DCU,2.6,2026-09-15T00:00:00
W-1164,DCU,2.4,2026-09-15T00:30:00
W-1164,DCU,1.2,2026-09-15T01:00:00
W-1164,DCU,4.3,2026-09-15T01:30:00
W-1164,DCU,2.2,2026-09-15T02:00:00
W-1164,DCU,1.5,2026-09-15T02:30:00
W-1164,DCU,1.6,2026-09-15T03:00:00
W-1164,DCU,2.5,2026-09-15T03:30:00
W-1164,DCU,2.8,2026-09-15T04:00:00
W-1164,DCU,1.7,2026-09-15T04:30:00
W-1164,DCU,2.1,2026-09-15T05:00:00
W-1164,DCU,1.7,2026-09-15T05:30:00
W-1164,DCU,1.7,2026-09-15T06:00:00
W-1164,DCU,4.3,2026-09-15T06:30:00
W-1164,DCU,7.9,2026-09-15T07:00:00
W-1164,DCU,5.3,2026-09-15T07:30:00
W-1167,HCU,2.2,2026-09-15T08:00:00
W-1167,HCU,1.0,2026-09-15T08:30:00
W-1167,HCU,1.9,2026-09-15T09:00:00
W-1167,HCU,1.9,2026-09-15T09:30:00
W-1167,HCU,1.3,2026-09-15T10:00:00
W-1167,HCU,1.8,2026-09-15T10:30:00
W-1167,HCU,2.1,2026-09-15T11:00:00
W-1167,HCU,0.9,2026-09-15T11:30:00
W-1167,HCU,1.1,2026-09-15T12:00:00
W-1167,HCU,1.3,2026-09-15T12:30:00
W-1167,HCU,1.2,2026-09-15T13:00:00
W-1167,HCU,2.1,2026-09-15T13:30:00
W-1167,HCU,1.4,2026-09-15T14:00:00
W-1167,HCU,2.1,2026-09-15T14:30:00
W-1167,HCU,2.2,2026-09-15T15:00:00
W-1167,HCU,1.4,2026-09-15T15:30:00
W-1170,DHDT,1.2,2026-09-15T16:00:00
W-1170,DHDT,2.3,2026-09-15T16:30:00
W-1170,DHDT,1.0,2026-09-15T17:00:00
W-1170,DHDT,2.0,2026-09-15T17:30:00
W-1170,DHDT,1.5,2026-09-15T18:00:00
W-1170,DHDT,0.8,2026-09-15T18:30:00
W-1170,DHDT,1.1,2026-09-15T19:00:00
W-1170,DHDT,0.8,2026-09-15T19:30:00
W-1170,DHDT,1.2,2026-09-15T20:00:00
W-1170,DHDT,1.1,2026-09-15T20:30:00
W-1170,DHDT,1.0,2026-09-15T21:00:00
W-1170,DHDT,2.0,2026-09-15T21:30:00
W-1170,DHDT,1.8,2026-09-15T22:00:00
W-1170,DHDT,1.1,2026-09-15T22:30:00
W-1170,DHDT,1.0,2026-09-15T23:00:00
W-1170,DHDT,1.4,2026-09-15T23:30:00
W-1173,CDU-III,1.6,2026-09-15T00:00:00
W-1173,CDU-III,2.3,2026-09-15T00:30:00
W-1173,CDU-III,2.7,2026-09-15T01:00:00
W-1173,CDU-III,0.8,2026-09-15T01:30:00
W-1173,CDU-III,1.2,2026-09-15T02:00:00
W-1173,CDU-III,1.6,2026-09-15T02:30:00
W-1173,CDU-III,1.4,2026-09-15T03:00:00
W-1173,CDU-III,1.5,2026-09-15T03:30:00
W-1173,CDU-III,1.2,2026-09-15T04:00:00
W-1173,CDU-III,1.4,2026-09-15T04:30:00
W-1173,CDU-III,1.0,2026-09-15T05:00:00
W-1173,CDU-III,0.7,2026-09-15T05:30:00
W-1173,CDU-III,1.3,2026-09-15T06:00:00
W-1173,CDU-III,1.1,2026-09-15T06:30:00
W-1173,CDU-III,1.0,2026-09-15T07:00:00
W-1173,CDU-III,0.8,2026-09-15T07:30:00
W-1176,ETP,0.5,2026-09-15T08:00:00
W-1176,ETP,0.5,2026-09-15T08:30:00
W-1176,ETP,0.5,2026-09-15T09:00:00
W-1176,ETP,1.2,2026-09-15T09:30:00
W-1176,ETP,1.2,2026-09-15T10:00:00
W-1176,ETP,0.8,2026-09-15T10:30:00
W-1176,ETP,0.6,2026-09-15T11:00:00
W-1176,ETP,0.6,2026-09-15T11:30:00
W-1176,ETP,0.5,2026-09-15T12:00:00
W-1176,ETP,0.9,2026-09-15T12:30:00
W-1176,ETP,0.5,2026-09-15T13:00:00
W-1176,ETP,2.3,2026-09-15T13:30:00
W-1176,ETP,1.0,2026-09-15T14:00:00
W-1176,ETP,0.9,2026-09-15T14:30:00
W-1176,ETP,1.2,2026-09-15T15:00:00
W-1176,ETP,0.7,2026-09-15T15:30:00
W-1179,TF,0.5,2026-09-15T16:00:00
W-1179,TF,0.6,2026-09-15T16:30:00
W-1179,TF,0.3,2026-09-15T17:00:00
W-1179,TF,0.4,2026-09-15T17:30:00
W-1179,TF,0.5,2026-09-15T18:00:00
W-1179,TF,0.3,2026-09-15T18:30:00
W-1179,TF,0.6,2026-09-15T19:00:00
W-1179,TF,0.4,2026-09-15T19:30:00
W-1179,TF,0.4,2026-09-15T20:00:00
W-1179,TF,0.3,2026-09-15T20:30:00
W-1179,TF,0.7,2026-09-15T21:00:00
W-1179,TF,0.5,2026-09-15T21:30:00
W-1179,TF,0.6,2026-09-15T22:00:00
W-1179,TF,0.5,2026-09-15T22:30:00
W-1179,TF,0.2,2026-09-15T23:00:00
W-1179,TF,0.3,2026-09-15T23:30:00
W-1182,SRU,2.8,2026-09-15T00:00:00
W-1182,SRU,4.0,2026-09-15T00:30:00
W-1182,SRU,2.9,2026-09-15T01:00:00
W-1182,SRU,4.0,2026-09-15T01:30:00
W-1182,SRU,5.5,2026-09-15T02:00:00
W-1182,SRU,5.1,2026-09-15T02:30:00
W-1182,SRU,3.8,2026-09-15T03:00:00
W-1182,SRU,3.9,2026-09-15T03:30:00
W-1182,SRU,6.5,2026-09-15T04:00:00
W-1182,SRU,2.8,2026-09-15T04:30:00
W-1182,SRU,5.1,2026-09-15T05:00:00
W-1182,SRU,8.3,2026-09-15T05:30:00
W-1182,SRU,15.5,2026-09-15T06:00:00
W-1182,SRU,2.6,2026-09-15T06:30:00
W-1182,SRU,2.6,2026-09-15T07:00:00
W-1182,SRU,4.5,2026-09-15T07:30:00
W-1188,SWS,2.6,2026-09-15T16:00:00
W-1188,SWS,4.8,2026-09-15T16:30:00
W-1188,SWS,3.8,2026-09-15T17:00:00
W-1188,SWS,4.2,2026-09-15T17:30:00
W-1188,SWS,3.3,2026-09-15T18:00:00
W-1188,SWS,2.0,2026-09-15T18:30:00
W-1188,SWS,4.6,2026-09-15T19:00:00
W-1188,SWS,4.2,2026-09-15T19:30:00
W-1188,SWS,4.5,2026-09-15T20:00:00
W-1188,SWS,2.6,2026-09-15T20:30:00
W-1188,SWS,2.5,2026-09-15T21:00:00
W-1188,SWS,2.5,2026-09-15T21:30:00
W-1188,SWS,3.8,2026-09-15T22:00:00
W-1188,SWS,2.3,2026-09-15T22:30:00
W-1188,SWS,4.9,2026-09-15T23:00:00
W-1188,SWS,4.4,2026-09-15T23:30:00
W-1191,DCU,3.1,2026-09-15T00:00:00
W-1191,DCU,3.7,2026-09-15T00:30:00
W-1191,DCU,7.5,2026-09-15T01:00:00
W-1191,DCU,4.3,2026-09-15T01:30:00
W-1191,DCU,2.9,2026-09-15T02:00:00
W-1191,DCU,1.3,2026-09-15T02:30:00
W-1191,DCU,2.4,2026-09-15T03:00:00
W-1191,DCU,2.7,2026-09-15T03:30:00
W-1191,DCU,2.3,2026-09-15T04:00:00
W-1191,DCU,2.3,2026-09-15T04:30:00
W-1191,DCU,1.6,2026-09-15T05:00:00
W-1191,DCU,2.6,2026-09-15T05:30:00
W-1191,DCU,1.5,2026-09-15T06:00:00
W-1191,DCU,2.2,2026-09-15T06:30:00
W-1191,DCU,3.0,2026-09-15T07:00:00
W-1191,DCU,1.3,2026-09-15T07:30:00
W-1194,HCU,1.9,2026-09-15T08:00:00
W-1194,HCU,3.3,2026-09-15T08:30:00
W-1194,HCU,3.5,2026-09-15T09:00:00
W-1194,HCU,6.2,2026-09-15T09:30:00
W-1194,HCU,1.4,2026-09-15T10:00:00
W-1194,HCU,2.2,2026-09-15T10:30:00
W-1194,HCU,1.3,2026-09-15T11:00:00
W-1194,HCU,2.2,2026-09-15T11:30:00
W-1194,HCU,2.0,2026-09-15T12:00:00
W-1194,HCU,1.2,2026-09-15T12:30:00
W-1194,HCU,1.7,2026-09-15T13:00:00
W-1194,HCU,2.2,2026-09-15T13:30:00
W-1194,HCU,1.0,2026-09-15T14:00:00
W-1194,HCU,1.1,2026-09-15T14:30:00
W-1194,HCU,1.7,2026-09-15T15:00:00
W-1194,HCU,0.9,2026-09-15T15:30:00
W-1197,DHDT,1.8,2026-09-15T16:00:00
W-1197,DHDT,0.9,2026-09-15T16:30:00
W-1197,DHDT,1.9,2026-09-15T17:00:00
W-1197,DHDT,1.6,2026-09-15T17:30:00
W-1197,DHDT,4.7,2026-09-15T18:00:00
W-1197,DHDT,1.9,2026-09-15T18:30:00
W-1197,DHDT,1.3,2026-09-15T19:00:00
W-1197,DHDT,1.6,2026-09-15T19:30:00
W-1197,DHDT,1.9,2026-09-15T20:00:00
W-1197,DHDT,1.3,2026-09-15T20:30:00
W-1197,DHDT,1.2,2026-09-15T21:00:00
W-1197,DHDT,1.7,2026-09-15T21:30:00
W-1197,DHDT,1.9,2026-09-15T22:00:00
W-1197,DHDT,0.9,2026-09-15T22:30:00
W-1197,DHDT,4.5,2026-09-15T23:00:00
W-1197,DHDT,3.7,2026-09-15T23:30:00
W-1200,CDU-III,0.9,2026-09-15T00:00:00
W-1200,CDU-III,1.5,2026-09-15T00:30:00
W-1200,CDU-III,1.2,2026-09-15T01:00:00
W-1200,CDU-III,1.2,2026-09-15T01:30:00
W-1200,CDU-III,0.7,2026-09-15T02:00:00
W-1200,CDU-III,1.4,2026-09-15T02:30:00
W-1200,CDU-III,0.7,2026-09-15T03:00:00
W-1200,CDU-III,1.3,2026-09-15T03:30:00
W-1200,CDU-III,1.1,2026-09-15T04:00:00
W-1200,CDU-III,1.0,2026-09-15T04:30:00
W-1200,CDU-III,1.4,2026-09-15T05:00:00
W-1200,CDU-III,0.7,2026-09-15T05:30:00
W-1200,CDU-III,1.3,2026-09-15T06:00:00
W-1200,CDU-III,0.9,2026-09-15T06:30:00
W-1200,CDU-III,1.6,2026-09-15T07:00:00
W-1200,CDU-III,3.7,2026-09-15T07:30:00
W-1203,ETP,0.5,2026-09-15T08:00:00
W-1203,ETP,0.9,2026-09-15T08:30:00
W-1203,ETP,0.5,2026-09-15T09:00:00
W-1203,ETP,0.9,2026-09-15T09:30:00
W-1203,ETP,0.6,2026-09-15T10:00:00
W-1203,ETP,1.1,2026-09-15T10:30:00
W-1203,ETP,1.0,2026-09-15T11:00:00
W-1203,ETP,1.0,2026-09-15T11:30:00
W-1203,ETP,1.1,2026-09-15T12:00:00
W-1203,ETP,0.9,2026-09-15T12:30:00
W-1203,ETP,0.9,2026-09-15T13:00:00
W-1203,ETP,1.1,2026-09-15T13:30:00
W-1203,ETP,0.5,2026-09-15T14:00:00
W-1203,ETP,0.7,2026-09-15T14:30:00
W-1203,ETP,0.6,2026-09-15T15:00:00
W-1203,ETP,1.2,2026-09-15T15:30:00
W-1212,ARU,2.9,2026-09-15T08:00:00
W-1212,ARU,3.5,2026-09-15T08:30:00
W-1212,ARU,2.2,2026-09-15T09:00:00
W-1212,ARU,2.1,2026-09-15T09:30:00
W-1212,ARU,4.7,2026-09-15T10:00:00
W-1212,ARU,2.3,2026-09-15T10:30:00
W-1212,ARU,10.0,2026-09-15T11:00:00
W-1212,ARU,4.0,2026-09-15T11:30:00
W-1212,ARU,2.4,2026-09-15T12:00:00
W-1212,ARU,2.6,2026-09-15T12:30:00
W-1212,ARU,4.8,2026-09-15T13:00:00
W-1212,ARU,4.5,2026-09-15T13:30:00
W-1212,ARU,2.4,2026-09-15T14:00:00
W-1212,ARU,3.0,2026-09-15T14:30:00
W-1212,ARU,3.2,2026-09-15T15:00:00
W-1212,ARU,2.0,2026-09-15T15:30:00
W-1215,SWS,3.1,2026-09-15T16:00:00
W-1215,SWS,2.3,2026-09-15T16:30:00
W-1215,SWS,2.7,2026-09-15T17:00:00
W-1215,SWS,4.7,2026-09-15T17:30:00
W-1215,SWS,4.8,2026-09-15T18:00:00
W-1215,SWS,2.7,2026-09-15T18:30:00
W-1215,SWS,5.0,2026-09-15T19:00:00
W-1215,SWS,3.2,2026-09-15T19:30:00
W-1215,SWS,4.4,2026-09-15T20:00:00
W-1215,SWS,4.0,2026-09-15T20:30:00
W-1215,SWS,5.1,2026-09-15T21:00:00
W-1215,SWS,2.9,2026-09-15T21:30:00
W-1215,SWS,2.2,2026-09-15T22:00:00
W-1215,SWS,3.6,2026-09-15T22:30:00
W-1215,SWS,3.1,2026-09-15T23:00:00
W-1215,SWS,2.1,2026-09-15T23:30:00
W-1218,DCU,1.4,2026-09-15T00:00:00
W-1218,DCU,8.6,2026-09-15T00:30:00
W-1218,DCU,6.9,2026-09-15T01:00:00
W-1218,DCU,3.5,2026-09-15T01:30:00
W-1218,DCU,2.4,2026-09-15T02:00:00
W-1218,DCU,2.0,2026-09-15T02:30:00
W-1218,DCU,1.5,2026-09-15T03:00:00
W-1218,DCU,2.7,2026-09-15T03:30:00
W-1218,DCU,2.3,2026-09-15T04:00:00
W-1218,DCU,1.6,2026-09-15T04:30:00
W-1218,DCU,3.1,2026-09-15T05:00:00
W-1218,DCU,1.4,2026-09-15T05:30:00
W-1218,DCU,1.4,2026-09-15T06:00:00
W-1218,DCU,3.1,2026-09-15T06:30:00
W-1218,DCU,2.5,2026-09-15T07:00:00
W-1218,DCU,2.5,2026-09-15T07:30:00
W-1221,HCU,1.7,2026-09-15T08:00:00
W-1221,HCU,1.7,2026-09-15T08:30:00
W-1221,HCU,1.9,2026-09-15T09:00:00
W-1221,HCU,1.5,2026-09-15T09:30:00
W-1221,HCU,1.7,2026-09-15T10:00:00
W-1221,HCU,1.8,2026-09-15T10:30:00
W-1221,HCU,1.6,2026-09-15T11:00:00
W-1221,HCU,3.3,2026-09-15T11:30:00
W-1221,HCU,3.7,2026-09-15T12:00:00
W-1221,HCU,5.0,2026-09-15T12:30:00
W-1221,HCU,1.0,2026-09-15T13:00:00
W-1221,HCU,2.4,2026-09-15T13:30:00
W-1221,HCU,5.7,2026-09-15T14:00:00
W-1221,HCU,4.0,2026-09-15T14:30:00
W-1221,HCU,3.4,2026-09-15T15:00:00
W-1221,HCU,1.6,2026-09-15T15:30:00
W-1224,DHDT,0.9,2026-09-15T16:00:00
W-1224,DHDT,1.1,2026-09-15T16:30:00
W-1224,DHDT,1.8,2026-09-15T17:00:00
W-1224,DHDT,1.4,2026-09-15T17:30:00
W-1224,DHDT,1.8,2026-09-15T18:00:00
W-1224,DHDT,0.8,2026-09-15T18:30:00
W-1224,DHDT,1.7,2026-09-15T19:00:00
W-1224,DHDT,0.7,2026-09-15T19:30:00
W-1224,DHDT,1.8,2026-09-15T20:00:00
W-1224,DHDT,1.4,2026-09-15T20:30:00
W-1224,DHDT,1.5,2026-09-15T21:00:00
W-1224,DHDT,1.7,2026-09-15T21:30:00
W-1224,DHDT,1.2,2026-09-15T22:00:00
W-1224,DHDT,1.8,2026-09-15T22:30:00
W-1224,DHDT,1.6,2026-09-15T23:00:00
W-1224,DHDT,1.0,2026-09-15T23:30:00
W-1227,CDU-III,0.8,2026-09-15T00:00:00
W-1227,CDU-III,1.1,2026-09-15T00:30:00
W-1227,CDU-III,1.4,2026-09-15T01:00:00
W-1227,CDU-III,0.9,2026-09-15T01:30:00
W-1227,CDU-III,1.5,2026-09-15T02:00:00
W-1227,CDU-III,0.8,2026-09-15T02:30:00
W-1227,CDU-III,0.6,2026-09-15T03:00:00
W-1227,CDU-III,0.8,2026-09-15T03:30:00
W-1227,CDU-III,1.1,2026-09-15T04:00:00
W-1227,CDU-III,1.0,2026-09-15T04:30:00
W-1227,CDU-III,0.7,2026-09-15T05:00:00
W-1227,CDU-III,1.1,2026-09-15T05:30:00
W-1227,CDU-III,1.0,2026-09-15T06:00:00
W-1227,CDU-III,0.9,2026-09-15T06:30:00
W-1227,CDU-III,1.0,2026-09-15T07:00:00
W-1227,CDU-III,1.1,2026-09-15T07:30:00
W-1230,ETP,0.5,2026-09-15T08:00:00
W-1230,ETP,1.1,2026-09-15T08:30:00
W-1230,ETP,0.8,2026-09-15T09:00:00
W-1230,ETP,0.9,2026-09-15T09:30:00
W-1230,ETP,1.0,2026-09-15T10:00:00
W-1230,ETP,1.2,2026-09-15T10:30:00
W-1230,ETP,0.8,2026-09-15T11:00:00
W-1230,ETP,0.5,2026-09-15T11:30:00
W-1230,ETP,0.6,2026-09-15T12:00:00
W-1230,ETP,1.1,2026-09-15T12:30:00
W-1230,ETP,1.1,2026-09-15T13:00:00
W-1230,ETP,0.6,2026-09-15T13:30:00
W-1230,ETP,1.2,2026-09-15T14:00:00
W-1230,ETP,0.8,2026-09-15T14:30:00
W-1230,ETP,1.1,2026-09-15T15:00:00
W-1230,ETP,3.6,2026-09-15T15:30:00
W-1233,TF,0.4,2026-09-15T16:00:00
W-1233,TF,0.5,2026-09-15T16:30:00
W-1233,TF,0.6,2026-09-15T17:00:00
W-1233,TF,0.2,2026-09-15T17:30:00
W-1233,TF,0.4,2026-09-15T18:00:00
W-1233,TF,0.3,2026-09-15T18:30:00
W-1233,TF,0.6,2026-09-15T19:00:00
W-1233,TF,0.6,2026-09-15T19:30:00
W-1233,TF,0.6,2026-09-15T20:00:00
W-1233,TF,0.3,2026-09-15T20:30:00
W-1233,TF,0.4,2026-09-15T21:00:00
W-1233,TF,0.6,2026-09-15T21:30:00
W-1233,TF,0.3,2026-09-15T22:00:00
W-1233,TF,0.6,2026-09-15T22:30:00
W-1233,TF,0.4,2026-09-15T23:00:00
W-1233,TF,0.4,2026-09-15T23:30:00
W-1101,SRU,10.2,2026-09-16T00:00:00
W-1101,SRU,20.0,2026-09-16T00:30:00
W-1101,SRU,9.1,2026-09-16T01:00:00
W-1101,SRU,3.5,2026-09-16T01:30:00
W-1101,SRU,6.0,2026-09-16T02:00:00
W-1101,SRU,4.0,2026-09-16T02:30:00
W-1101,SRU,4.8,2026-09-16T03:00:00
W-1101,SRU,2.3,2026-09-16T03:30:00
W-1101,SRU,3.0,2026-09-16T04:00:00
W-1101,SRU,4.5,2026-09-16T04:30:00
W-1101,SRU,5.9,2026-09-16T05:00:00
W-1101,SRU,5.3,2026-09-16T05:30:00
W-1101,SRU,4.7,2026-09-16T06:00:00
W-1101,SRU,3.7,2026-09-16T06:30:00
W-1101,SRU,3.9,2026-09-16T07:00:00
W-1101,SRU,5.3,2026-09-16T07:30:00
W-1104,ARU,4.4,2026-09-16T08:00:00
W-1104,ARU,3.7,2026-09-16T08:30:00
W-1104,ARU,4.2,2026-09-16T09:00:00
W-1104,ARU,3.7,2026-09-16T09:30:00
W-1104,ARU,4.6,2026-09-16T10:00:00
W-1104,ARU,4.7,2026-09-16T10:30:00
W-1104,ARU,4.5,2026-09-16T11:00:00
W-1104,ARU,3.7,2026-09-16T11:30:00
W-1104,ARU,4.0,2026-09-16T12:00:00
W-1104,ARU,3.1,2026-09-16T12:30:00
W-1104,ARU,16.1,2026-09-16T13:00:00
W-1104,ARU,11.5,2026-09-16T13:30:00
W-1104,ARU,3.6,2026-09-16T14:00:00
W-1104,ARU,4.1,2026-09-16T14:30:00
W-1104,ARU,2.7,2026-09-16T15:00:00
W-1104,ARU,4.3,2026-09-16T15:30:00
W-1107,SWS,3.5,2026-09-16T16:00:00
W-1107,SWS,3.5,2026-09-16T16:30:00
W-1107,SWS,3.5,2026-09-16T17:00:00
W-1107,SWS,3.1,2026-09-16T17:30:00
W-1107,SWS,4.2,2026-09-16T18:00:00
W-1107,SWS,4.7,2026-09-16T18:30:00
W-1107,SWS,2.1,2026-09-16T19:00:00
W-1107,SWS,5.1,2026-09-16T19:30:00
W-1107,SWS,4.3,2026-09-16T20:00:00
W-1107,SWS,3.3,2026-09-16T20:30:00
W-1107,SWS,4.1,2026-09-16T21:00:00
W-1107,SWS,2.0,2026-09-16T21:30:00
W-1107,SWS,3.9,2026-09-16T22:00:00
W-1107,SWS,2.4,2026-09-16T22:30:00
W-1107,SWS,2.6,2026-09-16T23:00:00
W-1107,SWS,4.4,2026-09-16T23:30:00
W-1110,DCU,2.0,2026-09-16T00:00:00
W-1110,DCU,2.3,2026-09-16T00:30:00
W-1110,DCU,2.1,2026-09-16T01:00:00
W-1110,DCU,2.8,2026-09-16T01:30:00
W-1110,DCU,2.3,2026-09-16T02:00:00
W-1110,DCU,1.9,2026-09-16T02:30:00
W-1110,DCU,2.1,2026-09-16T03:00:00
W-1110,DCU,2.9,2026-09-16T03:30:00
W-1110,DCU,2.4,2026-09-16T04:00:00
W-1110,DCU,2.5,2026-09-16T04:30:00
W-1110,DCU,1.6,2026-09-16T05:00:00
W-1110,DCU,2.2,2026-09-16T05:30:00
W-1110,DCU,1.6,2026-09-16T06:00:00
W-1110,DCU,2.0,2026-09-16T06:30:00
W-1110,DCU,2.0,2026-09-16T07:00:00
W-1110,DCU,2.4,2026-09-16T07:30:00
W-1113,HCU,2.4,2026-09-16T08:00:00
W-1113,HCU,2.7,2026-09-16T08:30:00
W-1113,HCU,4.3,2026-09-16T09:00:00
W-1113,HCU,2.4,2026-09-16T09:30:00
W-1113,HCU,2.3,2026-09-16T10:00:00
W-1113,HCU,1.0,2026-09-16T10:30:00
W-1113,HCU,1.8,2026-09-16T11:00:00
W-1113,HCU,4.0,2026-09-16T11:30:00
W-1113,HCU,2.7,2026-09-16T12:00:00
W-1113,HCU,3.4,2026-09-16T12:30:00
W-1113,HCU,1.8,2026-09-16T13:00:00
W-1113,HCU,1.0,2026-09-16T13:30:00
W-1113,HCU,2.0,2026-09-16T14:00:00
W-1113,HCU,1.0,2026-09-16T14:30:00
W-1113,HCU,2.1,2026-09-16T15:00:00
W-1113,HCU,1.9,2026-09-16T15:30:00
W-1116,DHDT,5.0,2026-09-16T16:00:00
W-1116,DHDT,1.2,2026-09-16T16:30:00
W-1116,DHDT,1.2,2026-09-16T17:00:00
W-1116,DHDT,1.9,2026-09-16T17:30:00
W-1116,DHDT,2.1,2026-09-16T18:00:00
W-1116,DHDT,1.2,2026-09-16T18:30:00
W-1116,DHDT,2.1,2026-09-16T19:00:00
W-1116,DHDT,1.9,2026-09-16T19:30:00
W-1116,DHDT,1.1,2026-09-16T20:00:00
W-1116,DHDT,1.7,2026-09-16T20:30:00
W-1116,DHDT,1.4,2026-09-16T21:00:00
W-1116,DHDT,2.0,2026-09-16T21:30:00
W-1116,DHDT,1.2,2026-09-16T22:00:00
W-1116,DHDT,3.8,2026-09-16T22:30:00
W-1116,DHDT,2.5,2026-09-16T23:00:00
W-1116,DHDT,4.4,2026-09-16T23:30:00
W-1119,CDU-III,1.0,2026-09-16T00:00:00
W-1119,CDU-III,2.7,2026-09-16T00:30:00
W-1119,CDU-III,1.8,2026-09-16T01:00:00
W-1119,CDU-III,1.1,2026-09-16T01:30:00
W-1119,CDU-III,1.2,2026-09-16T02:00:00
W-1119,CDU-III,1.1,2026-09-16T02:30:00
W-1119,CDU-III,1.3,2026-09-16T03:00:00
W-1119,CDU-III,1.0,2026-09-16T03:30:00
W-1119,CDU-III,1.0,2026-09-16T04:00:00
W-1119,CDU-III,0.7,2026-09-16T04:30:00
W-1119,CDU-III,1.0,2026-09-16T05:00:00
W-1119,CDU-III,0.8,2026-09-16T05:30:00
W-1119,CDU-III,1.1,2026-09-16T06:00:00
W-1119,CDU-III,0.8,2026-09-16T06:30:00
W-1119,CDU-III,1.6,2026-09-16T07:00:00
W-1119,CDU-III,1.2,2026-09-16T07:30:00
W-1122,ETP,0.8,2026-09-16T08:00:00
W-1122,ETP,0.8,2026-09-16T08:30:00
W-1122,ETP,0.6,2026-09-16T09:00:00
W-1122,ETP,0.8,2026-09-16T09:30:00
W-1122,ETP,1.0,2026-09-16T10:00:00
W-1122,ETP,1.2,2026-09-16T10:30:00
W-1122,ETP,0.5,2026-09-16T11:00:00
W-1122,ETP,0.6,2026-09-16T11:30:00
W-1122,ETP,1.3,2026-09-16T12:00:00
W-1122,ETP,1.2,2026-09-16T12:30:00
W-1122,ETP,1.0,2026-09-16T13:00:00
W-1122,ETP,0.6,2026-09-16T13:30:00
W-1122,ETP,0.6,2026-09-16T14:00:00
W-1122,ETP,0.9,2026-09-16T14:30:00
W-1122,ETP,0.6,2026-09-16T15:00:00
W-1122,ETP,0.7,2026-09-16T15:30:00
W-1125,TF,0.7,2026-09-16T16:00:00
W-1125,TF,0.3,2026-09-16T16:30:00
W-1125,TF,0.6,2026-09-16T17:00:00
W-1125,TF,0.4,2026-09-16T17:30:00
W-1125,TF,0.7,2026-09-16T18:00:00
W-1125,TF,0.3,2026-09-16T18:30:00
W-1125,TF,0.6,2026-09-16T19:00:00
W-1125,TF,0.3,2026-09-16T19:30:00
W-1125,TF,0.4,2026-09-16T20:00:00
W-1125,TF,0.6,2026-09-16T20:30:00
W-1125,TF,0.4,2026-09-16T21:00:00
W-1125,TF,0.4,2026-09-16T21:30:00
W-1125,TF,0.3,2026-09-16T22:00:00
W-1125,TF,0.5,2026-09-16T22:30:00
W-1125,TF,0.6,2026-09-16T23:00:00
W-1125,TF,0.3,2026-09-16T23:30:00
W-1128,SRU,2.8,2026-09-16T00:00:00
W-1128,SRU,2.5,2026-09-16T00:30:00
W-1128,SRU,3.5,2026-09-16T01:00:00
W-1128,SRU,3.3,2026-09-16T01:30:00
W-1128,SRU,5.5,2026-09-16T02:00:00
W-1128,SRU,4.9,2026-09-16T02:30:00
W-1128,SRU,2.5,2026-09-16T03:00:00
W-1128,SRU,3.8,2026-09-16T03:30:00
W-1128,SRU,4.1,2026-09-16T04:00:00
W-1128,SRU,4.2,2026-09-16T04:30:00
W-1128,SRU,5.6,2026-09-16T05:00:00
W-1128,SRU,4.1,2026-09-16T05:30:00
W-1128,SRU,3.9,2026-09-16T06:00:00
W-1128,SRU,3.7,2026-09-16T06:30:00
W-1128,SRU,4.2,2026-09-16T07:00:00
W-1128,SRU,4.8,2026-09-16T07:30:00
W-1131,ARU,2.5,2026-09-16T08:00:00
W-1131,ARU,2.0,2026-09-16T08:30:00
W-1131,ARU,2.7,2026-09-16T09:00:00
W-1131,ARU,2.4,2026-09-16T09:30:00
W-1131,ARU,3.0,2026-09-16T10:00:00
W-1131,ARU,3.1,2026-09-16T10:30:00
W-1131,ARU,2.8,2026-09-16T11:00:00
W-1131,ARU,4.4,2026-09-16T11:30:00
W-1131,ARU,3.0,2026-09-16T12:00:00
W-1131,ARU,3.1,2026-09-16T12:30:00
W-1131,ARU,3.7,2026-09-16T13:00:00
W-1131,ARU,2.9,2026-09-16T13:30:00
W-1131,ARU,2.7,2026-09-16T14:00:00
W-1131,ARU,2.4,2026-09-16T14:30:00
W-1131,ARU,2.6,2026-09-16T15:00:00
W-1131,ARU,3.8,2026-09-16T15:30:00
W-1134,SWS,5.0,2026-09-16T16:00:00
W-1134,SWS,3.5,2026-09-16T16:30:00
W-1134,SWS,2.2,2026-09-16T17:00:00
W-1134,SWS,4.8,2026-09-16T17:30:00
W-1134,SWS,4.2,2026-09-16T18:00:00
W-1134,SWS,5.2,2026-09-16T18:30:00
W-1134,SWS,4.1,2026-09-16T19:00:00
W-1134,SWS,2.5,2026-09-16T19:30:00
W-1134,SWS,4.4,2026-09-16T20:00:00
W-1134,SWS,5.4,2026-09-16T20:30:00
W-1134,SWS,2.9,2026-09-16T21:00:00
W-1134,SWS,3.4,2026-09-16T21:30:00
W-1134,SWS,4.3,2026-09-16T22:00:00
W-1134,SWS,3.4,2026-09-16T22:30:00
W-1134,SWS,2.3,2026-09-16T23:00:00
W-1134,SWS,2.3,2026-09-16T23:30:00
W-1137,DCU,1.3,2026-09-16T00:00:00
W-1137,DCU,3.4,2026-09-16T00:30:00
W-1137,DCU,1.5,2026-09-16T01:00:00
W-1137,DCU,3.2,2026-09-16T01:30:00
W-1137,DCU,2.8,2026-09-16T02:00:00
W-1137,DCU,1.7,2026-09-16T02:30:00
W-1137,DCU,4.8,2026-09-16T03:00:00
W-1137,DCU,3.7,2026-09-16T03:30:00
W-1137,DCU,1.6,2026-09-16T04:00:00
W-1137,DCU,1.9,2026-09-16T04:30:00
W-1137,DCU,1.7,2026-09-16T05:00:00
W-1137,DCU,2.3,2026-09-16T05:30:00
W-1137,DCU,2.9,2026-09-16T06:00:00
W-1137,DCU,1.8,2026-09-16T06:30:00
W-1137,DCU,2.4,2026-09-16T07:00:00
W-1137,DCU,1.3,2026-09-16T07:30:00
W-1140,HCU,1.8,2026-09-16T08:00:00
W-1140,HCU,2.0,2026-09-16T08:30:00
W-1140,HCU,1.4,2026-09-16T09:00:00
W-1140,HCU,3.4,2026-09-16T09:30:00
W-1140,HCU,2.4,2026-09-16T10:00:00
W-1140,HCU,2.1,2026-09-16T10:30:00
W-1140,HCU,2.0,2026-09-16T11:00:00
W-1140,HCU,1.1,2026-09-16T11:30:00
W-1140,HCU,2.5,2026-09-16T12:00:00
W-1140,HCU,1.6,2026-09-16T12:30:00
W-1140,HCU,1.5,2026-09-16T13:00:00
W-1140,HCU,1.5,2026-09-16T13:30:00
W-1140,HCU,1.5,2026-09-16T14:00:00
W-1140,HCU,1.1,2026-09-16T14:30:00
W-1140,HCU,1.4,2026-09-16T15:00:00
W-1140,HCU,2.5,2026-09-16T15:30:00
W-1143,DHDT,1.0,2026-09-16T16:00:00
W-1143,DHDT,1.4,2026-09-16T16:30:00
W-1143,DHDT,2.1,2026-09-16T17:00:00
W-1143,DHDT,2.1,2026-09-16T17:30:00
W-1143,DHDT,2.0,2026-09-16T18:00:00
W-1143,DHDT,1.4,2026-09-16T18:30:00
W-1143,DHDT,1.4,2026-09-16T19:00:00
W-1143,DHDT,2.0,2026-09-16T19:30:00
W-1143,DHDT,1.6,2026-09-16T20:00:00
W-1143,DHDT,1.9,2026-09-16T20:30:00
W-1143,DHDT,1.6,2026-09-16T21:00:00
W-1143,DHDT,1.3,2026-09-16T21:30:00
W-1143,DHDT,1.0,2026-09-16T22:00:00
W-1143,DHDT,1.4,2026-09-16T22:30:00
W-1143,DHDT,1.2,2026-09-16T23:00:00
W-1143,DHDT,1.9,2026-09-16T23:30:00
W-1146,CDU-III,0.8,2026-09-16T00:00:00
W-1146,CDU-III,1.5,2026-09-16T00:30:00
W-1146,CDU-III,1.2,2026-09-16T01:00:00
W-1146,CDU-III,0.7,2026-09-16T01:30:00
W-1146,CDU-III,1.7,2026-09-16T02:00:00
W-1146,CDU-III,1.2,2026-09-16T02:30:00
W-1146,CDU-III,1.1,2026-09-16T03:00:00
W-1146,CDU-III,1.0,2026-09-16T03:30:00
W-1146,CDU-III,1.5,2026-09-16T04:00:00
W-1146,CDU-III,1.1,2026-09-16T04:30:00
W-1146,CDU-III,1.6,2026-09-16T05:00:00
W-1146,CDU-III,1.5,2026-09-16T05:30:00
W-1146,CDU-III,0.9,2026-09-16T06:00:00
W-1146,CDU-III,1.5,2026-09-16T06:30:00
W-1146,CDU-III,1.1,2026-09-16T07:00:00
W-1146,CDU-III,1.4,2026-09-16T07:30:00
W-1149,ETP,0.8,2026-09-16T08:00:00
W-1149,ETP,1.2,2026-09-16T08:30:00
W-1149,ETP,1.9,2026-09-16T09:00:00
W-1149,ETP,2.1,2026-09-16T09:30:00
W-1149,ETP,1.2,2026-09-16T10:00:00
W-1149,ETP,2.6,2026-09-16T10:30:00
W-1149,ETP,3.3,2026-09-16T11:00:00
W-1149,ETP,1.8,2026-09-16T11:30:00
W-1149,ETP,0.8,2026-09-16T12:00:00
W-1149,ETP,1.0,2026-09-16T12:30:00
W-1149,ETP,0.9,2026-09-16T13:00:00
W-1149,ETP,1.1,2026-09-16T13:30:00
W-1149,ETP,1.2,2026-09-16T14:00:00
W-1149,ETP,2.2,2026-09-16T14:30:00
W-1149,ETP,2.2,2026-09-16T15:00:00
W-1149,ETP,0.8,2026-09-16T15:30:00
W-1152,TF,0.6,2026-09-16T16:00:00
W-1152,TF,0.6,2026-09-16T16:30:00
W-1152,TF,0.4,2026-09-16T17:00:00
W-1152,TF,0.6,2026-09-16T17:30:00
W-1152,TF,0.7,2026-09-16T18:00:00
W-1152,TF,0.9,2026-09-16T18:30:00
W-1152,TF,1.0,2026-09-16T19:00:00
W-1152,TF,0.7,2026-09-16T19:30:00
W-1152,TF,0.6,2026-09-16T20:00:00
W-1152,TF,0.4,2026-09-16T20:30:00
W-1152,TF,0.3,2026-09-16T21:00:00
W-1152,TF,0.3,2026-09-16T21:30:00
W-1152,TF,0.6,2026-09-16T22:00:00
W-1152,TF,0.6,2026-09-16T22:30:00
W-1152,TF,0.6,2026-09-16T23:00:00
W-1152,TF,0.4,2026-09-16T23:30:00
W-1155,SRU,4.6,2026-09-16T00:00:00
W-1155,SRU,2.7,2026-09-16T00:30:00
W-1155,SRU,5.7,2026-09-16T01:00:00
W-1155,SRU,4.7,2026-09-16T01:30:00
W-1155,SRU,4.8,2026-09-16T02:00:00
W-1155,SRU,4.1,2026-09-16T02:30:00
W-1155,SRU,4.2,2026-09-16T03:00:00
W-1155,SRU,5.6,2026-09-16T03:30:00
W-1155,SRU,5.8,2026-09-16T04:00:00
W-1155,SRU,5.3,2026-09-16T04:30:00
W-1155,SRU,4.3,2026-09-16T05:00:00
W-1155,SRU,17.0,2026-09-16T05:30:00
W-1155,SRU,3.3,2026-09-16T06:00:00
W-1155,SRU,4.7,2026-09-16T06:30:00
W-1155,SRU,4.5,2026-09-16T07:00:00
W-1155,SRU,3.5,2026-09-16T07:30:00
W-1158,ARU,3.9,2026-09-16T08:00:00
W-1158,ARU,2.1,2026-09-16T08:30:00
W-1158,ARU,2.0,2026-09-16T09:00:00
W-1158,ARU,13.5,2026-09-16T09:30:00
W-1158,ARU,5.0,2026-09-16T10:00:00
W-1158,ARU,7.6,2026-09-16T10:30:00
W-1158,ARU,4.7,2026-09-16T11:00:00
W-1158,ARU,4.4,2026-09-16T11:30:00
W-1158,ARU,4.2,2026-09-16T12:00:00
W-1158,ARU,4.7,2026-09-16T12:30:00
W-1158,ARU,2.1,2026-09-16T13:00:00
W-1158,ARU,4.9,2026-09-16T13:30:00
W-1158,ARU,11.6,2026-09-16T14:00:00
W-1158,ARU,9.3,2026-09-16T14:30:00
W-1158,ARU,9.3,2026-09-16T15:00:00
W-1158,ARU,4.9,2026-09-16T15:30:00
W-1161,SWS,3.4,2026-09-16T16:00:00
W-1161,SWS,2.3,2026-09-16T16:30:00
W-1161,SWS,2.2,2026-09-16T17:00:00
W-1161,SWS,3.8,2026-09-16T17:30:00
W-1161,SWS,3.1,2026-09-16T18:00:00
W-1161,SWS,3.3,2026-09-16T18:30:00
W-1161,SWS,4.1,2026-09-16T19:00:00
W-1161,SWS,4.4,2026-09-16T19:30:00
W-1161,SWS,4.9,2026-09-16T20:00:00
W-1161,SWS,3.0,2026-09-16T20:30:00
W-1161,SWS,2.8,2026-09-16T21:00:00
W-1161,SWS,4.1,2026-09-16T21:30:00
W-1161,SWS,2.3,2026-09-16T22:00:00
W-1161,SWS,2.9,2026-09-16T22:30:00
W-1161,SWS,4.5,2026-09-16T23:00:00
W-1161,SWS,3.4,2026-09-16T23:30:00
W-1164,DCU,1.8,2026-09-16T00:00:00
W-1164,DCU,3.4,2026-09-16T00:30:00
W-1164,DCU,3.4,2026-09-16T01:00:00
W-1164,DCU,1.8,2026-09-16T01:30:00
W-1164,DCU,2.7,2026-09-16T02:00:00
W-1164,DCU,2.4,2026-09-16T02:30:00
W-1164,DCU,3.0,2026-09-16T03:00:00
W-1164,DCU,3.2,2026-09-16T03:30:00
W-1164,DCU,3.4,2026-09-16T04:00:00
W-1164,DCU,1.4,2026-09-16T04:30:00
W-1164,DCU,1.3,2026-09-16T05:00:00
W-1164,DCU,3.0,2026-09-16T05:30:00
W-1164,DCU,1.6,2026-09-16T06:00:00
W-1164,DCU,2.5,2026-09-16T06:30:00
W-1164,DCU,2.6,2026-09-16T07:00:00
W-1164,DCU,3.2,2026-09-16T07:30:00
W-1167,HCU,1.7,2026-09-16T08:00:00
W-1167,HCU,2.2,2026-09-16T08:30:00
W-1167,HCU,1.4,2026-09-16T09:00:00
W-1167,HCU,2.3,2026-09-16T09:30:00
W-1167,HCU,1.8,2026-09-16T10:00:00
W-1167,HCU,1.6,2026-09-16T10:30:00
W-1167,HCU,1.1,2026-09-16T11:00:00
W-1167,HCU,1.8,2026-09-16T11:30:00
W-1167,HCU,2.3,2026-09-16T12:00:00
W-1167,HCU,1.4,2026-09-16T12:30:00
W-1167,HCU,1.9,2026-09-16T13:00:00
W-1167,HCU,1.6,2026-09-16T13:30:00
W-1167,HCU,1.8,2026-09-16T14:00:00
W-1167,HCU,1.9,2026-09-16T14:30:00
W-1167,HCU,1.5,2026-09-16T15:00:00
W-1167,HCU,1.0,2026-09-16T15:30:00
W-1170,DHDT,1.7,2026-09-16T16:00:00
W-1170,DHDT,1.5,2026-09-16T16:30:00
W-1170,DHDT,2.0,2026-09-16T17:00:00
W-1170,DHDT,1.8,2026-09-16T17:30:00
W-1170,DHDT,0.8,2026-09-16T18:00:00
W-1170,DHDT,2.1,2026-09-16T18:30:00
W-1170,DHDT,1.5,2026-09-16T19:00:00
W-1170,DHDT,2.1,2026-09-16T19:30:00
W-1170,DHDT,3.8,2026-09-16T20:00:00
W-1170,DHDT,1.8,2026-09-16T20:30:00
W-1170,DHDT,3.0,2026-09-16T21:00:00
W-1170,DHDT,1.0,2026-09-16T21:30:00
W-1170,DHDT,1.8,2026-09-16T22:00:00
W-1170,DHDT,1.9,2026-09-16T22:30:00
W-1170,DHDT,1.1,2026-09-16T23:00:00
W-1170,DHDT,2.1,2026-09-16T23:30:00
W-1173,CDU-III,0.8,2026-09-16T00:00:00
W-1173,CDU-III,1.2,2026-09-16T00:30:00
W-1173,CDU-III,1.2,2026-09-16T01:00:00
W-1173,CDU-III,1.3,2026-09-16T01:30:00
W-1173,CDU-III,1.1,2026-09-16T02:00:00
W-1173,CDU-III,0.9,2026-09-16T02:30:00
W-1173,CDU-III,1.6,2026-09-16T03:00:00
W-1173,CDU-III,1.5,2026-09-16T03:30:00
W-1173,CDU-III,1.0,2026-09-16T04:00:00
W-1173,CDU-III,1.2,2026-09-16T04:30:00
W-1173,CDU-III,1.6,2026-09-16T05:00:00
W-1173,CDU-III,1.2,2026-09-16T05:30:00
W-1173,CDU-III,1.2,2026-09-16T06:00:00
W-1173,CDU-III,1.4,2026-09-16T06:30:00
W-1173,CDU-III,1.6,2026-09-16T07:00:00
W-1173,CDU-III,1.6,2026-09-16T07:30:00
W-1176,ETP,1.2,2026-09-16T08:00:00
W-1176,ETP,0.6,2026-09-16T08:30:00
W-1176,ETP,2.9,2026-09-16T09:00:00
W-1176,ETP,1.7,2026-09-16T09:30:00
W-1176,ETP,1.1,2026-09-16T10:00:00
W-1176,ETP,1.1,2026-09-16T10:30:00
W-1176,ETP,0.7,2026-09-16T11:00:00
W-1176,ETP,0.9,2026-09-16T11:30:00
W-1176,ETP,1.1,2026-09-16T12:00:00
W-1176,ETP,0.7,2026-09-16T12:30:00
W-1176,ETP,0.5,2026-09-16T13:00:00
W-1176,ETP,1.2,2026-09-16T13:30:00
W-1176,ETP,0.8,2026-09-16T14:00:00
W-1176,ETP,0.6,2026-09-16T14:30:00
W-1176,ETP,4.0,2026-09-16T15:00:00
W-1176,ETP,2.7,2026-09-16T15:30:00
W-1182,SRU,4.5,2026-09-16T00:00:00
W-1182,SRU,2.6,2026-09-16T00:30:00
W-1182,SRU,5.3,2026-09-16T01:00:00
W-1182,SRU,4.9,2026-09-16T01:30:00
W-1182,SRU,2.8,2026-09-16T02:00:00
W-1182,SRU,5.4,2026-09-16T02:30:00
W-1182,SRU,4.2,2026-09-16T03:00:00
W-1182,SRU,3.7,2026-09-16T03:30:00
W-1182,SRU,2.4,2026-09-16T04:00:00
W-1182,SRU,4.3,2026-09-16T04:30:00
W-1182,SRU,11.9,2026-09-16T05:00:00
W-1182,SRU,15.1,2026-09-16T05:30:00
W-1182,SRU,8.0,2026-09-16T06:00:00
W-1182,SRU,4.5,2026-09-16T06:30:00
W-1182,SRU,5.4,2026-09-16T07:00:00
W-1182,SRU,2.8,2026-09-16T07:30:00
W-1185,ARU,2.4,2026-09-16T08:00:00
W-1185,ARU,4.0,2026-09-16T08:30:00
W-1185,ARU,3.1,2026-09-16T09:00:00
W-1185,ARU,4.6,2026-09-16T09:30:00
W-1185,ARU,3.3,2026-09-16T10:00:00
W-1185,ARU,5.0,2026-09-16T10:30:00
W-1185,ARU,4.0,2026-09-16T11:00:00
W-1185,ARU,4.5,2026-09-16T11:30:00
W-1185,ARU,3.9,2026-09-16T12:00:00
W-1185,ARU,2.5,2026-09-16T12:30:00
W-1185,ARU,2.6,2026-09-16T13:00:00
W-1185,ARU,3.8,2026-09-16T13:30:00
W-1185,ARU,2.9,2026-09-16T14:00:00
W-1185,ARU,3.7,2026-09-16T14:30:00
W-1185,ARU,4.5,2026-09-16T15:00:00
W-1185,ARU,2.3,2026-09-16T15:30:00
W-1188,SWS,3.0,2026-09-16T16:00:00
W-1188,SWS,13.0,2026-09-16T16:30:00
W-1188,SWS,3.0,2026-09-16T17:00:00
W-1188,SWS,3.3,2026-09-16T17:30:00
W-1188,SWS,2.8,2026-09-16T18:00:00
W-1188,SWS,3.2,2026-09-16T18:30:00
W-1188,SWS,3.8,2026-09-16T19:00:00
W-1188,SWS,2.7,2026-09-16T19:30:00
W-1188,SWS,2.2,2026-09-16T20:00:00
W-1188,SWS,2.8,2026-09-16T20:30:00
W-1188,SWS,2.6,2026-09-16T21:00:00
W-1188,SWS,4.3,2026-09-16T21:30:00
W-1188,SWS,4.4,2026-09-16T22:00:00
W-1188,SWS,2.2,2026-09-16T22:30:00
W-1188,SWS,4.4,2026-09-16T23:00:00
W-1188,SWS,2.5,2026-09-16T23:30:00
W-1191,DCU,2.1,2026-09-16T00:00:00
W-1191,DCU,2.7,2026-09-16T00:30:00
W-1191,DCU,3.3,2026-09-16T01:00:00
W-1191,DCU,3.1,2026-09-16T01:30:00
W-1191,DCU,2.2,2026-09-16T02:00:00
W-1191,DCU,1.8,2026-09-16T02:30:00
W-1191,DCU,1.5,2026-09-16T03:00:00
W-1191,DCU,2.8,2026-09-16T03:30:00
W-1191,DCU,1.7,2026-09-16T04:00:00
W-1191,DCU,2.7,2026-09-16T04:30:00
W-1191,DCU,3.1,2026-09-16T05:00:00
W-1191,DCU,1.5,2026-09-16T05:30:00
W-1191,DCU,3.0,2026-09-16T06:00:00
W-1191,DCU,2.7,2026-09-16T06:30:00
W-1191,DCU,1.4,2026-09-16T07:00:00
W-1191,DCU,3.3,2026-09-16T07:30:00
W-1200,CDU-III,1.5,2026-09-16T00:00:00
W-1200,CDU-III,1.2,2026-09-16T00:30:00
W-1200,CDU-III,1.7,2026-09-16T01:00:00
W-1200,CDU-III,0.7,2026-09-16T01:30:00
W-1200,CDU-III,1.5,2026-09-16T02:00:00
W-1200,CDU-III,1.6,2026-09-16T02:30:00
W-1200,CDU-III,1.3,2026-09-16T03:00:00
W-1200,CDU-III,1.5,2026-09-16T03:30:00
W-1200,CDU-III,1.4,2026-09-16T04:00:00
W-1200,CDU-III,1.4,2026-09-16T04:30:00
W-1200,CDU-III,1.4,2026-09-16T05:00:00
W-1200,CDU-III,1.3,2026-09-16T05:30:00
W-1200,CDU-III,1.6,2026-09-16T06:00:00
W-1200,CDU-III,1.0,2026-09-16T06:30:00
W-1200,CDU-III,1.0,2026-09-16T07:00:00
W-1200,CDU-III,1.1,2026-09-16T07:30:00
W-1206,TF,0.4,2026-09-16T16:00:00
W-1206,TF,0.3,2026-09-16T16:30:00
W-1206,TF,0.6,2026-09-16T17:00:00
W-1206,TF,0.6,2026-09-16T17:30:00
W-1206,TF,0.6,2026-09-16T18:00:00
W-1206,TF,0.6,2026-09-16T18:30:00
W-1206,TF,0.6,2026-09-16T19:00:00
W-1206,TF,0.6,2026-09-16T19:30:00
W-1206,TF,0.5,2026-09-16T20:00:00
W-1206,TF,0.4,2026-09-16T20:30:00
W-1206,TF,0.7,2026-09-16T21:00:00
W-1206,TF,0.4,2026-09-16T21:30:00
W-1206,TF,0.3,2026-09-16T22:00:00
W-1206,TF,0.5,2026-09-16T22:30:00
W-1206,TF,0.5,2026-09-16T23:00:00
W-1206,TF,0.5,2026-09-16T23:30:00
W-1209,SRU,4.0,2026-09-16T00:00:00
W-1209,SRU,5.9,2026-09-16T00:30:00
W-1209,SRU,4.7,2026-09-16T01:00:00
W-1209,SRU,5.8,2026-09-16T01:30:00
W-1209,SRU,2.6,2026-09-16T02:00:00
W-1209,SRU,4.6,2026-09-16T02:30:00
W-1209,SRU,3.6,2026-09-16T03:00:00
W-1209,SRU,3.9,2026-09-16T03:30:00
W-1209,SRU,3.0,2026-09-16T04:00:00
W-1209,SRU,2.3,2026-09-16T04:30:00
W-1209,SRU,5.2,2026-09-16T05:00:00
W-1209,SRU,3.6,2026-09-16T05:30:00
W-1209,SRU,4.7,2026-09-16T06:00:00
W-1209,SRU,5.0,2026-09-16T06:30:00
W-1209,SRU,5.7,2026-09-16T07:00:00
W-1209,SRU,5.6,2026-09-16T07:30:00
W-1212,ARU,4.4,2026-09-16T08:00:00
W-1212,ARU,2.5,2026-09-16T08:30:00
W-1212,ARU,4.6,2026-09-16T09:00:00
W-1212,ARU,4.5,2026-09-16T09:30:00
W-1212,ARU,2.0,2026-09-16T10:00:00
W-1212,ARU,3.0,2026-09-16T10:30:00
W-1212,ARU,3.5,2026-09-16T11:00:00
W-1212,ARU,3.7,2026-09-16T11:30:00
W-1212,ARU,2.8,2026-09-16T12:00:00
W-1212,ARU,3.0,2026-09-16T12:30:00
W-1212,ARU,3.4,2026-09-16T13:00:00
W-1212,ARU,2.9,2026-09-16T13:30:00
W-1212,ARU,4.1,2026-09-16T14:00:00
W-1212,ARU,2.3,2026-09-16T14:30:00
W-1212,ARU,3.7,2026-09-16T15:00:00
W-1212,ARU,4.8,2026-09-16T15:30:00
W-1215,SWS,4.2,2026-09-16T16:00:00
W-1215,SWS,2.0,2026-09-16T16:30:00
W-1215,SWS,2.8,2026-09-16T17:00:00
W-1215,SWS,3.0,2026-09-16T17:30:00
W-1215,SWS,3.7,2026-09-16T18:00:00
W-1215,SWS,8.9,2026-09-16T18:30:00
W-1215,SWS,4.3,2026-09-16T19:00:00
W-1215,SWS,3.1,2026-09-16T19:30:00
W-1215,SWS,5.2,2026-09-16T20:00:00
W-1215,SWS,4.5,2026-09-16T20:30:00
W-1215,SWS,2.8,2026-09-16T21:00:00
W-1215,SWS,3.6,2026-09-16T21:30:00
W-1215,SWS,4.4,2026-09-16T22:00:00
W-1215,SWS,2.4,2026-09-16T22:30:00
W-1215,SWS,4.2,2026-09-16T23:00:00
W-1215,SWS,9.8,2026-09-16T23:30:00
W-1221,HCU,2.5,2026-09-16T08:00:00
W-1221,HCU,2.2,2026-09-16T08:30:00
W-1221,HCU,1.7,2026-09-16T09:00:00
W-1221,HCU,1.8,2026-09-16T09:30:00
W-1221,HCU,1.0,2026-09-16T10:00:00
W-1221,HCU,2.5,2026-09-16T10:30:00
W-1221,HCU,1.6,2026-09-16T11:00:00
W-1221,HCU,1.1,2026-09-16T11:30:00
W-1221,HCU,2.4,2026-09-16T12:00:00
W-1221,HCU,2.2,2026-09-16T12:30:00
W-1221,HCU,2.4,2026-09-16T13:00:00
W-1221,HCU,2.2,2026-09-16T13:30:00
W-1221,HCU,1.5,2026-09-16T14:00:00
W-1221,HCU,1.4,2026-09-16T14:30:00
W-1221,HCU,1.2,2026-09-16T15:00:00
W-1221,HCU,1.1,2026-09-16T15:30:00
W-1224,DHDT,1.2,2026-09-16T16:00:00
W-1224,DHDT,1.5,2026-09-16T16:30:00
W-1224,DHDT,1.2,2026-09-16T17:00:00
W-1224,DHDT,1.0,2026-09-16T17:30:00
W-1224,DHDT,1.8,2026-09-16T18:00:00
W-1224,DHDT,1.4,2026-09-16T18:30:00
W-1224,DHDT,1.8,2026-09-16T19:00:00
W-1224,DHDT,1.3,2026-09-16T19:30:00
W-1224,DHDT,1.2,2026-09-16T20:00:00
W-1224,DHDT,2.0,2026-09-16T20:30:00
W-1224,DHDT,2.1,2026-09-16T21:00:00
W-1224,DHDT,1.9,2026-09-16T21:30:00
W-1224,DHDT,1.7,2026-09-16T22:00:00
W-1224,DHDT,2.0,2026-09-16T22:30:00
W-1224,DHDT,2.1,2026-09-16T23:00:00
W-1224,DHDT,1.2,2026-09-16T23:30:00
W-1227,CDU-III,1.4,2026-09-16T00:00:00
W-1227,CDU-III,0.6,2026-09-16T00:30:00
W-1227,CDU-III,1.0,2026-09-16T01:00:00
W-1227,CDU-III,1.5,2026-09-16T01:30:00
W-1227,CDU-III,0.7,2026-09-16T02:00:00
W-1227,CDU-III,0.8,2026-09-16T02:30:00
W-1227,CDU-III,0.9,2026-09-16T03:00:00
W-1227,CDU-III,0.9,2026-09-16T03:30:00
W-1227,CDU-III,0.9,2026-09-16T04:00:00
W-1227,CDU-III,0.7,2026-09-16T04:30:00
W-1227,CDU-III,1.6,2026-09-16T05:00:00
W-1227,CDU-III,0.7,2026-09-16T05:30:00
W-1227,CDU-III,1.6,2026-09-16T06:00:00
W-1227,CDU-III,1.6,2026-09-16T06:30:00
W-1227,CDU-III,1.0,2026-09-16T07:00:00
W-1227,CDU-III,1.5,2026-09-16T07:30:00
W-1230,ETP,0.5,2026-09-16T08:00:00
W-1230,ETP,0.5,2026-09-16T08:30:00
W-1230,ETP,1.2,2026-09-16T09:00:00
W-1230,ETP,0.8,2026-09-16T09:30:00
W-1230,ETP,1.2,2026-09-16T10:00:00
W-1230,ETP,2.4,2026-09-16T10:30:00
W-1230,ETP,4.4,2026-09-16T11:00:00
W-1230,ETP,2.8,2026-09-16T11:30:00
W-1230,ETP,0.5,2026-09-16T12:00:00
W-1230,ETP,1.0,2026-09-16T12:30:00
W-1230,ETP,0.6,2026-09-16T13:00:00
W-1230,ETP,0.5,2026-09-16T13:30:00
W-1230,ETP,1.2,2026-09-16T14:00:00
W-1230,ETP,0.7,2026-09-16T14:30:00
W-1230,ETP,0.7,2026-09-16T15:00:00
W-1230,ETP,0.5,2026-09-16T15:30:00
W-1233,TF,0.6,2026-09-16T16:00:00
W-1233,TF,0.6,2026-09-16T16:30:00
W-1233,TF,0.4,2026-09-16T17:00:00
W-1233,TF,0.7,2026-09-16T17:30:00
W-1233,TF,0.6,2026-09-16T18:00:00
W-1233,TF,0.3,2026-09-16T18:30:00
W-1233,TF,0.4,2026-09-16T19:00:00
W-1233,TF,0.6,2026-09-16T19:30:00
W-1233,TF,0.6,2026-09-16T20:00:00
W-1233,TF,0.4,2026-09-16T20:30:00
W-1233,TF,0.5,2026-09-16T21:00:00
W-1233,TF,0.7,2026-09-16T21:30:00
W-1233,TF,0.4,2026-09-16T22:00:00
W-1233,TF,0.3,2026-09-16T22:30:00
W-1233,TF,0.7,2026-09-16T23:00:00
W-1233,TF,0.5,2026-09-16T23:30:00
W-1104,ARU,6.2,2026-09-17T08:00:00
W-1104,ARU,6.1,2026-09-17T08:30:00
W-1104,ARU,3.7,2026-09-17T09:00:00
W-1104,ARU,5.7,2026-09-17T09:30:00
W-1104,ARU,5.3,2026-09-17T10:00:00
W-1104,ARU,2.5,2026-09-17T10:30:00
W-1104,ARU,3.7,2026-09-17T11:00:00
W-1104,ARU,4.8,2026-09-17T11:30:00
W-1104,ARU,5.9,2026-09-17T12:00:00
W-1104,ARU,3.0,2026-09-17T12:30:00
W-1104,ARU,3.5,2026-09-17T13:00:00
W-1104,ARU,2.4,2026-09-17T13:30:00
W-1104,ARU,3.6,2026-09-17T14:00:00
W-1104,ARU,3.7,2026-09-17T14:30:00
W-1104,ARU,4.6,2026-09-17T15:00:00
W-1104,ARU,6.1,2026-09-17T15:30:00
W-1107,SWS,5.7,2026-09-17T16:00:00
W-1107,SWS,6.8,2026-09-17T16:30:00
W-1107,SWS,6.3,2026-09-17T17:00:00
W-1107,SWS,3.8,2026-09-17T17:30:00
W-1107,SWS,4.6,2026-09-17T18:00:00
W-1107,SWS,2.6,2026-09-17T18:30:00
W-1107,SWS,5.8,2026-09-17T19:00:00
W-1107,SWS,5.2,2026-09-17T19:30:00
W-1107,SWS,12.5,2026-09-17T20:00:00
W-1107,SWS,14.9,2026-09-17T20:30:00
W-1107,SWS,10.4,2026-09-17T21:00:00
W-1107,SWS,6.7,2026-09-17T21:30:00
W-1107,SWS,5.4,2026-09-17T22:00:00
W-1107,SWS,5.9,2026-09-17T22:30:00
W-1107,SWS,2.8,2026-09-17T23:00:00
W-1107,SWS,6.2,2026-09-17T23:30:00
W-1110,DCU,4.1,2026-09-17T00:00:00
W-1110,DCU,4.0,2026-09-17T00:30:00
W-1110,DCU,1.9,2026-09-17T01:00:00
W-1110,DCU,2.1,2026-09-17T01:30:00
W-1110,DCU,3.7,2026-09-17T02:00:00
W-1110,DCU,3.8,2026-09-17T02:30:00
W-1110,DCU,2.3,2026-09-17T03:00:00
W-1110,DCU,3.0,2026-09-17T03:30:00
W-1110,DCU,2.1,2026-09-17T04:00:00
W-1110,DCU,2.7,2026-09-17T04:30:00
W-1110,DCU,3.9,2026-09-17T05:00:00
W-1110,DCU,2.1,2026-09-17T05:30:00
W-1110,DCU,3.0,2026-09-17T06:00:00
W-1110,DCU,2.9,2026-09-17T06:30:00
W-1110,DCU,3.0,2026-09-17T07:00:00
W-1110,DCU,5.5,2026-09-17T07:30:00
W-1113,HCU,1.5,2026-09-17T08:00:00
W-1113,HCU,1.2,2026-09-17T08:30:00
W-1113,HCU,1.8,2026-09-17T09:00:00
W-1113,HCU,2.5,2026-09-17T09:30:00
W-1113,HCU,1.7,2026-09-17T10:00:00
W-1113,HCU,1.2,2026-09-17T10:30:00
W-1113,HCU,1.6,2026-09-17T11:00:00
W-1113,HCU,2.7,2026-09-17T11:30:00
W-1113,HCU,1.4,2026-09-17T12:00:00
W-1113,HCU,1.4,2026-09-17T12:30:00
W-1113,HCU,2.1,2026-09-17T13:00:00
W-1113,HCU,2.4,2026-09-17T13:30:00
W-1113,HCU,2.6,2026-09-17T14:00:00
W-1113,HCU,3.0,2026-09-17T14:30:00
W-1113,HCU,2.6,2026-09-17T15:00:00
W-1113,HCU,2.8,2026-09-17T15:30:00
W-1116,DHDT,2.3,2026-09-17T16:00:00
W-1116,DHDT,1.6,2026-09-17T16:30:00
W-1116,DHDT,1.8,2026-09-17T17:00:00
W-1116,DHDT,2.4,2026-09-17T17:30:00
W-1116,DHDT,2.1,2026-09-17T18:00:00
W-1116,DHDT,1.0,2026-09-17T18:30:00
W-1116,DHDT,1.1,2026-09-17T19:00:00
W-1116,DHDT,1.1,2026-09-17T19:30:00
W-1116,DHDT,1.8,2026-09-17T20:00:00
W-1116,DHDT,1.3,2026-09-17T20:30:00
W-1116,DHDT,1.0,2026-09-17T21:00:00
W-1116,DHDT,1.5,2026-09-17T21:30:00
W-1116,DHDT,1.8,2026-09-17T22:00:00
W-1116,DHDT,2.2,2026-09-17T22:30:00
W-1116,DHDT,1.6,2026-09-17T23:00:00
W-1116,DHDT,1.2,2026-09-17T23:30:00
W-1119,CDU-III,1.4,2026-09-17T00:00:00
W-1119,CDU-III,1.3,2026-09-17T00:30:00
W-1119,CDU-III,2.1,2026-09-17T01:00:00
W-1119,CDU-III,1.1,2026-09-17T01:30:00
W-1119,CDU-III,1.3,2026-09-17T02:00:00
W-1119,CDU-III,1.9,2026-09-17T02:30:00
W-1119,CDU-III,2.0,2026-09-17T03:00:00
W-1119,CDU-III,0.9,2026-09-17T03:30:00
W-1119,CDU-III,1.9,2026-09-17T04:00:00
W-1119,CDU-III,1.3,2026-09-17T04:30:00
W-1119,CDU-III,1.8,2026-09-17T05:00:00
W-1119,CDU-III,1.6,2026-09-17T05:30:00
W-1119,CDU-III,1.5,2026-09-17T06:00:00
W-1119,CDU-III,0.9,2026-09-17T06:30:00
W-1119,CDU-III,1.5,2026-09-17T07:00:00
W-1119,CDU-III,1.8,2026-09-17T07:30:00
W-1122,ETP,1.5,2026-09-17T08:00:00
W-1122,ETP,1.5,2026-09-17T08:30:00
W-1122,ETP,0.9,2026-09-17T09:00:00
W-1122,ETP,1.5,2026-09-17T09:30:00
W-1122,ETP,1.2,2026-09-17T10:00:00
W-1122,ETP,0.6,2026-09-17T10:30:00
W-1122,ETP,1.4,2026-09-17T11:00:00
W-1122,ETP,0.9,2026-09-17T11:30:00
W-1122,ETP,0.8,2026-09-17T12:00:00
W-1122,ETP,1.2,2026-09-17T12:30:00
W-1122,ETP,1.3,2026-09-17T13:00:00
W-1122,ETP,1.3,2026-09-17T13:30:00
W-1122,ETP,1.0,2026-09-17T14:00:00
W-1122,ETP,0.7,2026-09-17T14:30:00
W-1122,ETP,1.3,2026-09-17T15:00:00
W-1122,ETP,0.8,2026-09-17T15:30:00
W-1125,TF,0.3,2026-09-17T16:00:00
W-1125,TF,0.6,2026-09-17T16:30:00
W-1125,TF,0.4,2026-09-17T17:00:00
W-1125,TF,0.6,2026-09-17T17:30:00
W-1125,TF,0.5,2026-09-17T18:00:00
W-1125,TF,0.3,2026-09-17T18:30:00
W-1125,TF,0.5,2026-09-17T19:00:00
W-1125,TF,0.5,2026-09-17T19:30:00
W-1125,TF,0.8,2026-09-17T20:00:00
W-1125,TF,0.8,2026-09-17T20:30:00
W-1125,TF,0.9,2026-09-17T21:00:00
W-1125,TF,0.7,2026-09-17T21:30:00
W-1125,TF,0.4,2026-09-17T22:00:00
W-1125,TF,0.6,2026-09-17T22:30:00
W-1125,TF,0.5,2026-09-17T23:00:00
W-1125,TF,0.9,2026-09-17T23:30:00
W-1128,SRU,20.2,2026-09-17T00:00:00
W-1128,SRU,14.0,2026-09-17T00:30:00
W-1128,SRU,4.2,2026-09-17T01:00:00
W-1128,SRU,3.1,2026-09-17T01:30:00
W-1128,SRU,6.9,2026-09-17T02:00:00
W-1128,SRU,3.0,2026-09-17T02:30:00
W-1128,SRU,3.2,2026-09-17T03:00:00
W-1128,SRU,2.9,2026-09-17T03:30:00
W-1128,SRU,3.7,2026-09-17T04:00:00
W-1128,SRU,6.9,2026-09-17T04:30:00
W-1128,SRU,5.1,2026-09-17T05:00:00
W-1128,SRU,2.9,2026-09-17T05:30:00
W-1128,SRU,3.7,2026-09-17T06:00:00
W-1128,SRU,14.6,2026-09-17T06:30:00
W-1128,SRU,5.2,2026-09-17T07:00:00
W-1128,SRU,6.8,2026-09-17T07:30:00
W-1131,ARU,14.8,2026-09-17T08:00:00
W-1131,ARU,4.6,2026-09-17T08:30:00
W-1131,ARU,14.6,2026-09-17T09:00:00
W-1131,ARU,17.3,2026-09-17T09:30:00
W-1131,ARU,17.7,2026-09-17T10:00:00
W-1131,ARU,4.4,2026-09-17T10:30:00
W-1131,ARU,5.7,2026-09-17T11:00:00
W-1131,ARU,4.6,2026-09-17T11:30:00
W-1131,ARU,3.7,2026-09-17T12:00:00
W-1131,ARU,4.2,2026-09-17T12:30:00
W-1131,ARU,3.6,2026-09-17T13:00:00
W-1131,ARU,4.7,2026-09-17T13:30:00
W-1131,ARU,2.9,2026-09-17T14:00:00
W-1131,ARU,6.2,2026-09-17T14:30:00
W-1131,ARU,3.1,2026-09-17T15:00:00
W-1131,ARU,5.3,2026-09-17T15:30:00
W-1134,SWS,6.0,2026-09-17T16:00:00
W-1134,SWS,3.6,2026-09-17T16:30:00
W-1134,SWS,5.7,2026-09-17T17:00:00
W-1134,SWS,14.9,2026-09-17T17:30:00
W-1134,SWS,5.5,2026-09-17T18:00:00
W-1134,SWS,2.5,2026-09-17T18:30:00
W-1134,SWS,4.5,2026-09-17T19:00:00
W-1134,SWS,3.7,2026-09-17T19:30:00
W-1134,SWS,6.2,2026-09-17T20:00:00
W-1134,SWS,6.5,2026-09-17T20:30:00
W-1134,SWS,6.6,2026-09-17T21:00:00
W-1134,SWS,5.0,2026-09-17T21:30:00
W-1134,SWS,5.8,2026-09-17T22:00:00
W-1134,SWS,3.2,2026-09-17T22:30:00
W-1134,SWS,3.4,2026-09-17T23:00:00
W-1134,SWS,22.6,2026-09-17T23:30:00
W-1137,DCU,1.8,2026-09-17T00:00:00
W-1137,DCU,7.2,2026-09-17T00:30:00
W-1137,DCU,8.0,2026-09-17T01:00:00
W-1137,DCU,10.0,2026-09-17T01:30:00
W-1137,DCU,3.4,2026-09-17T02:00:00
W-1137,DCU,1.8,2026-09-17T02:30:00
W-1137,DCU,4.0,2026-09-17T03:00:00
W-1137,DCU,1.6,2026-09-17T03:30:00
W-1137,DCU,2.5,2026-09-17T04:00:00
W-1137,DCU,2.4,2026-09-17T04:30:00
W-1137,DCU,1.9,2026-09-17T05:00:00
W-1137,DCU,2.2,2026-09-17T05:30:00
W-1137,DCU,2.6,2026-09-17T06:00:00
W-1137,DCU,3.3,2026-09-17T06:30:00
W-1137,DCU,2.7,2026-09-17T07:00:00
W-1137,DCU,3.6,2026-09-17T07:30:00
W-1140,HCU,2.6,2026-09-17T08:00:00
W-1140,HCU,2.1,2026-09-17T08:30:00
W-1140,HCU,2.1,2026-09-17T09:00:00
W-1140,HCU,2.5,2026-09-17T09:30:00
W-1140,HCU,1.7,2026-09-17T10:00:00
W-1140,HCU,2.2,2026-09-17T10:30:00
W-1140,HCU,2.7,2026-09-17T11:00:00
W-1140,HCU,2.8,2026-09-17T11:30:00
W-1140,HCU,3.1,2026-09-17T12:00:00
W-1140,HCU,1.9,2026-09-17T12:30:00
W-1140,HCU,1.8,2026-09-17T13:00:00
W-1140,HCU,1.8,2026-09-17T13:30:00
W-1140,HCU,3.1,2026-09-17T14:00:00
W-1140,HCU,2.8,2026-09-17T14:30:00
W-1140,HCU,2.7,2026-09-17T15:00:00
W-1140,HCU,2.2,2026-09-17T15:30:00
W-1143,DHDT,2.1,2026-09-17T16:00:00
W-1143,DHDT,2.1,2026-09-17T16:30:00
W-1143,DHDT,1.2,2026-09-17T17:00:00
W-1143,DHDT,1.4,2026-09-17T17:30:00
W-1143,DHDT,2.4,2026-09-17T18:00:00
W-1143,DHDT,6.9,2026-09-17T18:30:00
W-1143,DHDT,3.6,2026-09-17T19:00:00
W-1143,DHDT,3.6,2026-09-17T19:30:00
W-1143,DHDT,2.3,2026-09-17T20:00:00
W-1143,DHDT,1.6,2026-09-17T20:30:00
W-1143,DHDT,1.8,2026-09-17T21:00:00
W-1143,DHDT,1.0,2026-09-17T21:30:00
W-1143,DHDT,1.7,2026-09-17T22:00:00
W-1143,DHDT,1.8,2026-09-17T22:30:00
W-1143,DHDT,2.5,2026-09-17T23:00:00
W-1143,DHDT,1.8,2026-09-17T23:30:00
W-1146,CDU-III,1.6,2026-09-17T00:00:00
W-1146,CDU-III,1.7,2026-09-17T00:30:00
W-1146,CDU-III,2.0,2026-09-17T01:00:00
W-1146,CDU-III,1.2,2026-09-17T01:30:00
W-1146,CDU-III,1.7,2026-09-17T02:00:00
W-1146,CDU-III,1.1,2026-09-17T02:30:00
W-1146,CDU-III,1.2,2026-09-17T03:00:00
W-1146,CDU-III,0.9,2026-09-17T03:30:00
W-1146,CDU-III,1.2,2026-09-17T04:00:00
W-1146,CDU-III,1.1,2026-09-17T04:30:00
W-1146,CDU-III,1.6,2026-09-17T05:00:00
W-1146,CDU-III,1.4,2026-09-17T05:30:00
W-1146,CDU-III,1.7,2026-09-17T06:00:00
W-1146,CDU-III,2.0,2026-09-17T06:30:00
W-1146,CDU-III,1.2,2026-09-17T07:00:00
W-1146,CDU-III,1.7,2026-09-17T07:30:00
W-1149,ETP,4.6,2026-09-17T08:00:00
W-1149,ETP,0.8,2026-09-17T08:30:00
W-1149,ETP,1.5,2026-09-17T09:00:00
W-1149,ETP,0.8,2026-09-17T09:30:00
W-1149,ETP,0.8,2026-09-17T10:00:00
W-1149,ETP,1.1,2026-09-17T10:30:00
W-1149,ETP,1.4,2026-09-17T11:00:00
W-1149,ETP,1.5,2026-09-17T11:30:00
W-1149,ETP,1.2,2026-09-17T12:00:00
W-1149,ETP,0.8,2026-09-17T12:30:00
W-1149,ETP,3.5,2026-09-17T13:00:00
W-1149,ETP,1.4,2026-09-17T13:30:00
W-1149,ETP,0.6,2026-09-17T14:00:00
W-1149,ETP,0.8,2026-09-17T14:30:00
W-1149,ETP,0.7,2026-09-17T15:00:00
W-1149,ETP,1.1,2026-09-17T15:30:00
W-1152,TF,0.8,2026-09-17T16:00:00
W-1152,TF,0.4,2026-09-17T16:30:00
W-1152,TF,0.6,2026-09-17T17:00:00
W-1152,TF,0.6,2026-09-17T17:30:00
W-1152,TF,0.4,2026-09-17T18:00:00
W-1152,TF,0.7,2026-09-17T18:30:00
W-1152,TF,0.4,2026-09-17T19:00:00
W-1152,TF,0.3,2026-09-17T19:30:00
W-1152,TF,0.8,2026-09-17T20:00:00
W-1152,TF,0.5,2026-09-17T20:30:00
W-1152,TF,0.7,2026-09-17T21:00:00
W-1152,TF,0.6,2026-09-17T21:30:00
W-1152,TF,0.4,2026-09-17T22:00:00
W-1152,TF,0.5,2026-09-17T22:30:00
W-1152,TF,0.9,2026-09-17T23:00:00
W-1152,TF,0.5,2026-09-17T23:30:00
W-1155,SRU,18.9,2026-09-17T00:00:00
W-1155,SRU,6.0,2026-09-17T00:30:00
W-1155,SRU,5.1,2026-09-17T01:00:00
W-1155,SRU,5.2,2026-09-17T01:30:00
W-1155,SRU,6.7,2026-09-17T02:00:00
W-1155,SRU,4.5,2026-09-17T02:30:00
W-1155,SRU,7.0,2026-09-17T03:00:00
W-1155,SRU,19.5,2026-09-17T03:30:00
W-1155,SRU,2.9,2026-09-17T04:00:00
W-1155,SRU,3.0,2026-09-17T04:30:00
W-1155,SRU,3.4,2026-09-17T05:00:00
W-1155,SRU,3.8,2026-09-17T05:30:00
W-1155,SRU,4.8,2026-09-17T06:00:00
W-1155,SRU,3.5,2026-09-17T06:30:00
W-1155,SRU,7.0,2026-09-17T07:00:00
W-1155,SRU,4.2,2026-09-17T07:30:00
W-1158,ARU,2.5,2026-09-17T08:00:00
W-1158,ARU,6.0,2026-09-17T08:30:00
W-1158,ARU,5.2,2026-09-17T09:00:00
W-1158,ARU,3.9,2026-09-17T09:30:00
W-1158,ARU,3.8,2026-09-17T10:00:00
W-1158,ARU,4.3,2026-09-17T10:30:00
W-1158,ARU,5.0,2026-09-17T11:00:00
W-1158,ARU,5.3,2026-09-17T11:30:00
W-1158,ARU,2.5,2026-09-17T12:00:00
W-1158,ARU,5.5,2026-09-17T12:30:00
W-1158,ARU,5.3,2026-09-17T13:00:00
W-1158,ARU,6.2,2026-09-17T13:30:00
W-1158,ARU,18.0,2026-09-17T14:00:00
W-1158,ARU,12.4,2026-09-17T14:30:00
W-1158,ARU,5.2,2026-09-17T15:00:00
W-1158,ARU,5.0,2026-09-17T15:30:00
W-1164,DCU,2.4,2026-09-17T00:00:00
W-1164,DCU,3.7,2026-09-17T00:30:00
W-1164,DCU,2.8,2026-09-17T01:00:00
W-1164,DCU,2.4,2026-09-17T01:30:00
W-1164,DCU,1.8,2026-09-17T02:00:00
W-1164,DCU,3.9,2026-09-17T02:30:00
W-1164,DCU,2.7,2026-09-17T03:00:00
W-1164,DCU,2.8,2026-09-17T03:30:00
W-1164,DCU,3.2,2026-09-17T04:00:00
W-1164,DCU,2.9,2026-09-17T04:30:00
W-1164,DCU,2.8,2026-09-17T05:00:00
W-1164,DCU,2.9,2026-09-17T05:30:00
W-1164,DCU,3.4,2026-09-17T06:00:00
W-1164,DCU,3.6,2026-09-17T06:30:00
W-1164,DCU,4.0,2026-09-17T07:00:00
W-1164,DCU,3.2,2026-09-17T07:30:00
W-1167,HCU,3.1,2026-09-17T08:00:00
W-1167,HCU,1.8,2026-09-17T08:30:00
W-1167,HCU,2.8,2026-09-17T09:00:00
W-1167,HCU,2.9,2026-09-17T09:30:00
W-1167,HCU,1.2,2026-09-17T10:00:00
W-1167,HCU,2.4,2026-09-17T10:30:00
W-1167,HCU,2.8,2026-09-17T11:00:00
W-1167,HCU,1.3,2026-09-17T11:30:00
W-1167,HCU,2.0,2026-09-17T12:00:00
W-1167,HCU,2.9,2026-09-17T12:30:00
W-1167,HCU,1.6,2026-09-17T13:00:00
W-1167,HCU,2.9,2026-09-17T13:30:00
W-1167,HCU,1.2,2026-09-17T14:00:00
W-1167,HCU,2.3,2026-09-17T14:30:00
W-1167,HCU,1.9,2026-09-17T15:00:00
W-1167,HCU,2.9,2026-09-17T15:30:00
W-1170,DHDT,6.9,2026-09-17T16:00:00
W-1170,DHDT,6.1,2026-09-17T16:30:00
W-1170,DHDT,1.7,2026-09-17T17:00:00
W-1170,DHDT,1.9,2026-09-17T17:30:00
W-1170,DHDT,1.5,2026-09-17T18:00:00
W-1170,DHDT,2.3,2026-09-17T18:30:00
W-1170,DHDT,2.3,2026-09-17T19:00:00
W-1170,DHDT,1.1,2026-09-17T19:30:00
W-1170,DHDT,1.8,2026-09-17T20:00:00
W-1170,DHDT,1.3,2026-09-17T20:30:00
W-1170,DHDT,3.6,2026-09-17T21:00:00
W-1170,DHDT,3.5,2026-09-17T21:30:00
W-1170,DHDT,2.1,2026-09-17T22:00:00
W-1170,DHDT,5.7,2026-09-17T22:30:00
W-1170,DHDT,3.0,2026-09-17T23:00:00
W-1170,DHDT,3.8,2026-09-17T23:30:00
W-1173,CDU-III,1.4,2026-09-17T00:00:00
W-1173,CDU-III,1.6,2026-09-17T00:30:00
W-1173,CDU-III,1.8,2026-09-17T01:00:00
W-1173,CDU-III,1.4,2026-09-17T01:30:00
W-1173,CDU-III,1.7,2026-09-17T02:00:00
W-1173,CDU-III,1.3,2026-09-17T02:30:00
W-1173,CDU-III,0.8,2026-09-17T03:00:00
W-1173,CDU-III,1.7,2026-09-17T03:30:00
W-1173,CDU-III,1.9,2026-09-17T04:00:00
W-1173,CDU-III,1.2,2026-09-17T04:30:00
W-1173,CDU-III,2.3,2026-09-17T05:00:00
W-1173,CDU-III,5.6,2026-09-17T05:30:00
W-1173,CDU-III,1.1,2026-09-17T06:00:00
W-1173,CDU-III,1.8,2026-09-17T06:30:00
W-1173,CDU-III,1.5,2026-09-17T07:00:00
W-1173,CDU-III,2.0,2026-09-17T07:30:00
W-1176,ETP,1.1,2026-09-17T08:00:00
W-1176,ETP,1.4,2026-09-17T08:30:00
W-1176,ETP,1.1,2026-09-17T09:00:00
W-1176,ETP,1.0,2026-09-17T09:30:00
W-1176,ETP,1.2,2026-09-17T10:00:00
W-1176,ETP,0.8,2026-09-17T10:30:00
W-1176,ETP,1.4,2026-09-17T11:00:00
W-1176,ETP,1.3,2026-09-17T11:30:00
W-1176,ETP,1.1,2026-09-17T12:00:00
W-1176,ETP,0.8,2026-09-17T12:30:00
W-1176,ETP,0.8,2026-09-17T13:00:00
W-1176,ETP,1.2,2026-09-17T13:30:00
W-1176,ETP,1.6,2026-09-17T14:00:00
W-1176,ETP,0.6,2026-09-17T14:30:00
W-1176,ETP,0.7,2026-09-17T15:00:00
W-1176,ETP,0.8,2026-09-17T15:30:00
W-1179,TF,0.6,2026-09-17T16:00:00
W-1179,TF,0.7,2026-09-17T16:30:00
W-1179,TF,0.5,2026-09-17T17:00:00
W-1179,TF,0.8,2026-09-17T17:30:00
W-1179,TF,0.4,2026-09-17T18:00:00
W-1179,TF,0.8,2026-09-17T18:30:00
W-1179,TF,0.7,2026-09-17T19:00:00
W-1179,TF,0.5,2026-09-17T19:30:00
W-1179,TF,0.5,2026-09-17T20:00:00
W-1179,TF,0.4,2026-09-17T20:30:00
W-1179,TF,0.4,2026-09-17T21:00:00
W-1179,TF,0.8,2026-09-17T21:30:00
W-1179,TF,0.6,2026-09-17T22:00:00
W-1179,TF,0.4,2026-09-17T22:30:00
W-1179,TF,0.4,2026-09-17T23:00:00
W-1179,TF,0.8,2026-09-17T23:30:00
W-1182,SRU,5.3,2026-09-17T00:00:00
W-1182,SRU,4.0,2026-09-17T00:30:00
W-1182,SRU,3.5,2026-09-17T01:00:00
W-1182,SRU,4.3,2026-09-17T01:30:00
W-1182,SRU,5.0,2026-09-17T02:00:00
W-1182,SRU,6.7,2026-09-17T02:30:00
W-1182,SRU,5.9,2026-09-17T03:00:00
W-1182,SRU,6.0,2026-09-17T03:30:00
W-1182,SRU,19.5,2026-09-17T04:00:00
W-1182,SRU,17.5,2026-09-17T04:30:00
W-1182,SRU,11.0,2026-09-17T05:00:00
W-1182,SRU,7.3,2026-09-17T05:30:00
W-1182,SRU,4.9,2026-09-17T06:00:00
W-1182,SRU,2.8,2026-09-17T06:30:00
W-1182,SRU,3.7,2026-09-17T07:00:00
W-1182,SRU,3.8,2026-09-17T07:30:00
W-1185,ARU,3.2,2026-09-17T08:00:00
W-1185,ARU,5.2,2026-09-17T08:30:00
W-1185,ARU,6.1,2026-09-17T09:00:00
W-1185,ARU,4.0,2026-09-17T09:30:00
W-1185,ARU,3.0,2026-09-17T10:00:00
W-1185,ARU,5.0,2026-09-17T10:30:00
W-1185,ARU,3.9,2026-09-17T11:00:00
W-1185,ARU,3.9,2026-09-17T11:30:00
W-1185,ARU,2.7,2026-09-17T12:00:00
W-1185,ARU,5.9,2026-09-17T12:30:00
W-1185,ARU,2.8,2026-09-17T13:00:00
W-1185,ARU,2.9,2026-09-17T13:30:00
W-1185,ARU,5.3,2026-09-17T14:00:00
W-1185,ARU,7.4,2026-09-17T14:30:00
W-1185,ARU,8.2,2026-09-17T15:00:00
W-1185,ARU,3.5,2026-09-17T15:30:00
W-1188,SWS,2.6,2026-09-17T16:00:00
W-1188,SWS,19.6,2026-09-17T16:30:00
W-1188,SWS,18.5,2026-09-17T17:00:00
W-1188,SWS,4.9,2026-09-17T17:30:00
W-1188,SWS,4.6,2026-09-17T18:00:00
W-1188,SWS,5.2,2026-09-17T18:30:00
W-1188,SWS,2.6,2026-09-17T19:00:00
W-1188,SWS,5.5,2026-09-17T19:30:00
W-1188,SWS,6.6,2026-09-17T20:00:00
W-1188,SWS,2.8,2026-09-17T20:30:00
W-1188,SWS,4.8,2026-09-17T21:00:00
W-1188,SWS,10.1,2026-09-17T21:30:00
W-1188,SWS,13.5,2026-09-17T22:00:00
W-1188,SWS,18.9,2026-09-17T22:30:00
W-1188,SWS,3.0,2026-09-17T23:00:00
W-1188,SWS,2.7,2026-09-17T23:30:00
W-1191,DCU,3.2,2026-09-17T00:00:00
W-1191,DCU,1.9,2026-09-17T00:30:00
W-1191,DCU,4.0,2026-09-17T01:00:00
W-1191,DCU,3.1,2026-09-17T01:30:00
W-1191,DCU,1.9,2026-09-17T02:00:00
W-1191,DCU,2.6,2026-09-17T02:30:00
W-1191,DCU,9.2,2026-09-17T03:00:00
W-1191,DCU,3.4,2026-09-17T03:30:00
W-1191,DCU,3.9,2026-09-17T04:00:00
W-1191,DCU,4.1,2026-09-17T04:30:00
W-1191,DCU,3.6,2026-09-17T05:00:00
W-1191,DCU,3.1,2026-09-17T05:30:00
W-1191,DCU,3.1,2026-09-17T06:00:00
W-1191,DCU,2.5,2026-09-17T06:30:00
W-1191,DCU,3.0,2026-09-17T07:00:00
W-1191,DCU,1.7,2026-09-17T07:30:00
W-1194,HCU,2.3,2026-09-17T08:00:00
W-1194,HCU,2.0,2026-09-17T08:30:00
W-1194,HCU,2.6,2026-09-17T09:00:00
W-1194,HCU,3.1,2026-09-17T09:30:00
W-1194,HCU,2.8,2026-09-17T10:00:00
W-1194,HCU,2.1,2026-09-17T10:30:00
W-1194,HCU,1.4,2026-09-17T11:00:00
W-1194,HCU,3.0,2026-09-17T11:30:00
W-1194,HCU,2.1,2026-09-17T12:00:00
W-1194,HCU,2.3,2026-09-17T12:30:00
W-1194,HCU,2.4,2026-09-17T13:00:00
W-1194,HCU,2.1,2026-09-17T13:30:00
W-1194,HCU,2.8,2026-09-17T14:00:00
W-1194,HCU,1.4,2026-09-17T14:30:00
W-1194,HCU,2.1,2026-09-17T15:00:00
W-1194,HCU,3.0,2026-09-17T15:30:00
W-1197,DHDT,2.5,2026-09-17T16:00:00
W-1197,DHDT,2.4,2026-09-17T16:30:00
W-1197,DHDT,1.7,2026-09-17T17:00:00
W-1197,DHDT,2.4,2026-09-17T17:30:00
W-1197,DHDT,1.2,2026-09-17T18:00:00
W-1197,DHDT,1.2,2026-09-17T18:30:00
W-1197,DHDT,1.3,2026-09-17T19:00:00
W-1197,DHDT,2.2,2026-09-17T19:30:00
W-1197,DHDT,2.4,2026-09-17T20:00:00
W-1197,DHDT,2.4,2026-09-17T20:30:00
W-1197,DHDT,2.2,2026-09-17T21:00:00
W-1197,DHDT,2.6,2026-09-17T21:30:00
W-1197,DHDT,2.2,2026-09-17T22:00:00
W-1197,DHDT,1.4,2026-09-17T22:30:00
W-1197,DHDT,1.2,2026-09-17T23:00:00
W-1197,DHDT,1.2,2026-09-17T23:30:00
W-1206,TF,0.8,2026-09-17T16:00:00
W-1206,TF,0.8,2026-09-17T16:30:00
W-1206,TF,0.5,2026-09-17T17:00:00
W-1206,TF,0.7,2026-09-17T17:30:00
W-1206,TF,0.8,2026-09-17T18:00:00
W-1206,TF,0.4,2026-09-17T18:30:00
W-1206,TF,0.7,2026-09-17T19:00:00
W-1206,TF,0.6,2026-09-17T19:30:00
W-1206,TF,0.7,2026-09-17T20:00:00
W-1206,TF,0.4,2026-09-17T20:30:00
W-1206,TF,0.4,2026-09-17T21:00:00
W-1206,TF,0.8,2026-09-17T21:30:00
W-1206,TF,0.4,2026-09-17T22:00:00
W-1206,TF,0.4,2026-09-17T22:30:00
W-1206,TF,0.7,2026-09-17T23:00:00
W-1206,TF,0.7,2026-09-17T23:30:00
W-1209,SRU,4.0,2026-09-17T00:00:00
W-1209,SRU,5.4,2026-09-17T00:30:00
W-1209,SRU,2.9,2026-09-17T01:00:00
W-1209,SRU,6.9,2026-09-17T01:30:00
W-1209,SRU,3.1,2026-09-17T02:00:00
W-1209,SRU,6.4,2026-09-17T02:30:00
W-1209,SRU,6.1,2026-09-17T03:00:00
W-1209,SRU,5.4,2026-09-17T03:30:00
W-1209,SRU,3.6,2026-09-17T04:00:00
W-1209,SRU,4.0,2026-09-17T04:30:00
W-1209,SRU,4.3,2026-09-17T05:00:00
W-1209,SRU,6.8,2026-09-17T05:30:00
W-1209,SRU,4.1,2026-09-17T06:00:00
W-1209,SRU,6.0,2026-09-17T06:30:00
W-1209,SRU,6.2,2026-09-17T07:00:00
W-1209,SRU,14.9,2026-09-17T07:30:00
W-1212,ARU,16.0,2026-09-17T08:00:00
W-1212,ARU,15.3,2026-09-17T08:30:00
W-1212,ARU,11.8,2026-09-17T09:00:00
W-1212,ARU,2.6,2026-09-17T09:30:00
W-1212,ARU,3.4,2026-09-17T10:00:00
W-1212,ARU,3.8,2026-09-17T10:30:00
W-1212,ARU,5.0,2026-09-17T11:00:00
W-1212,ARU,5.7,2026-09-17T11:30:00
W-1212,ARU,4.3,2026-09-17T12:00:00
W-1212,ARU,4.7,2026-09-17T12:30:00
W-1212,ARU,5.1,2026-09-17T13:00:00
W-1212,ARU,5.0,2026-09-17T13:30:00
W-1212,ARU,5.5,2026-09-17T14:00:00
W-1212,ARU,13.8,2026-09-17T14:30:00
W-1212,ARU,11.4,2026-09-17T15:00:00
W-1212,ARU,6.7,2026-09-17T15:30:00
W-1215,SWS,16.4,2026-09-17T16:00:00
W-1215,SWS,12.6,2026-09-17T16:30:00
W-1215,SWS,4.5,2026-09-17T17:00:00
W-1215,SWS,3.4,2026-09-17T17:30:00
W-1215,SWS,5.7,2026-09-17T18:00:00
W-1215,SWS,21.8,2026-09-17T18:30:00
W-1215,SWS,11.5,2026-09-17T19:00:00
W-1215,SWS,3.9,2026-09-17T19:30:00
W-1215,SWS,3.1,2026-09-17T20:00:00
W-1215,SWS,3.9,2026-09-17T20:30:00
W-1215,SWS,6.0,2026-09-17T21:00:00
W-1215,SWS,4.7,2026-09-17T21:30:00
W-1215,SWS,4.7,2026-09-17T22:00:00
W-1215,SWS,14.3,2026-09-17T22:30:00
W-1215,SWS,2.9,2026-09-17T23:00:00
W-1215,SWS,3.8,2026-09-17T23:30:00
W-1218,DCU,2.1,2026-09-17T00:00:00
W-1218,DCU,2.5,2026-09-17T00:30:00
W-1218,DCU,1.8,2026-09-17T01:00:00
W-1218,DCU,2.7,2026-09-17T01:30:00
W-1218,DCU,3.9,2026-09-17T02:00:00
W-1218,DCU,1.7,2026-09-17T02:30:00
W-1218,DCU,1.6,2026-09-17T03:00:00
W-1218,DCU,2.9,2026-09-17T03:30:00
W-1218,DCU,1.9,2026-09-17T04:00:00
W-1218,DCU,4.0,2026-09-17T04:30:00
W-1218,DCU,2.9,2026-09-17T05:00:00
W-1218,DCU,2.3,2026-09-17T05:30:00
W-1218,DCU,2.9,2026-09-17T06:00:00
W-1218,DCU,2.5,2026-09-17T06:30:00
W-1218,DCU,3.8,2026-09-17T07:00:00
W-1218,DCU,2.5,2026-09-17T07:30:00
W-1221,HCU,2.9,2026-09-17T08:00:00
W-1221,HCU,2.9,2026-09-17T08:30:00
W-1221,HCU,1.8,2026-09-17T09:00:00
W-1221,HCU,4.1,2026-09-17T09:30:00
W-1221,HCU,3.0,2026-09-17T10:00:00
W-1221,HCU,2.0,2026-09-17T10:30:00
W-1221,HCU,3.0,2026-09-17T11:00:00
W-1221,HCU,3.1,2026-09-17T11:30:00
W-1221,HCU,1.5,2026-09-17T12:00:00
W-1221,HCU,1.4,2026-09-17T12:30:00
W-1221,HCU,2.2,2026-09-17T13:00:00
W-1221,HCU,2.7,2026-09-17T13:30:00
W-1221,HCU,2.3,2026-09-17T14:00:00
W-1221,HCU,1.2,2026-09-17T14:30:00
W-1221,HCU,1.9,2026-09-17T15:00:00
W-1221,HCU,2.9,2026-09-17T15:30:00
W-1227,CDU-III,0.8,2026-09-17T00:00:00
W-1227,CDU-III,1.9,2026-09-17T00:30:00
W-1227,CDU-III,1.3,2026-09-17T01:00:00
W-1227,CDU-III,1.5,2026-09-17T01:30:00
W-1227,CDU-III,1.8,2026-09-17T02:00:00
W-1227,CDU-III,1.1,2026-09-17T02:30:00
W-1227,CDU-III,1.7,2026-09-17T03:00:00
W-1227,CDU-III,2.0,2026-09-17T03:30:00
W-1227,CDU-III,1.5,2026-09-17T04:00:00
W-1227,CDU-III,1.2,2026-09-17T04:30:00
W-1227,CDU-III,0.8,2026-09-17T05:00:00
W-1227,CDU-III,0.8,2026-09-17T05:30:00
W-1227,CDU-III,1.2,2026-09-17T06:00:00
W-1227,CDU-III,1.8,2026-09-17T06:30:00
W-1227,CDU-III,2.0,2026-09-17T07:00:00
W-1227,CDU-III,1.6,2026-09-17T07:30:00
W-1233,TF,0.6,2026-09-17T16:00:00
W-1233,TF,0.6,2026-09-17T16:30:00
W-1233,TF,0.6,2026-09-17T17:00:00
W-1233,TF,0.7,2026-09-17T17:30:00
W-1233,TF,0.3,2026-09-17T18:00:00
W-1233,TF,0.6,2026-09-17T18:30:00
W-1233,TF,0.4,2026-09-17T19:00:00
W-1233,TF,0.3,2026-09-17T19:30:00
W-1233,TF,0.4,2026-09-17T20:00:00
W-1233,TF,0.6,2026-09-17T20:30:00
W-1233,TF,0.4,2026-09-17T21:00:00
W-1233,TF,0.5,2026-09-17T21:30:00
W-1233,TF,0.8,2026-09-17T22:00:00
W-1233,TF,0.4,2026-09-17T22:30:00
W-1233,TF,0.3,2026-09-17T23:00:00
W-1233,TF,0.8,2026-09-17T23:30:00
W-1101,SRU,4.0,2026-09-18T00:00:00
W-1101,SRU,6.3,2026-09-18T00:30:00
W-1101,SRU,5.9,2026-09-18T01:00:00
W-1101,SRU,4.0,2026-09-18T01:30:00
W-1101,SRU,4.0,2026-09-18T02:00:00
W-1101,SRU,3.2,2026-09-18T02:30:00
W-1101,SRU,3.9,2026-09-18T03:00:00
W-1101,SRU,5.0,2026-09-18T03:30:00
W-1101,SRU,3.6,2026-09-18T04:00:00
W-1101,SRU,5.4,2026-09-18T04:30:00
W-1101,SRU,2.6,2026-09-18T05:00:00
W-1101,SRU,4.3,2026-09-18T05:30:00
W-1101,SRU,3.2,2026-09-18T06:00:00
W-1101,SRU,2.5,2026-09-18T06:30:00
W-1101,SRU,6.1,2026-09-18T07:00:00
W-1101,SRU,4.1,2026-09-18T07:30:00
W-1110,DCU,1.8,2026-09-18T00:00:00
W-1110,DCU,2.8,2026-09-18T00:30:00
W-1110,DCU,3.2,2026-09-18T01:00:00
W-1110,DCU,2.4,2026-09-18T01:30:00
W-1110,DCU,1.5,2026-09-18T02:00:00
W-1110,DCU,3.5,2026-09-18T02:30:00
W-1110,DCU,2.5,2026-09-18T03:00:00
W-1110,DCU,2.5,2026-09-18T03:30:00
W-1110,DCU,1.5,2026-09-18T04:00:00
W-1110,DCU,3.6,2026-09-18T04:30:00
W-1110,DCU,1.6,2026-09-18T05:00:00
W-1110,DCU,3.5,2026-09-18T05:30:00
W-1110,DCU,3.1,2026-09-18T06:00:00
W-1110,DCU,3.1,2026-09-18T06:30:00
W-1110,DCU,2.2,2026-09-18T07:00:00
W-1110,DCU,3.6,2026-09-18T07:30:00
W-1113,HCU,2.0,2026-09-18T08:00:00
W-1113,HCU,1.0,2026-09-18T08:30:00
W-1113,HCU,2.3,2026-09-18T09:00:00
W-1113,HCU,1.1,2026-09-18T09:30:00
W-1113,HCU,2.0,2026-09-18T10:00:00
W-1113,HCU,2.1,2026-09-18T10:30:00
W-1113,HCU,1.1,2026-09-18T11:00:00
W-1113,HCU,1.2,2026-09-18T11:30:00
W-1113,HCU,1.4,2026-09-18T12:00:00
W-1113,HCU,2.2,2026-09-18T12:30:00
W-1113,HCU,2.0,2026-09-18T13:00:00
W-1113,HCU,1.5,2026-09-18T13:30:00
W-1113,HCU,1.2,2026-09-18T14:00:00
W-1113,HCU,2.4,2026-09-18T14:30:00
W-1113,HCU,1.1,2026-09-18T15:00:00
W-1113,HCU,1.8,2026-09-18T15:30:00
W-1125,TF,0.5,2026-09-18T16:00:00
W-1125,TF,0.3,2026-09-18T16:30:00
W-1125,TF,0.3,2026-09-18T17:00:00
W-1125,TF,0.6,2026-09-18T17:30:00
W-1125,TF,0.7,2026-09-18T18:00:00
W-1125,TF,0.5,2026-09-18T18:30:00
W-1125,TF,0.5,2026-09-18T19:00:00
W-1125,TF,0.4,2026-09-18T19:30:00
W-1125,TF,0.4,2026-09-18T20:00:00
W-1125,TF,0.5,2026-09-18T20:30:00
W-1125,TF,0.4,2026-09-18T21:00:00
W-1125,TF,0.5,2026-09-18T21:30:00
W-1125,TF,0.6,2026-09-18T22:00:00
W-1125,TF,0.5,2026-09-18T22:30:00
W-1125,TF,0.5,2026-09-18T23:00:00
W-1125,TF,0.7,2026-09-18T23:30:00
W-1128,SRU,2.9,2026-09-18T00:00:00
W-1128,SRU,5.9,2026-09-18T00:30:00
W-1128,SRU,3.5,2026-09-18T01:00:00
W-1128,SRU,4.6,2026-09-18T01:30:00
W-1128,SRU,4.3,2026-09-18T02:00:00
W-1128,SRU,3.3,2026-09-18T02:30:00
W-1128,SRU,4.7,2026-09-18T03:00:00
W-1128,SRU,4.3,2026-09-18T03:30:00
W-1128,SRU,4.3,2026-09-18T04:00:00
W-1128,SRU,5.4,2026-09-18T04:30:00
W-1128,SRU,4.2,2026-09-18T05:00:00
W-1128,SRU,4.8,2026-09-18T05:30:00
W-1128,SRU,5.5,2026-09-18T06:00:00
W-1128,SRU,3.4,2026-09-18T06:30:00
W-1128,SRU,4.7,2026-09-18T07:00:00
W-1128,SRU,2.7,2026-09-18T07:30:00
W-1134,SWS,4.0,2026-09-18T16:00:00
W-1134,SWS,4.6,2026-09-18T16:30:00
W-1134,SWS,5.4,2026-09-18T17:00:00
W-1134,SWS,5.5,2026-09-18T17:30:00
W-1134,SWS,2.8,2026-09-18T18:00:00
W-1134,SWS,4.7,2026-09-18T18:30:00
W-1134,SWS,5.7,2026-09-18T19:00:00
W-1134,SWS,5.4,2026-09-18T19:30:00
W-1134,SWS,5.9,2026-09-18T20:00:00
W-1134,SWS,2.7,2026-09-18T20:30:00
W-1134,SWS,3.9,2026-09-18T21:00:00
W-1134,SWS,5.2,2026-09-18T21:30:00
W-1134,SWS,2.4,2026-09-18T22:00:00
W-1134,SWS,4.1,2026-09-18T22:30:00
W-1134,SWS,5.2,2026-09-18T23:00:00
W-1134,SWS,5.2,2026-09-18T23:30:00
W-1137,DCU,2.2,2026-09-18T00:00:00
W-1137,DCU,2.2,2026-09-18T00:30:00
W-1137,DCU,1.6,2026-09-18T01:00:00
W-1137,DCU,1.7,2026-09-18T01:30:00
W-1137,DCU,1.4,2026-09-18T02:00:00
W-1137,DCU,3.0,2026-09-18T02:30:00
W-1137,DCU,3.3,2026-09-18T03:00:00
W-1137,DCU,3.0,2026-09-18T03:30:00
W-1137,DCU,2.0,2026-09-18T04:00:00
W-1137,DCU,1.9,2026-09-18T04:30:00
W-1137,DCU,3.5,2026-09-18T05:00:00
W-1137,DCU,2.2,2026-09-18T05:30:00
W-1137,DCU,3.0,2026-09-18T06:00:00
W-1137,DCU,3.5,2026-09-18T06:30:00
W-1137,DCU,3.2,2026-09-18T07:00:00
W-1137,DCU,2.6,2026-09-18T07:30:00
W-1140,HCU,1.8,2026-09-18T08:00:00
W-1140,HCU,1.2,2026-09-18T08:30:00
W-1140,HCU,4.7,2026-09-18T09:00:00
W-1140,HCU,3.4,2026-09-18T09:30:00
W-1140,HCU,1.1,2026-09-18T10:00:00
W-1140,HCU,6.9,2026-09-18T10:30:00
W-1140,HCU,2.4,2026-09-18T11:00:00
W-1140,HCU,1.4,2026-09-18T11:30:00
W-1140,HCU,1.6,2026-09-18T12:00:00
W-1140,HCU,1.2,2026-09-18T12:30:00
W-1140,HCU,1.2,2026-09-18T13:00:00
W-1140,HCU,1.9,2026-09-18T13:30:00
W-1140,HCU,1.8,2026-09-18T14:00:00
W-1140,HCU,2.5,2026-09-18T14:30:00
W-1140,HCU,1.5,2026-09-18T15:00:00
W-1140,HCU,1.5,2026-09-18T15:30:00
W-1143,DHDT,2.0,2026-09-18T16:00:00
W-1143,DHDT,1.6,2026-09-18T16:30:00
W-1143,DHDT,0.9,2026-09-18T17:00:00
W-1143,DHDT,1.5,2026-09-18T17:30:00
W-1143,DHDT,1.3,2026-09-18T18:00:00
W-1143,DHDT,0.9,2026-09-18T18:30:00
W-1143,DHDT,2.2,2026-09-18T19:00:00
W-1143,DHDT,1.1,2026-09-18T19:30:00
W-1143,DHDT,2.0,2026-09-18T20:00:00
W-1143,DHDT,2.0,2026-09-18T20:30:00
W-1143,DHDT,0.9,2026-09-18T21:00:00
W-1143,DHDT,2.1,2026-09-18T21:30:00
W-1143,DHDT,0.8,2026-09-18T22:00:00
W-1143,DHDT,1.0,2026-09-18T22:30:00
W-1143,DHDT,2.2,2026-09-18T23:00:00
W-1143,DHDT,1.8,2026-09-18T23:30:00
W-1149,ETP,0.8,2026-09-18T08:00:00
W-1149,ETP,1.3,2026-09-18T08:30:00
W-1149,ETP,1.0,2026-09-18T09:00:00
W-1149,ETP,1.1,2026-09-18T09:30:00
W-1149,ETP,0.9,2026-09-18T10:00:00
W-1149,ETP,1.2,2026-09-18T10:30:00
W-1149,ETP,2.7,2026-09-18T11:00:00
W-1149,ETP,2.1,2026-09-18T11:30:00
W-1149,ETP,0.6,2026-09-18T12:00:00
W-1149,ETP,1.2,2026-09-18T12:30:00
W-1149,ETP,1.0,2026-09-18T13:00:00
W-1149,ETP,1.0,2026-09-18T13:30:00
W-1149,ETP,0.9,2026-09-18T14:00:00
W-1149,ETP,0.9,2026-09-18T14:30:00
W-1149,ETP,0.9,2026-09-18T15:00:00
W-1149,ETP,0.5,2026-09-18T15:30:00
W-1152,TF,0.8,2026-09-18T16:00:00
W-1152,TF,0.6,2026-09-18T16:30:00
W-1152,TF,0.4,2026-09-18T17:00:00
W-1152,TF,0.4,2026-09-18T17:30:00
W-1152,TF,0.5,2026-09-18T18:00:00
W-1152,TF,0.4,2026-09-18T18:30:00
W-1152,TF,0.8,2026-09-18T19:00:00
W-1152,TF,0.6,2026-09-18T19:30:00
W-1152,TF,0.7,2026-09-18T20:00:00
W-1152,TF,0.4,2026-09-18T20:30:00
W-1152,TF,0.7,2026-09-18T21:00:00
W-1152,TF,0.5,2026-09-18T21:30:00
W-1152,TF,0.4,2026-09-18T22:00:00
W-1152,TF,0.7,2026-09-18T22:30:00
W-1152,TF,0.6,2026-09-18T23:00:00
W-1152,TF,0.6,2026-09-18T23:30:00
W-1155,SRU,5.1,2026-09-18T00:00:00
W-1155,SRU,3.1,2026-09-18T00:30:00
W-1155,SRU,4.9,2026-09-18T01:00:00
W-1155,SRU,3.6,2026-09-18T01:30:00
W-1155,SRU,5.4,2026-09-18T02:00:00
W-1155,SRU,4.7,2026-09-18T02:30:00
W-1155,SRU,5.3,2026-09-18T03:00:00
W-1155,SRU,12.9,2026-09-18T03:30:00
W-1155,SRU,9.9,2026-09-18T04:00:00
W-1155,SRU,14.9,2026-09-18T04:30:00
W-1155,SRU,3.0,2026-09-18T05:00:00
W-1155,SRU,4.2,2026-09-18T05:30:00
W-1155,SRU,4.6,2026-09-18T06:00:00
W-1155,SRU,6.3,2026-09-18T06:30:00
W-1155,SRU,8.6,2026-09-18T07:00:00
W-1155,SRU,16.1,2026-09-18T07:30:00
W-1158,ARU,2.8,2026-09-18T08:00:00
W-1158,ARU,3.6,2026-09-18T08:30:00
W-1158,ARU,3.4,2026-09-18T09:00:00
W-1158,ARU,4.8,2026-09-18T09:30:00
W-1158,ARU,4.9,2026-09-18T10:00:00
W-1158,ARU,5.3,2026-09-18T10:30:00
W-1158,ARU,3.6,2026-09-18T11:00:00
W-1158,ARU,11.9,2026-09-18T11:30:00
W-1158,ARU,11.7,2026-09-18T12:00:00
W-1158,ARU,14.9,2026-09-18T12:30:00
W-1158,ARU,2.6,2026-09-18T13:00:00
W-1158,ARU,9.0,2026-09-18T13:30:00
W-1158,ARU,14.0,2026-09-18T14:00:00
W-1158,ARU,9.8,2026-09-18T14:30:00
W-1158,ARU,3.1,2026-09-18T15:00:00
W-1158,ARU,3.6,2026-09-18T15:30:00
W-1161,SWS,5.7,2026-09-18T16:00:00
W-1161,SWS,5.4,2026-09-18T16:30:00
W-1161,SWS,5.2,2026-09-18T17:00:00
W-1161,SWS,5.0,2026-09-18T17:30:00
W-1161,SWS,3.8,2026-09-18T18:00:00
W-1161,SWS,3.0,2026-09-18T18:30:00
W-1161,SWS,3.0,2026-09-18T19:00:00
W-1161,SWS,15.8,2026-09-18T19:30:00
W-1161,SWS,13.1,2026-09-18T20:00:00
W-1161,SWS,3.5,2026-09-18T20:30:00
W-1161,SWS,2.9,2026-09-18T21:00:00
W-1161,SWS,3.8,2026-09-18T21:30:00
W-1161,SWS,4.4,2026-09-18T22:00:00
W-1161,SWS,3.9,2026-09-18T22:30:00
W-1161,SWS,2.9,2026-09-18T23:00:00
W-1161,SWS,2.8,2026-09-18T23:30:00
W-1164,DCU,2.7,2026-09-18T00:00:00
W-1164,DCU,1.6,2026-09-18T00:30:00
W-1164,DCU,1.8,2026-09-18T01:00:00
W-1164,DCU,2.0,2026-09-18T01:30:00
W-1164,DCU,2.1,2026-09-18T02:00:00
W-1164,DCU,2.2,2026-09-18T02:30:00
W-1164,DCU,1.6,2026-09-18T03:00:00
W-1164,DCU,3.3,2026-09-18T03:30:00
W-1164,DCU,1.8,2026-09-18T04:00:00
W-1164,DCU,2.6,2026-09-18T04:30:00
W-1164,DCU,2.5,2026-09-18T05:00:00
W-1164,DCU,3.6,2026-09-18T05:30:00
W-1164,DCU,1.6,2026-09-18T06:00:00
W-1164,DCU,2.8,2026-09-18T06:30:00
W-1164,DCU,3.1,2026-09-18T07:00:00
W-1164,DCU,2.2,2026-09-18T07:30:00
W-1167,HCU,2.4,2026-09-18T08:00:00
W-1167,HCU,2.4,2026-09-18T08:30:00
W-1167,HCU,1.6,2026-09-18T09:00:00
W-1167,HCU,1.4,2026-09-18T09:30:00
W-1167,HCU,1.4,2026-09-18T10:00:00
W-1167,HCU,2.4,2026-09-18T10:30:00
W-1167,HCU,2.5,2026-09-18T11:00:00
W-1167,HCU,1.3,2026-09-18T11:30:00
W-1167,HCU,1.6,2026-09-18T12:00:00
W-1167,HCU,2.0,2026-09-18T12:30:00
W-1167,HCU,1.8,2026-09-18T13:00:00
W-1167,HCU,2.1,2026-09-18T13:30:00
W-1167,HCU,2.4,2026-09-18T14:00:00
W-1167,HCU,1.9,2026-09-18T14:30:00
W-1167,HCU,1.7,2026-09-18T15:00:00
W-1167,HCU,1.4,2026-09-18T15:30:00
W-1170,DHDT,1.6,2026-09-18T16:00:00
W-1170,DHDT,1.9,2026-09-18T16:30:00
W-1170,DHDT,2.3,2026-09-18T17:00:00
W-1170,DHDT,1.3,2026-09-18T17:30:00
W-1170,DHDT,1.5,2026-09-18T18:00:00
W-1170,DHDT,1.8,2026-09-18T18:30:00
W-1170,DHDT,3.8,2026-09-18T19:00:00
W-1170,DHDT,1.9,2026-09-18T19:30:00
W-1170,DHDT,1.1,2026-09-18T20:00:00
W-1170,DHDT,1.1,2026-09-18T20:30:00
W-1170,DHDT,1.2,2026-09-18T21:00:00
W-1170,DHDT,1.7,2026-09-18T21:30:00
W-1170,DHDT,1.4,2026-09-18T22:00:00
W-1170,DHDT,1.4,2026-09-18T22:30:00
W-1170,DHDT,2.0,2026-09-18T23:00:00
W-1170,DHDT,0.8,2026-09-18T23:30:00
W-1173,CDU-III,1.6,2026-09-18T00:00:00
W-1173,CDU-III,1.1,2026-09-18T00:30:00
W-1173,CDU-III,0.9,2026-09-18T01:00:00
W-1173,CDU-III,1.0,2026-09-18T01:30:00
W-1173,CDU-III,0.7,2026-09-18T02:00:00
W-1173,CDU-III,1.2,2026-09-18T02:30:00
W-1173,CDU-III,0.7,2026-09-18T03:00:00
W-1173,CDU-III,1.7,2026-09-18T03:30:00
W-1173,CDU-III,0.9,2026-09-18T04:00:00
W-1173,CDU-III,0.7,2026-09-18T04:30:00
W-1173,CDU-III,1.3,2026-09-18T05:00:00
W-1173,CDU-III,0.8,2026-09-18T05:30:00
W-1173,CDU-III,1.3,2026-09-18T06:00:00
W-1173,CDU-III,1.6,2026-09-18T06:30:00
W-1173,CDU-III,1.1,2026-09-18T07:00:00
W-1173,CDU-III,2.8,2026-09-18T07:30:00
W-1176,ETP,1.1,2026-09-18T08:00:00
W-1176,ETP,1.0,2026-09-18T08:30:00
W-1176,ETP,0.8,2026-09-18T09:00:00
W-1176,ETP,0.9,2026-09-18T09:30:00
W-1176,ETP,1.3,2026-09-18T10:00:00
W-1176,ETP,1.0,2026-09-18T10:30:00
W-1176,ETP,0.7,2026-09-18T11:00:00
W-1176,ETP,1.1,2026-09-18T11:30:00
W-1176,ETP,1.1,2026-09-18T12:00:00
W-1176,ETP,0.9,2026-09-18T12:30:00
W-1176,ETP,1.0,2026-09-18T13:00:00
W-1176,ETP,1.3,2026-09-18T13:30:00
W-1176,ETP,1.3,2026-09-18T14:00:00
W-1176,ETP,1.0,2026-09-18T14:30:00
W-1176,ETP,0.6,2026-09-18T15:00:00
W-1176,ETP,1.3,2026-09-18T15:30:00
W-1179,TF,0.3,2026-09-18T16:00:00
W-1179,TF,0.5,2026-09-18T16:30:00
W-1179,TF,0.4,2026-09-18T17:00:00
W-1179,TF,0.5,2026-09-18T17:30:00
W-1179,TF,0.6,2026-09-18T18:00:00
W-1179,TF,0.6,2026-09-18T18:30:00
W-1179,TF,0.4,2026-09-18T19:00:00
W-1179,TF,0.6,2026-09-18T19:30:00
W-1179,TF,0.6,2026-09-18T20:00:00
W-1179,TF,0.4,2026-09-18T20:30:00
W-1179,TF,0.4,2026-09-18T21:00:00
W-1179,TF,0.5,2026-09-18T21:30:00
W-1179,TF,0.4,2026-09-18T22:00:00
W-1179,TF,0.5,2026-09-18T22:30:00
W-1179,TF,0.4,2026-09-18T23:00:00
W-1179,TF,0.5,2026-09-18T23:30:00
W-1182,SRU,3.5,2026-09-18T00:00:00
W-1182,SRU,12.5,2026-09-18T00:30:00
W-1182,SRU,13.1,2026-09-18T01:00:00
W-1182,SRU,8.2,2026-09-18T01:30:00
W-1182,SRU,4.0,2026-09-18T02:00:00
W-1182,SRU,4.0,2026-09-18T02:30:00
W-1182,SRU,2.8,2026-09-18T03:00:00
W-1182,SRU,3.2,2026-09-18T03:30:00
W-1182,SRU,14.6,2026-09-18T04:00:00
W-1182,SRU,17.5,2026-09-18T04:30:00
W-1182,SRU,14.9,2026-09-18T05:00:00
W-1182,SRU,3.0,2026-09-18T05:30:00
W-1182,SRU,5.9,2026-09-18T06:00:00
W-1182,SRU,5.5,2026-09-18T06:30:00
W-1182,SRU,15.2,2026-09-18T07:00:00
W-1182,SRU,16.7,2026-09-18T07:30:00
W-1185,ARU,4.8,2026-09-18T08:00:00
W-1185,ARU,4.7,2026-09-18T08:30:00
W-1185,ARU,7.1,2026-09-18T09:00:00
W-1185,ARU,2.1,2026-09-18T09:30:00
W-1185,ARU,3.2,2026-09-18T10:00:00
W-1185,ARU,3.4,2026-09-18T10:30:00
W-1185,ARU,4.2,2026-09-18T11:00:00
W-1185,ARU,3.6,2026-09-18T11:30:00
W-1185,ARU,5.1,2026-09-18T12:00:00
W-1185,ARU,5.4,2026-09-18T12:30:00
W-1185,ARU,5.4,2026-09-18T13:00:00
W-1185,ARU,4.8,2026-09-18T13:30:00
W-1185,ARU,3.3,2026-09-18T14:00:00
W-1185,ARU,5.1,2026-09-18T14:30:00
W-1185,ARU,2.2,2026-09-18T15:00:00
W-1185,ARU,2.9,2026-09-18T15:30:00
W-1188,SWS,2.4,2026-09-18T16:00:00
W-1188,SWS,4.5,2026-09-18T16:30:00
W-1188,SWS,3.9,2026-09-18T17:00:00
W-1188,SWS,12.5,2026-09-18T17:30:00
W-1188,SWS,4.8,2026-09-18T18:00:00
W-1188,SWS,4.8,2026-09-18T18:30:00
W-1188,SWS,12.3,2026-09-18T19:00:00
W-1188,SWS,7.9,2026-09-18T19:30:00
W-1188,SWS,12.2,2026-09-18T20:00:00
W-1188,SWS,8.4,2026-09-18T20:30:00
W-1188,SWS,7.3,2026-09-18T21:00:00
W-1188,SWS,7.1,2026-09-18T21:30:00
W-1188,SWS,2.3,2026-09-18T22:00:00
W-1188,SWS,3.7,2026-09-18T22:30:00
W-1188,SWS,4.4,2026-09-18T23:00:00
W-1188,SWS,2.5,2026-09-18T23:30:00
W-1191,DCU,3.3,2026-09-18T00:00:00
W-1191,DCU,2.3,2026-09-18T00:30:00
W-1191,DCU,2.3,2026-09-18T01:00:00
W-1191,DCU,6.6,2026-09-18T01:30:00
W-1191,DCU,4.0,2026-09-18T02:00:00
W-1191,DCU,2.4,2026-09-18T02:30:00
W-1191,DCU,2.1,2026-09-18T03:00:00
W-1191,DCU,4.9,2026-09-18T03:30:00
W-1191,DCU,3.6,2026-09-18T04:00:00
W-1191,DCU,2.6,2026-09-18T04:30:00
W-1191,DCU,2.1,2026-09-18T05:00:00
W-1191,DCU,3.1,2026-09-18T05:30:00
W-1191,DCU,2.7,2026-09-18T06:00:00
W-1191,DCU,2.2,2026-09-18T06:30:00
W-1191,DCU,3.0,2026-09-18T07:00:00
W-1191,DCU,3.6,2026-09-18T07:30:00
W-1194,HCU,1.9,2026-09-18T08:00:00
W-1194,HCU,2.3,2026-09-18T08:30:00
W-1194,HCU,1.9,2026-09-18T09:00:00
W-1194,HCU,2.5,2026-09-18T09:30:00
W-1194,HCU,1.2,2026-09-18T10:00:00
W-1194,HCU,2.0,2026-09-18T10:30:00
W-1194,HCU,2.2,2026-09-18T11:00:00
W-1194,HCU,1.3,2026-09-18T11:30:00
W-1194,HCU,1.1,2026-09-18T12:00:00
W-1194,HCU,3.4,2026-09-18T12:30:00
W-1194,HCU,5.1,2026-09-18T13:00:00
W-1194,HCU,7.2,2026-09-18T13:30:00
W-1194,HCU,1.2,2026-09-18T14:00:00
W-1194,HCU,1.4,2026-09-18T14:30:00
W-1194,HCU,1.8,2026-09-18T15:00:00
W-1194,HCU,2.3,2026-09-18T15:30:00
W-1197,DHDT,0.9,2026-09-18T16:00:00
W-1197,DHDT,1.9,2026-09-18T16:30:00
W-1197,DHDT,1.9,2026-09-18T17:00:00
W-1197,DHDT,1.8,2026-09-18T17:30:00
W-1197,DHDT,1.2,2026-09-18T18:00:00
W-1197,DHDT,0.9,2026-09-18T18:30:00
W-1197,DHDT,1.5,2026-09-18T19:00:00
W-1197,DHDT,2.2,2026-09-18T19:30:00
W-1197,DHDT,4.5,2026-09-18T20:00:00
W-1197,DHDT,1.4,2026-09-18T20:30:00
W-1197,DHDT,1.4,2026-09-18T21:00:00
W-1197,DHDT,1.6,2026-09-18T21:30:00
W-1197,DHDT,1.9,2026-09-18T22:00:00
W-1197,DHDT,1.8,2026-09-18T22:30:00
W-1197,DHDT,0.8,2026-09-18T23:00:00
W-1197,DHDT,1.3,2026-09-18T23:30:00
W-1200,CDU-III,0.9,2026-09-18T00:00:00
W-1200,CDU-III,1.1,2026-09-18T00:30:00
W-1200,CDU-III,1.2,2026-09-18T01:00:00
W-1200,CDU-III,1.6,2026-09-18T01:30:00
W-1200,CDU-III,1.7,2026-09-18T02:00:00
W-1200,CDU-III,1.2,2026-09-18T02:30:00
W-1200,CDU-III,1.6,2026-09-18T03:00:00
W-1200,CDU-III,1.7,2026-09-18T03:30:00
W-1200,CDU-III,4.3,2026-09-18T04:00:00
W-1200,CDU-III,3.2,2026-09-18T04:30:00
W-1200,CDU-III,2.4,2026-09-18T05:00:00
W-1200,CDU-III,1.4,2026-09-18T05:30:00
W-1200,CDU-III,0.9,2026-09-18T06:00:00
W-1200,CDU-III,1.7,2026-09-18T06:30:00
W-1200,CDU-III,1.3,2026-09-18T07:00:00
W-1200,CDU-III,1.6,2026-09-18T07:30:00
W-1203,ETP,0.9,2026-09-18T08:00:00
W-1203,ETP,1.3,2026-09-18T08:30:00
W-1203,ETP,1.0,2026-09-18T09:00:00
W-1203,ETP,1.3,2026-09-18T09:30:00
W-1203,ETP,1.2,2026-09-18T10:00:00
W-1203,ETP,1.0,2026-09-18T10:30:00
W-1203,ETP,0.6,2026-09-18T11:00:00
W-1203,ETP,0.5,2026-09-18T11:30:00
W-1203,ETP,0.8,2026-09-18T12:00:00
W-1203,ETP,0.7,2026-09-18T12:30:00
W-1203,ETP,1.3,2026-09-18T13:00:00
W-1203,ETP,0.8,2026-09-18T13:30:00
W-1203,ETP,0.7,2026-09-18T14:00:00
W-1203,ETP,1.1,2026-09-18T14:30:00
W-1203,ETP,0.7,2026-09-18T15:00:00
W-1203,ETP,0.7,2026-09-18T15:30:00
W-1206,TF,0.5,2026-09-18T16:00:00
W-1206,TF,0.5,2026-09-18T16:30:00
W-1206,TF,0.6,2026-09-18T17:00:00
W-1206,TF,0.7,2026-09-18T17:30:00
W-1206,TF,0.6,2026-09-18T18:00:00
W-1206,TF,0.4,2026-09-18T18:30:00
W-1206,TF,0.6,2026-09-18T19:00:00
W-1206,TF,0.7,2026-09-18T19:30:00
W-1206,TF,0.6,2026-09-18T20:00:00
W-1206,TF,0.6,2026-09-18T20:30:00
W-1206,TF,0.4,2026-09-18T21:00:00
W-1206,TF,0.5,2026-09-18T21:30:00
W-1206,TF,0.7,2026-09-18T22:00:00
W-1206,TF,0.3,2026-09-18T22:30:00
W-1206,TF,0.3,2026-09-18T23:00:00
W-1206,TF,0.5,2026-09-18T23:30:00
W-1209,SRU,5.0,2026-09-18T00:00:00
W-1209,SRU,4.1,2026-09-18T00:30:00
W-1209,SRU,3.1,2026-09-18T01:00:00
W-1209,SRU,4.3,2026-09-18T01:30:00
W-1209,SRU,5.8,2026-09-18T02:00:00
W-1209,SRU,2.9,2026-09-18T02:30:00
W-1209,SRU,3.0,2026-09-18T03:00:00
W-1209,SRU,5.1,2026-09-18T03:30:00
W-1209,SRU,4.2,2026-09-18T04:00:00
W-1209,SRU,6.3,2026-09-18T04:30:00
W-1209,SRU,4.6,2026-09-18T05:00:00
W-1209,SRU,3.1,2026-09-18T05:30:00
W-1209,SRU,13.4,2026-09-18T06:00:00
W-1209,SRU,10.7,2026-09-18T06:30:00
W-1209,SRU,18.4,2026-09-18T07:00:00
W-1209,SRU,4.8,2026-09-18T07:30:00
W-1212,ARU,3.0,2026-09-18T08:00:00
W-1212,ARU,4.8,2026-09-18T08:30:00
W-1212,ARU,4.7,2026-09-18T09:00:00
W-1212,ARU,3.5,2026-09-18T09:30:00
W-1212,ARU,4.0,2026-09-18T10:00:00
W-1212,ARU,5.3,2026-09-18T10:30:00
W-1212,ARU,4.3,2026-09-18T11:00:00
W-1212,ARU,4.6,2026-09-18T11:30:00
W-1212,ARU,3.3,2026-09-18T12:00:00
W-1212,ARU,5.3,2026-09-18T12:30:00
W-1212,ARU,3.3,2026-09-18T13:00:00
W-1212,ARU,4.0,2026-09-18T13:30:00
W-1212,ARU,4.4,2026-09-18T14:00:00
W-1212,ARU,2.5,2026-09-18T14:30:00
W-1212,ARU,5.5,2026-09-18T15:00:00
W-1212,ARU,4.3,2026-09-18T15:30:00
W-1215,SWS,2.2,2026-09-18T16:00:00
W-1215,SWS,5.6,2026-09-18T16:30:00
W-1215,SWS,4.9,2026-09-18T17:00:00
W-1215,SWS,4.3,2026-09-18T17:30:00
W-1215,SWS,6.8,2026-09-18T18:00:00
W-1215,SWS,11.7,2026-09-18T18:30:00
W-1215,SWS,17.9,2026-09-18T19:00:00
W-1215,SWS,3.9,2026-09-18T19:30:00
W-1215,SWS,12.2,2026-09-18T20:00:00
W-1215,SWS,10.6,2026-09-18T20:30:00
W-1215,SWS,4.6,2026-09-18T21:00:00
W-1215,SWS,2.5,2026-09-18T21:30:00
W-1215,SWS,2.3,2026-09-18T22:00:00
W-1215,SWS,5.8,2026-09-18T22:30:00
W-1215,SWS,4.0,2026-09-18T23:00:00
W-1215,SWS,2.7,2026-09-18T23:30:00
W-1218,DCU,3.0,2026-09-18T00:00:00
W-1218,DCU,3.5,2026-09-18T00:30:00
W-1218,DCU,3.1,2026-09-18T01:00:00
W-1218,DCU,2.7,2026-09-18T01:30:00
W-1218,DCU,2.1,2026-09-18T02:00:00
W-1218,DCU,2.7,2026-09-18T02:30:00
W-1218,DCU,3.0,2026-09-18T03:00:00
W-1218,DCU,2.8,2026-09-18T03:30:00
W-1218,DCU,3.6,2026-09-18T04:00:00
W-1218,DCU,2.4,2026-09-18T04:30:00
W-1218,DCU,1.4,2026-09-18T05:00:00
W-1218,DCU,7.2,2026-09-18T05:30:00
W-1218,DCU,8.9,2026-09-18T06:00:00
W-1218,DCU,2.9,2026-09-18T06:30:00
W-1218,DCU,3.4,2026-09-18T07:00:00
W-1218,DCU,2.0,2026-09-18T07:30:00
W-1221,HCU,1.5,2026-09-18T08:00:00
W-1221,HCU,1.4,2026-09-18T08:30:00
W-1221,HCU,2.3,2026-09-18T09:00:00
W-1221,HCU,1.6,2026-09-18T09:30:00
W-1221,HCU,2.6,2026-09-18T10:00:00
W-1221,HCU,2.0,2026-09-18T10:30:00
W-1221,HCU,1.1,2026-09-18T11:00:00
W-1221,HCU,1.4,2026-09-18T11:30:00
W-1221,HCU,2.3,2026-09-18T12:00:00
W-1221,HCU,1.6,2026-09-18T12:30:00
W-1221,HCU,1.3,2026-09-18T13:00:00
W-1221,HCU,2.3,2026-09-18T13:30:00
W-1221,HCU,1.8,2026-09-18T14:00:00
W-1221,HCU,2.4,2026-09-18T14:30:00
W-1221,HCU,2.2,2026-09-18T15:00:00
W-1221,HCU,3.2,2026-09-18T15:30:00
W-1224,DHDT,1.0,2026-09-18T16:00:00
W-1224,DHDT,1.3,2026-09-18T16:30:00
W-1224,DHDT,1.9,2026-09-18T17:00:00
W-1224,DHDT,3.7,2026-09-18T17:30:00
W-1224,DHDT,2.1,2026-09-18T18:00:00
W-1224,DHDT,2.2,2026-09-18T18:30:00
W-1224,DHDT,1.9,2026-09-18T19:00:00
W-1224,DHDT,1.4,2026-09-18T19:30:00
W-1224,DHDT,1.7,2026-09-18T20:00:00
W-1224,DHDT,1.9,2026-09-18T20:30:00
W-1224,DHDT,1.3,2026-09-18T21:00:00
W-1224,DHDT,2.1,2026-09-18T21:30:00
W-1224,DHDT,1.8,2026-09-18T22:00:00
W-1224,DHDT,1.2,2026-09-18T22:30:00
W-1224,DHDT,1.0,2026-09-18T23:00:00
W-1224,DHDT,1.6,2026-09-18T23:30:00
W-1227,CDU-III,0.7,2026-09-18T00:00:00
W-1227,CDU-III,0.7,2026-09-18T00:30:00
W-1227,CDU-III,1.1,2026-09-18T01:00:00
W-1227,CDU-III,1.7,2026-09-18T01:30:00
W-1227,CDU-III,0.7,2026-09-18T02:00:00
W-1227,CDU-III,1.0,2026-09-18T02:30:00
W-1227,CDU-III,0.9,2026-09-18T03:00:00
W-1227,CDU-III,1.0,2026-09-18T03:30:00
W-1227,CDU-III,3.9,2026-09-18T04:00:00
W-1227,CDU-III,3.6,2026-09-18T04:30:00
W-1227,CDU-III,2.1,2026-09-18T05:00:00
W-1227,CDU-III,1.7,2026-09-18T05:30:00
W-1227,CDU-III,1.2,2026-09-18T06:00:00
W-1227,CDU-III,1.4,2026-09-18T06:30:00
W-1227,CDU-III,1.2,2026-09-18T07:00:00
W-1227,CDU-III,0.8,2026-09-18T07:30:00
W-1230,ETP,0.9,2026-09-18T08:00:00
W-1230,ETP,2.6,2026-09-18T08:30:00
W-1230,ETP,0.8,2026-09-18T09:00:00
W-1230,ETP,1.2,2026-09-18T09:30:00
W-1230,ETP,0.5,2026-09-18T10:00:00
W-1230,ETP,1.4,2026-09-18T10:30:00
W-1230,ETP,1.1,2026-09-18T11:00:00
W-1230,ETP,0.7,2026-09-18T11:30:00
W-1230,ETP,1.0,2026-09-18T12:00:00
W-1230,ETP,3.8,2026-09-18T12:30:00
W-1230,ETP,2.2,2026-09-18T13:00:00
W-1230,ETP,5.0,2026-09-18T13:30:00
W-1230,ETP,0.5,2026-09-18T14:00:00
W-1230,ETP,1.0,2026-09-18T14:30:00
W-1230,ETP,1.2,2026-09-18T15:00:00
W-1230,ETP,1.8,2026-09-18T15:30:00
W-1101,SRU,3.0,2026-09-19T00:00:00
W-1101,SRU,6.6,2026-09-19T00:30:00
W-1101,SRU,13.2,2026-09-19T01:00:00
W-1101,SRU,13.7,2026-09-19T01:30:00
W-1101,SRU,21.6,2026-09-19T02:00:00
W-1101,SRU,4.8,2026-09-19T02:30:00
W-1101,SRU,7.1,2026-09-19T03:00:00
W-1101,SRU,4.3,2026-09-19T03:30:00
W-1101,SRU,7.4,2026-09-19T04:00:00
W-1101,SRU,6.9,2026-09-19T04:30:00
W-1101,SRU,20.7,2026-09-19T05:00:00
W-1101,SRU,3.4,2026-09-19T05:30:00
W-1101,SRU,7.4,2026-09-19T06:00:00
W-1101,SRU,5.5,2026-09-19T06:30:00
W-1101,SRU,7.5,2026-09-19T07:00:00
W-1101,SRU,4.8,2026-09-19T07:30:00
W-1104,ARU,5.0,2026-09-19T08:00:00
W-1104,ARU,4.3,2026-09-19T08:30:00
W-1104,ARU,4.0,2026-09-19T09:00:00
W-1104,ARU,5.1,2026-09-19T09:30:00
W-1104,ARU,22.6,2026-09-19T10:00:00
W-1104,ARU,16.4,2026-09-19T10:30:00
W-1104,ARU,9.1,2026-09-19T11:00:00
W-1104,ARU,5.0,2026-09-19T11:30:00
W-1104,ARU,6.4,2026-09-19T12:00:00
W-1104,ARU,5.3,2026-09-19T12:30:00
W-1104,ARU,2.8,2026-09-19T13:00:00
W-1104,ARU,3.6,2026-09-19T13:30:00
W-1104,ARU,5.3,2026-09-19T14:00:00
W-1104,ARU,3.7,2026-09-19T14:30:00
W-1104,ARU,5.9,2026-09-19T15:00:00
W-1104,ARU,5.9,2026-09-19T15:30:00
W-1107,SWS,5.1,2026-09-19T16:00:00
W-1107,SWS,3.0,2026-09-19T16:30:00
W-1107,SWS,3.6,2026-09-19T17:00:00
W-1107,SWS,5.1,2026-09-19T17:30:00
W-1107,SWS,3.0,2026-09-19T18:00:00
W-1107,SWS,13.9,2026-09-19T18:30:00
W-1107,SWS,18.3,2026-09-19T19:00:00
W-1107,SWS,6.6,2026-09-19T19:30:00
W-1107,SWS,6.5,2026-09-19T20:00:00
W-1107,SWS,25.7,2026-09-19T20:30:00
W-1107,SWS,12.6,2026-09-19T21:00:00
W-1107,SWS,24.1,2026-09-19T21:30:00
W-1107,SWS,6.3,2026-09-19T22:00:00
W-1107,SWS,3.7,2026-09-19T22:30:00
W-1107,SWS,6.6,2026-09-19T23:00:00
W-1107,SWS,5.0,2026-09-19T23:30:00
W-1113,HCU,2.9,2026-09-19T08:00:00
W-1113,HCU,2.1,2026-09-19T08:30:00
W-1113,HCU,1.4,2026-09-19T09:00:00
W-1113,HCU,3.1,2026-09-19T09:30:00
W-1113,HCU,1.3,2026-09-19T10:00:00
W-1113,HCU,2.2,2026-09-19T10:30:00
W-1113,HCU,2.4,2026-09-19T11:00:00
W-1113,HCU,2.9,2026-09-19T11:30:00
W-1113,HCU,2.8,2026-09-19T12:00:00
W-1113,HCU,2.8,2026-09-19T12:30:00
W-1113,HCU,1.6,2026-09-19T13:00:00
W-1113,HCU,2.2,2026-09-19T13:30:00
W-1113,HCU,3.1,2026-09-19T14:00:00
W-1113,HCU,1.4,2026-09-19T14:30:00
W-1113,HCU,2.3,2026-09-19T15:00:00
W-1113,HCU,1.9,2026-09-19T15:30:00
W-1116,DHDT,2.2,2026-09-19T16:00:00
W-1116,DHDT,1.4,2026-09-19T16:30:00
W-1116,DHDT,1.2,2026-09-19T17:00:00
W-1116,DHDT,2.0,2026-09-19T17:30:00
W-1116,DHDT,1.5,2026-09-19T18:00:00
W-1116,DHDT,1.5,2026-09-19T18:30:00
W-1116,DHDT,1.9,2026-09-19T19:00:00
W-1116,DHDT,2.5,2026-09-19T19:30:00
W-1116,DHDT,2.5,2026-09-19T20:00:00
W-1116,DHDT,1.5,2026-09-19T20:30:00
W-1116,DHDT,2.7,2026-09-19T21:00:00
W-1116,DHDT,2.4,2026-09-19T21:30:00
W-1116,DHDT,1.1,2026-09-19T22:00:00
W-1116,DHDT,1.2,2026-09-19T22:30:00
W-1116,DHDT,2.4,2026-09-19T23:00:00
W-1116,DHDT,1.9,2026-09-19T23:30:00
W-1119,CDU-III,1.8,2026-09-19T00:00:00
W-1119,CDU-III,1.1,2026-09-19T00:30:00
W-1119,CDU-III,1.6,2026-09-19T01:00:00
W-1119,CDU-III,1.4,2026-09-19T01:30:00
W-1119,CDU-III,1.2,2026-09-19T02:00:00
W-1119,CDU-III,2.1,2026-09-19T02:30:00
W-1119,CDU-III,1.8,2026-09-19T03:00:00
W-1119,CDU-III,1.0,2026-09-19T03:30:00
W-1119,CDU-III,1.3,2026-09-19T04:00:00
W-1119,CDU-III,1.4,2026-09-19T04:30:00
W-1119,CDU-III,2.2,2026-09-19T05:00:00
W-1119,CDU-III,2.9,2026-09-19T05:30:00
W-1119,CDU-III,3.4,2026-09-19T06:00:00
W-1119,CDU-III,4.5,2026-09-19T06:30:00
W-1119,CDU-III,2.0,2026-09-19T07:00:00
W-1119,CDU-III,1.8,2026-09-19T07:30:00
W-1122,ETP,1.5,2026-09-19T08:00:00
W-1122,ETP,0.9,2026-09-19T08:30:00
W-1122,ETP,1.0,2026-09-19T09:00:00
W-1122,ETP,1.6,2026-09-19T09:30:00
W-1122,ETP,1.0,2026-09-19T10:00:00
W-1122,ETP,0.7,2026-09-19T10:30:00
W-1122,ETP,1.0,2026-09-19T11:00:00
W-1122,ETP,1.1,2026-09-19T11:30:00
W-1122,ETP,1.0,2026-09-19T12:00:00
W-1122,ETP,1.6,2026-09-19T12:30:00
W-1122,ETP,1.5,2026-09-19T13:00:00
W-1122,ETP,0.9,2026-09-19T13:30:00
W-1122,ETP,1.3,2026-09-19T14:00:00
W-1122,ETP,1.6,2026-09-19T14:30:00
W-1122,ETP,1.7,2026-09-19T15:00:00
W-1122,ETP,3.7,2026-09-19T15:30:00
W-1125,TF,0.7,2026-09-19T16:00:00
W-1125,TF,1.0,2026-09-19T16:30:00
W-1125,TF,0.9,2026-09-19T17:00:00
W-1125,TF,0.8,2026-09-19T17:30:00
W-1125,TF,0.7,2026-09-19T18:00:00
W-1125,TF,0.8,2026-09-19T18:30:00
W-1125,TF,0.6,2026-09-19T19:00:00
W-1125,TF,0.4,2026-09-19T19:30:00
W-1125,TF,0.4,2026-09-19T20:00:00
W-1125,TF,0.6,2026-09-19T20:30:00
W-1125,TF,0.6,2026-09-19T21:00:00
W-1125,TF,0.6,2026-09-19T21:30:00
W-1125,TF,0.4,2026-09-19T22:00:00
W-1125,TF,1.4,2026-09-19T22:30:00
W-1125,TF,2.2,2026-09-19T23:00:00
W-1125,TF,1.0,2026-09-19T23:30:00
W-1128,SRU,4.3,2026-09-19T00:00:00
W-1128,SRU,5.8,2026-09-19T00:30:00
W-1128,SRU,4.2,2026-09-19T01:00:00
W-1128,SRU,7.5,2026-09-19T01:30:00
W-1128,SRU,7.7,2026-09-19T02:00:00
W-1128,SRU,5.4,2026-09-19T02:30:00
W-1128,SRU,4.7,2026-09-19T03:00:00
W-1128,SRU,6.4,2026-09-19T03:30:00
W-1128,SRU,3.9,2026-09-19T04:00:00
W-1128,SRU,3.8,2026-09-19T04:30:00
W-1128,SRU,3.4,2026-09-19T05:00:00
W-1128,SRU,3.6,2026-09-19T05:30:00
W-1128,SRU,5.2,2026-09-19T06:00:00
W-1128,SRU,3.8,2026-09-19T06:30:00
W-1128,SRU,7.2,2026-09-19T07:00:00
W-1128,SRU,10.8,2026-09-19T07:30:00
W-1134,SWS,2.7,2026-09-19T16:00:00
W-1134,SWS,6.7,2026-09-19T16:30:00
W-1134,SWS,3.1,2026-09-19T17:00:00
W-1134,SWS,8.7,2026-09-19T17:30:00
W-1134,SWS,2.7,2026-09-19T18:00:00
W-1134,SWS,4.3,2026-09-19T18:30:00
W-1134,SWS,5.5,2026-09-19T19:00:00
W-1134,SWS,3.7,2026-09-19T19:30:00
W-1134,SWS,7.0,2026-09-19T20:00:00
W-1134,SWS,7.1,2026-09-19T20:30:00
W-1134,SWS,4.2,2026-09-19T21:00:00
W-1134,SWS,5.3,2026-09-19T21:30:00
W-1134,SWS,3.3,2026-09-19T22:00:00
W-1134,SWS,3.5,2026-09-19T22:30:00
W-1134,SWS,6.5,2026-09-19T23:00:00
W-1134,SWS,6.7,2026-09-19T23:30:00
W-1137,DCU,2.9,2026-09-19T00:00:00
W-1137,DCU,8.0,2026-09-19T00:30:00
W-1137,DCU,3.1,2026-09-19T01:00:00
W-1137,DCU,6.0,2026-09-19T01:30:00
W-1137,DCU,1.9,2026-09-19T02:00:00
W-1137,DCU,2.7,2026-09-19T02:30:00
W-1137,DCU,2.1,2026-09-19T03:00:00
W-1137,DCU,1.8,2026-09-19T03:30:00
W-1137,DCU,3.2,2026-09-19T04:00:00
W-1137,DCU,3.9,2026-09-19T04:30:00
W-1137,DCU,4.1,2026-09-19T05:00:00
W-1137,DCU,2.0,2026-09-19T05:30:00
W-1137,DCU,4.1,2026-09-19T06:00:00
W-1137,DCU,3.4,2026-09-19T06:30:00
W-1137,DCU,2.9,2026-09-19T07:00:00
W-1137,DCU,2.8,2026-09-19T07:30:00
W-1140,HCU,1.9,2026-09-19T08:00:00
W-1140,HCU,2.0,2026-09-19T08:30:00
W-1140,HCU,1.6,2026-09-19T09:00:00
W-1140,HCU,3.2,2026-09-19T09:30:00
W-1140,HCU,2.0,2026-09-19T10:00:00
W-1140,HCU,2.0,2026-09-19T10:30:00
W-1140,HCU,3.0,2026-09-19T11:00:00
W-1140,HCU,2.0,2026-09-19T11:30:00
W-1140,HCU,3.1,2026-09-19T12:00:00
W-1140,HCU,3.0,2026-09-19T12:30:00
W-1140,HCU,3.1,2026-09-19T13:00:00
W-1140,HCU,3.3,2026-09-19T13:30:00
W-1140,HCU,2.2,2026-09-19T14:00:00
W-1140,HCU,2.9,2026-09-19T14:30:00
W-1140,HCU,1.3,2026-09-19T15:00:00
W-1140,HCU,1.3,2026-09-19T15:30:00
W-1146,CDU-III,1.4,2026-09-19T00:00:00
W-1146,CDU-III,2.0,2026-09-19T00:30:00
W-1146,CDU-III,1.7,2026-09-19T01:00:00
W-1146,CDU-III,1.6,2026-09-19T01:30:00
W-1146,CDU-III,1.9,2026-09-19T02:00:00
W-1146,CDU-III,1.3,2026-09-19T02:30:00
W-1146,CDU-III,1.0,2026-09-19T03:00:00
W-1146,CDU-III,1.2,2026-09-19T03:30:00
W-1146,CDU-III,1.6,2026-09-19T04:00:00
W-1146,CDU-III,2.1,2026-09-19T04:30:00
W-1146,CDU-III,2.1,2026-09-19T05:00:00
W-1146,CDU-III,1.3,2026-09-19T05:30:00
W-1146,CDU-III,0.8,2026-09-19T06:00:00
W-1146,CDU-III,2.1,2026-09-19T06:30:00
W-1146,CDU-III,1.4,2026-09-19T07:00:00
W-1146,CDU-III,1.4,2026-09-19T07:30:00
W-1149,ETP,1.2,2026-09-19T08:00:00
W-1149,ETP,1.4,2026-09-19T08:30:00
W-1149,ETP,1.6,2026-09-19T09:00:00
W-1149,ETP,1.4,2026-09-19T09:30:00
W-1149,ETP,0.9,2026-09-19T10:00:00
W-1149,ETP,1.2,2026-09-19T10:30:00
W-1149,ETP,2.2,2026-09-19T11:00:00
W-1149,ETP,0.9,2026-09-19T11:30:00
W-1149,ETP,1.1,2026-09-19T12:00:00
W-1149,ETP,1.2,2026-09-19T12:30:00
W-1149,ETP,1.0,2026-09-19T13:00:00
W-1149,ETP,0.8,2026-09-19T13:30:00
W-1149,ETP,1.0,2026-09-19T14:00:00
W-1149,ETP,1.0,2026-09-19T14:30:00
W-1149,ETP,0.8,2026-09-19T15:00:00
W-1149,ETP,4.6,2026-09-19T15:30:00
W-1155,SRU,19.1,2026-09-19T00:00:00
W-1155,SRU,6.2,2026-09-19T00:30:00
W-1155,SRU,4.5,2026-09-19T01:00:00
W-1155,SRU,6.5,2026-09-19T01:30:00
W-1155,SRU,4.8,2026-09-19T02:00:00
W-1155,SRU,6.8,2026-09-19T02:30:00
W-1155,SRU,13.3,2026-09-19T03:00:00
W-1155,SRU,6.2,2026-09-19T03:30:00
W-1155,SRU,14.2,2026-09-19T04:00:00
W-1155,SRU,4.9,2026-09-19T04:30:00
W-1155,SRU,6.6,2026-09-19T05:00:00
W-1155,SRU,4.1,2026-09-19T05:30:00
W-1155,SRU,6.4,2026-09-19T06:00:00
W-1155,SRU,4.9,2026-09-19T06:30:00
W-1155,SRU,6.0,2026-09-19T07:00:00
W-1155,SRU,3.8,2026-09-19T07:30:00
W-1161,SWS,4.9,2026-09-19T16:00:00
W-1161,SWS,5.5,2026-09-19T16:30:00
W-1161,SWS,7.0,2026-09-19T17:00:00
W-1161,SWS,6.4,2026-09-19T17:30:00
W-1161,SWS,3.5,2026-09-19T18:00:00
W-1161,SWS,3.1,2026-09-19T18:30:00
W-1161,SWS,7.1,2026-09-19T19:00:00
W-1161,SWS,5.4,2026-09-19T19:30:00
W-1161,SWS,6.9,2026-09-19T20:00:00
W-1161,SWS,16.8,2026-09-19T20:30:00
W-1161,SWS,18.7,2026-09-19T21:00:00
W-1161,SWS,21.6,2026-09-19T21:30:00
W-1161,SWS,3.3,2026-09-19T22:00:00
W-1161,SWS,4.2,2026-09-19T22:30:00
W-1161,SWS,4.3,2026-09-19T23:00:00
W-1161,SWS,6.8,2026-09-19T23:30:00
W-1164,DCU,2.1,2026-09-19T00:00:00
W-1164,DCU,3.4,2026-09-19T00:30:00
W-1164,DCU,2.3,2026-09-19T01:00:00
W-1164,DCU,4.3,2026-09-19T01:30:00
W-1164,DCU,3.8,2026-09-19T02:00:00
W-1164,DCU,9.4,2026-09-19T02:30:00
W-1164,DCU,8.1,2026-09-19T03:00:00
W-1164,DCU,3.2,2026-09-19T03:30:00
W-1164,DCU,2.7,2026-09-19T04:00:00
W-1164,DCU,3.9,2026-09-19T04:30:00
W-1164,DCU,2.7,2026-09-19T05:00:00
W-1164,DCU,3.0,2026-09-19T05:30:00
W-1164,DCU,4.0,2026-09-19T06:00:00
W-1164,DCU,3.0,2026-09-19T06:30:00
W-1164,DCU,3.0,2026-09-19T07:00:00
W-1164,DCU,2.1,2026-09-19T07:30:00
W-1167,HCU,2.5,2026-09-19T08:00:00
W-1167,HCU,1.5,2026-09-19T08:30:00
W-1167,HCU,1.9,2026-09-19T09:00:00
W-1167,HCU,1.3,2026-09-19T09:30:00
W-1167,HCU,2.3,2026-09-19T10:00:00
W-1167,HCU,1.9,2026-09-19T10:30:00
W-1167,HCU,1.6,2026-09-19T11:00:00
W-1167,HCU,1.5,2026-09-19T11:30:00
W-1167,HCU,3.3,2026-09-19T12:00:00
W-1167,HCU,1.3,2026-09-19T12:30:00
W-1167,HCU,2.7,2026-09-19T13:00:00
W-1167,HCU,2.4,2026-09-19T13:30:00
W-1167,HCU,2.0,2026-09-19T14:00:00
W-1167,HCU,2.9,2026-09-19T14:30:00
W-1167,HCU,2.9,2026-09-19T15:00:00
W-1167,HCU,7.2,2026-09-19T15:30:00
W-1170,DHDT,2.7,2026-09-19T16:00:00
W-1170,DHDT,1.8,2026-09-19T16:30:00
W-1170,DHDT,1.1,2026-09-19T17:00:00
W-1170,DHDT,2.0,2026-09-19T17:30:00
W-1170,DHDT,1.8,2026-09-19T18:00:00
W-1170,DHDT,1.1,2026-09-19T18:30:00
W-1170,DHDT,2.5,2026-09-19T19:00:00
W-1170,DHDT,2.0,2026-09-19T19:30:00
W-1170,DHDT,2.0,2026-09-19T20:00:00
W-1170,DHDT,1.7,2026-09-19T20:30:00
W-1170,DHDT,2.6,2026-09-19T21:00:00
W-1170,DHDT,1.1,2026-09-19T21:30:00
W-1170,DHDT,1.7,2026-09-19T22:00:00
W-1170,DHDT,1.2,2026-09-19T22:30:00
W-1170,DHDT,1.1,2026-09-19T23:00:00
W-1170,DHDT,1.7,2026-09-19T23:30:00
W-1173,CDU-III,1.5,2026-09-19T00:00:00
W-1173,CDU-III,1.5,2026-09-19T00:30:00
W-1173,CDU-III,1.2,2026-09-19T01:00:00
W-1173,CDU-III,1.7,2026-09-19T01:30:00
W-1173,CDU-III,1.6,2026-09-19T02:00:00
W-1173,CDU-III,1.3,2026-09-19T02:30:00
W-1173,CDU-III,1.9,2026-09-19T03:00:00
W-1173,CDU-III,1.9,2026-09-19T03:30:00
W-1173,CDU-III,1.1,2026-09-19T04:00:00
W-1173,CDU-III,1.0,2026-09-19T04:30:00
W-1173,CDU-III,1.1,2026-09-19T05:00:00
W-1173,CDU-III,1.8,2026-09-19T05:30:00
W-1173,CDU-III,1.6,2026-09-19T06:00:00
W-1173,CDU-III,1.0,2026-09-19T06:30:00
W-1173,CDU-III,1.2,2026-09-19T07:00:00
W-1173,CDU-III,1.5,2026-09-19T07:30:00
W-1176,ETP,1.6,2026-09-19T08:00:00
W-1176,ETP,1.1,2026-09-19T08:30:00
W-1176,ETP,1.0,2026-09-19T09:00:00
W-1176,ETP,1.4,2026-09-19T09:30:00
W-1176,ETP,1.1,2026-09-19T10:00:00
W-1176,ETP,1.3,2026-09-19T10:30:00
W-1176,ETP,1.4,2026-09-19T11:00:00
W-1176,ETP,1.3,2026-09-19T11:30:00
W-1176,ETP,0.7,2026-09-19T12:00:00
W-1176,ETP,0.9,2026-09-19T12:30:00
W-1176,ETP,0.7,2026-09-19T13:00:00
W-1176,ETP,1.1,2026-09-19T13:30:00
W-1176,ETP,1.5,2026-09-19T14:00:00
W-1176,ETP,0.7,2026-09-19T14:30:00
W-1176,ETP,1.1,2026-09-19T15:00:00
W-1176,ETP,1.4,2026-09-19T15:30:00
W-1179,TF,0.7,2026-09-19T16:00:00
W-1179,TF,0.7,2026-09-19T16:30:00
W-1179,TF,0.4,2026-09-19T17:00:00
W-1179,TF,0.5,2026-09-19T17:30:00
W-1179,TF,0.4,2026-09-19T18:00:00
W-1179,TF,0.5,2026-09-19T18:30:00
W-1179,TF,0.9,2026-09-19T19:00:00
W-1179,TF,0.4,2026-09-19T19:30:00
W-1179,TF,0.4,2026-09-19T20:00:00
W-1179,TF,0.9,2026-09-19T20:30:00
W-1179,TF,0.5,2026-09-19T21:00:00
W-1179,TF,0.4,2026-09-19T21:30:00
W-1179,TF,0.6,2026-09-19T22:00:00
W-1179,TF,0.4,2026-09-19T22:30:00
W-1179,TF,0.7,2026-09-19T23:00:00
W-1179,TF,0.9,2026-09-19T23:30:00
W-1182,SRU,5.0,2026-09-19T00:00:00
W-1182,SRU,6.9,2026-09-19T00:30:00
W-1182,SRU,3.0,2026-09-19T01:00:00
W-1182,SRU,7.1,2026-09-19T01:30:00
W-1182,SRU,6.0,2026-09-19T02:00:00
W-1182,SRU,5.0,2026-09-19T02:30:00
W-1182,SRU,4.0,2026-09-19T03:00:00
W-1182,SRU,4.6,2026-09-19T03:30:00
W-1182,SRU,7.1,2026-09-19T04:00:00
W-1182,SRU,6.6,2026-09-19T04:30:00
W-1182,SRU,20.3,2026-09-19T05:00:00
W-1182,SRU,25.2,2026-09-19T05:30:00
W-1182,SRU,5.8,2026-09-19T06:00:00
W-1182,SRU,20.3,2026-09-19T06:30:00
W-1182,SRU,6.3,2026-09-19T07:00:00
W-1182,SRU,3.0,2026-09-19T07:30:00
W-1185,ARU,2.5,2026-09-19T08:00:00
W-1185,ARU,5.2,2026-09-19T08:30:00
W-1185,ARU,6.0,2026-09-19T09:00:00
W-1185,ARU,4.9,2026-09-19T09:30:00
W-1185,ARU,3.5,2026-09-19T10:00:00
W-1185,ARU,2.7,2026-09-19T10:30:00
W-1185,ARU,6.6,2026-09-19T11:00:00
W-1185,ARU,2.5,2026-09-19T11:30:00
W-1185,ARU,3.4,2026-09-19T12:00:00
W-1185,ARU,5.8,2026-09-19T12:30:00
W-1185,ARU,5.9,2026-09-19T13:00:00
W-1185,ARU,10.8,2026-09-19T13:30:00
W-1185,ARU,14.4,2026-09-19T14:00:00
W-1185,ARU,6.6,2026-09-19T14:30:00
W-1185,ARU,5.4,2026-09-19T15:00:00
W-1185,ARU,3.6,2026-09-19T15:30:00
W-1191,DCU,2.7,2026-09-19T00:00:00
W-1191,DCU,8.5,2026-09-19T00:30:00
W-1191,DCU,3.8,2026-09-19T01:00:00
W-1191,DCU,1.7,2026-09-19T01:30:00
W-1191,DCU,3.8,2026-09-19T02:00:00
W-1191,DCU,3.2,2026-09-19T02:30:00
W-1191,DCU,3.6,2026-09-19T03:00:00
W-1191,DCU,2.4,2026-09-19T03:30:00
W-1191,DCU,2.4,2026-09-19T04:00:00
W-1191,DCU,2.9,2026-09-19T04:30:00
W-1191,DCU,3.1,2026-09-19T05:00:00
W-1191,DCU,2.4,2026-09-19T05:30:00
W-1191,DCU,4.3,2026-09-19T06:00:00
W-1191,DCU,2.1,2026-09-19T06:30:00
W-1191,DCU,1.9,2026-09-19T07:00:00
W-1191,DCU,3.2,2026-09-19T07:30:00
W-1194,HCU,1.4,2026-09-19T08:00:00
W-1194,HCU,3.2,2026-09-19T08:30:00
W-1194,HCU,7.6,2026-09-19T09:00:00
W-1194,HCU,2.5,2026-09-19T09:30:00
W-1194,HCU,1.3,2026-09-19T10:00:00
W-1194,HCU,3.0,2026-09-19T10:30:00
W-1194,HCU,2.1,2026-09-19T11:00:00
W-1194,HCU,2.6,2026-09-19T11:30:00
W-1194,HCU,1.7,2026-09-19T12:00:00
W-1194,HCU,3.3,2026-09-19T12:30:00
W-1194,HCU,8.3,2026-09-19T13:00:00
W-1194,HCU,5.6,2026-09-19T13:30:00
W-1194,HCU,8.9,2026-09-19T14:00:00
W-1194,HCU,3.2,2026-09-19T14:30:00
W-1194,HCU,1.5,2026-09-19T15:00:00
W-1194,HCU,3.3,2026-09-19T15:30:00
W-1197,DHDT,1.7,2026-09-19T16:00:00
W-1197,DHDT,2.5,2026-09-19T16:30:00
W-1197,DHDT,1.1,2026-09-19T17:00:00
W-1197,DHDT,2.3,2026-09-19T17:30:00
W-1197,DHDT,2.1,2026-09-19T18:00:00
W-1197,DHDT,2.2,2026-09-19T18:30:00
W-1197,DHDT,1.6,2026-09-19T19:00:00
W-1197,DHDT,2.2,2026-09-19T19:30:00
W-1197,DHDT,1.2,2026-09-19T20:00:00
W-1197,DHDT,1.9,2026-09-19T20:30:00
W-1197,DHDT,2.1,2026-09-19T21:00:00
W-1197,DHDT,2.6,2026-09-19T21:30:00
W-1197,DHDT,1.7,2026-09-19T22:00:00
W-1197,DHDT,2.2,2026-09-19T22:30:00
W-1197,DHDT,1.4,2026-09-19T23:00:00
W-1197,DHDT,1.2,2026-09-19T23:30:00
W-1200,CDU-III,2.0,2026-09-19T00:00:00
W-1200,CDU-III,1.1,2026-09-19T00:30:00
W-1200,CDU-III,2.2,2026-09-19T01:00:00
W-1200,CDU-III,1.1,2026-09-19T01:30:00
W-1200,CDU-III,2.2,2026-09-19T02:00:00
W-1200,CDU-III,1.2,2026-09-19T02:30:00
W-1200,CDU-III,1.7,2026-09-19T03:00:00
W-1200,CDU-III,2.1,2026-09-19T03:30:00
W-1200,CDU-III,2.2,2026-09-19T04:00:00
W-1200,CDU-III,2.0,2026-09-19T04:30:00
W-1200,CDU-III,1.4,2026-09-19T05:00:00
W-1200,CDU-III,0.9,2026-09-19T05:30:00
W-1200,CDU-III,4.4,2026-09-19T06:00:00
W-1200,CDU-III,3.1,2026-09-19T06:30:00
W-1200,CDU-III,1.6,2026-09-19T07:00:00
W-1200,CDU-III,1.2,2026-09-19T07:30:00
W-1203,ETP,1.4,2026-09-19T08:00:00
W-1203,ETP,1.5,2026-09-19T08:30:00
W-1203,ETP,1.3,2026-09-19T09:00:00
W-1203,ETP,1.3,2026-09-19T09:30:00
W-1203,ETP,1.4,2026-09-19T10:00:00
W-1203,ETP,1.2,2026-09-19T10:30:00
W-1203,ETP,1.0,2026-09-19T11:00:00
W-1203,ETP,1.2,2026-09-19T11:30:00
W-1203,ETP,1.4,2026-09-19T12:00:00
W-1203,ETP,1.0,2026-09-19T12:30:00
W-1203,ETP,1.0,2026-09-19T13:00:00
W-1203,ETP,1.3,2026-09-19T13:30:00
W-1203,ETP,1.0,2026-09-19T14:00:00
W-1203,ETP,1.2,2026-09-19T14:30:00
W-1203,ETP,0.9,2026-09-19T15:00:00
W-1203,ETP,0.9,2026-09-19T15:30:00
W-1209,SRU,4.4,2026-09-19T00:00:00
W-1209,SRU,14.8,2026-09-19T00:30:00
W-1209,SRU,25.8,2026-09-19T01:00:00
W-1209,SRU,8.6,2026-09-19T01:30:00
W-1209,SRU,5.4,2026-09-19T02:00:00
W-1209,SRU,7.0,2026-09-19T02:30:00
W-1209,SRU,17.3,2026-09-19T03:00:00
W-1209,SRU,19.4,2026-09-19T03:30:00
W-1209,SRU,6.1,2026-09-19T04:00:00
W-1209,SRU,4.5,2026-09-19T04:30:00
W-1209,SRU,4.4,2026-09-19T05:00:00
W-1209,SRU,5.0,2026-09-19T05:30:00
W-1209,SRU,3.0,2026-09-19T06:00:00
W-1209,SRU,4.0,2026-09-19T06:30:00
W-1209,SRU,3.1,2026-09-19T07:00:00
W-1209,SRU,7.4,2026-09-19T07:30:00
W-1215,SWS,5.8,2026-09-19T16:00:00
W-1215,SWS,21.1,2026-09-19T16:30:00
W-1215,SWS,14.8,2026-09-19T17:00:00
W-1215,SWS,3.7,2026-09-19T17:30:00
W-1215,SWS,7.1,2026-09-19T18:00:00
W-1215,SWS,4.4,2026-09-19T18:30:00
W-1215,SWS,6.1,2026-09-19T19:00:00
W-1215,SWS,2.8,2026-09-19T19:30:00
W-1215,SWS,7.0,2026-09-19T20:00:00
W-1215,SWS,5.6,2026-09-19T20:30:00
W-1215,SWS,3.1,2026-09-19T21:00:00
W-1215,SWS,5.8,2026-09-19T21:30:00
W-1215,SWS,6.7,2026-09-19T22:00:00
W-1215,SWS,6.1,2026-09-19T22:30:00
W-1215,SWS,3.2,2026-09-19T23:00:00
W-1215,SWS,4.8,2026-09-19T23:30:00
W-1218,DCU,3.4,2026-09-19T00:00:00
W-1218,DCU,3.4,2026-09-19T00:30:00
W-1218,DCU,3.3,2026-09-19T01:00:00
W-1218,DCU,2.7,2026-09-19T01:30:00
W-1218,DCU,3.1,2026-09-19T02:00:00
W-1218,DCU,2.8,2026-09-19T02:30:00
W-1218,DCU,3.4,2026-09-19T03:00:00
W-1218,DCU,2.1,2026-09-19T03:30:00
W-1218,DCU,2.5,2026-09-19T04:00:00
W-1218,DCU,2.7,2026-09-19T04:30:00
W-1218,DCU,4.5,2026-09-19T05:00:00
W-1218,DCU,2.6,2026-09-19T05:30:00
W-1218,DCU,2.3,2026-09-19T06:00:00
W-1218,DCU,1.8,2026-09-19T06:30:00
W-1218,DCU,2.6,2026-09-19T07:00:00
W-1218,DCU,4.1,2026-09-19T07:30:00
W-1221,HCU,1.8,2026-09-19T08:00:00
W-1221,HCU,1.5,2026-09-19T08:30:00
W-1221,HCU,3.0,2026-09-19T09:00:00
W-1221,HCU,3.1,2026-09-19T09:30:00
W-1221,HCU,3.3,2026-09-19T10:00:00
W-1221,HCU,3.1,2026-09-19T10:30:00
W-1221,HCU,2.4,2026-09-19T11:00:00
W-1221,HCU,2.5,2026-09-19T11:30:00
W-1221,HCU,2.6,2026-09-19T12:00:00
W-1221,HCU,1.7,2026-09-19T12:30:00
W-1221,HCU,2.9,2026-09-19T13:00:00
W-1221,HCU,2.1,2026-09-19T13:30:00
W-1221,HCU,1.5,2026-09-19T14:00:00
W-1221,HCU,2.8,2026-09-19T14:30:00
W-1221,HCU,1.6,2026-09-19T15:00:00
W-1221,HCU,2.8,2026-09-19T15:30:00
W-1224,DHDT,1.4,2026-09-19T16:00:00
W-1224,DHDT,1.4,2026-09-19T16:30:00
W-1224,DHDT,2.0,2026-09-19T17:00:00
W-1224,DHDT,1.3,2026-09-19T17:30:00
W-1224,DHDT,1.0,2026-09-19T18:00:00
W-1224,DHDT,2.0,2026-09-19T18:30:00
W-1224,DHDT,1.8,2026-09-19T19:00:00
W-1224,DHDT,1.3,2026-09-19T19:30:00
W-1224,DHDT,1.9,2026-09-19T20:00:00
W-1224,DHDT,2.0,2026-09-19T20:30:00
W-1224,DHDT,1.3,2026-09-19T21:00:00
W-1224,DHDT,2.7,2026-09-19T21:30:00
W-1224,DHDT,1.1,2026-09-19T22:00:00
W-1224,DHDT,1.7,2026-09-19T22:30:00
W-1224,DHDT,3.5,2026-09-19T23:00:00
W-1224,DHDT,6.0,2026-09-19T23:30:00
W-1227,CDU-III,2.0,2026-09-19T00:00:00
W-1227,CDU-III,1.3,2026-09-19T00:30:00
W-1227,CDU-III,0.9,2026-09-19T01:00:00
W-1227,CDU-III,1.4,2026-09-19T01:30:00
W-1227,CDU-III,1.7,2026-09-19T02:00:00
W-1227,CDU-III,0.9,2026-09-19T02:30:00
W-1227,CDU-III,0.8,2026-09-19T03:00:00
W-1227,CDU-III,1.2,2026-09-19T03:30:00
W-1227,CDU-III,0.9,2026-09-19T04:00:00
W-1227,CDU-III,1.2,2026-09-19T04:30:00
W-1227,CDU-III,1.1,2026-09-19T05:00:00
W-1227,CDU-III,1.9,2026-09-19T05:30:00
W-1227,CDU-III,1.0,2026-09-19T06:00:00
W-1227,CDU-III,0.9,2026-09-19T06:30:00
W-1227,CDU-III,0.9,2026-09-19T07:00:00
W-1227,CDU-III,2.1,2026-09-19T07:30:00
W-1230,ETP,1.5,2026-09-19T08:00:00
W-1230,ETP,1.4,2026-09-19T08:30:00
W-1230,ETP,1.0,2026-09-19T09:00:00
W-1230,ETP,1.0,2026-09-19T09:30:00
W-1230,ETP,0.7,2026-09-19T10:00:00
W-1230,ETP,3.8,2026-09-19T10:30:00
W-1230,ETP,1.3,2026-09-19T11:00:00
W-1230,ETP,0.8,2026-09-19T11:30:00
W-1230,ETP,1.0,2026-09-19T12:00:00
W-1230,ETP,1.4,2026-09-19T12:30:00
W-1230,ETP,1.5,2026-09-19T13:00:00
W-1230,ETP,3.0,2026-09-19T13:30:00
W-1230,ETP,0.8,2026-09-19T14:00:00
W-1230,ETP,1.7,2026-09-19T14:30:00
W-1230,ETP,0.7,2026-09-19T15:00:00
W-1230,ETP,1.2,2026-09-19T15:30:00
W-1233,TF,0.7,2026-09-19T16:00:00
W-1233,TF,0.5,2026-09-19T16:30:00
W-1233,TF,0.4,2026-09-19T17:00:00
W-1233,TF,0.6,2026-09-19T17:30:00
W-1233,TF,0.4,2026-09-19T18:00:00
W-1233,TF,0.7,2026-09-19T18:30:00
W-1233,TF,0.9,2026-09-19T19:00:00
W-1233,TF,0.6,2026-09-19T19:30:00
W-1233,TF,0.7,2026-09-19T20:00:00
W-1233,TF,0.9,2026-09-19T20:30:00
W-1233,TF,0.5,2026-09-19T21:00:00
W-1233,TF,0.7,2026-09-19T21:30:00
W-1233,TF,0.7,2026-09-19T22:00:00
W-1233,TF,0.9,2026-09-19T22:30:00
W-1233,TF,0.8,2026-09-19T23:00:00
W-1233,TF,1.4,2026-09-19T23:30:00
W-1101,SRU,4.5,2026-09-20T00:00:00
W-1101,SRU,17.5,2026-09-20T00:30:00
W-1101,SRU,11.4,2026-09-20T01:00:00
W-1101,SRU,6.0,2026-09-20T01:30:00
W-1101,SRU,3.0,2026-09-20T02:00:00
W-1101,SRU,3.7,2026-09-20T02:30:00
W-1101,SRU,4.1,2026-09-20T03:00:00
W-1101,SRU,3.6,2026-09-20T03:30:00
W-1101,SRU,3.4,2026-09-20T04:00:00
W-1101,SRU,9.2,2026-09-20T04:30:00
W-1101,SRU,4.1,2026-09-20T05:00:00
W-1101,SRU,6.2,2026-09-20T05:30:00
W-1101,SRU,5.2,2026-09-20T06:00:00
W-1101,SRU,4.3,2026-09-20T06:30:00
W-1101,SRU,5.7,2026-09-20T07:00:00
W-1101,SRU,6.2,2026-09-20T07:30:00
W-1104,ARU,5.2,2026-09-20T08:00:00
W-1104,ARU,3.0,2026-09-20T08:30:00
W-1104,ARU,5.3,2026-09-20T09:00:00
W-1104,ARU,2.0,2026-09-20T09:30:00
W-1104,ARU,3.9,2026-09-20T10:00:00
W-1104,ARU,4.4,2026-09-20T10:30:00
W-1104,ARU,2.1,2026-09-20T11:00:00
W-1104,ARU,4.9,2026-09-20T11:30:00
W-1104,ARU,3.4,2026-09-20T12:00:00
W-1104,ARU,4.5,2026-09-20T12:30:00
W-1104,ARU,5.4,2026-09-20T13:00:00
W-1104,ARU,2.2,2026-09-20T13:30:00
W-1104,ARU,4.0,2026-09-20T14:00:00
W-1104,ARU,3.5,2026-09-20T14:30:00
W-1104,ARU,4.7,2026-09-20T15:00:00
W-1104,ARU,4.5,2026-09-20T15:30:00
W-1107,SWS,2.8,2026-09-20T16:00:00
W-1107,SWS,3.9,2026-09-20T16:30:00
W-1107,SWS,4.6,2026-09-20T17:00:00
W-1107,SWS,2.4,2026-09-20T17:30:00
W-1107,SWS,5.7,2026-09-20T18:00:00
W-1107,SWS,4.4,2026-09-20T18:30:00
W-1107,SWS,17.1,2026-09-20T19:00:00
W-1107,SWS,8.7,2026-09-20T19:30:00
W-1107,SWS,11.8,2026-09-20T20:00:00
W-1107,SWS,15.9,2026-09-20T20:30:00
W-1107,SWS,16.8,2026-09-20T21:00:00
W-1107,SWS,19.3,2026-09-20T21:30:00
W-1107,SWS,14.9,2026-09-20T22:00:00
W-1107,SWS,3.0,2026-09-20T22:30:00
W-1107,SWS,5.2,2026-09-20T23:00:00
W-1107,SWS,15.3,2026-09-20T23:30:00
W-1110,DCU,7.1,2026-09-20T00:00:00
W-1110,DCU,3.0,2026-09-20T00:30:00
W-1110,DCU,3.3,2026-09-20T01:00:00
W-1110,DCU,2.0,2026-09-20T01:30:00
W-1110,DCU,1.6,2026-09-20T02:00:00
W-1110,DCU,1.7,2026-09-20T02:30:00
W-1110,DCU,1.4,2026-09-20T03:00:00
W-1110,DCU,1.6,2026-09-20T03:30:00
W-1110,DCU,3.4,2026-09-20T04:00:00
W-1110,DCU,3.5,2026-09-20T04:30:00
W-1110,DCU,2.0,2026-09-20T05:00:00
W-1110,DCU,2.2,2026-09-20T05:30:00
W-1110,DCU,3.2,2026-09-20T06:00:00
W-1110,DCU,2.3,2026-09-20T06:30:00
W-1110,DCU,2.5,2026-09-20T07:00:00
W-1110,DCU,1.9,2026-09-20T07:30:00
W-1116,DHDT,1.6,2026-09-20T16:00:00
W-1116,DHDT,1.0,2026-09-20T16:30:00
W-1116,DHDT,2.1,2026-09-20T17:00:00
W-1116,DHDT,1.8,2026-09-20T17:30:00
W-1116,DHDT,3.0,2026-09-20T18:00:00
W-1116,DHDT,2.7,2026-09-20T18:30:00
W-1116,DHDT,1.5,2026-09-20T19:00:00
W-1116,DHDT,1.9,2026-09-20T19:30:00
W-1116,DHDT,1.0,2026-09-20T20:00:00
W-1116,DHDT,1.4,2026-09-20T20:30:00
W-1116,DHDT,1.3,2026-09-20T21:00:00
W-1116,DHDT,3.7,2026-09-20T21:30:00
W-1116,DHDT,3.1,2026-09-20T22:00:00
W-1116,DHDT,4.4,2026-09-20T22:30:00
W-1116,DHDT,1.8,2026-09-20T23:00:00
W-1116,DHDT,1.3,2026-09-20T23:30:00
W-1119,CDU-III,1.5,2026-09-20T00:00:00
W-1119,CDU-III,2.4,2026-09-20T00:30:00
W-1119,CDU-III,1.6,2026-09-20T01:00:00
W-1119,CDU-III,1.7,2026-09-20T01:30:00
W-1119,CDU-III,1.7,2026-09-20T02:00:00
W-1119,CDU-III,1.5,2026-09-20T02:30:00
W-1119,CDU-III,1.8,2026-09-20T03:00:00
W-1119,CDU-III,1.7,2026-09-20T03:30:00
W-1119,CDU-III,0.8,2026-09-20T04:00:00
W-1119,CDU-III,1.4,2026-09-20T04:30:00
W-1119,CDU-III,0.9,2026-09-20T05:00:00
W-1119,CDU-III,1.3,2026-09-20T05:30:00
W-1119,CDU-III,1.5,2026-09-20T06:00:00
W-1119,CDU-III,1.7,2026-09-20T06:30:00
W-1119,CDU-III,1.1,2026-09-20T07:00:00
W-1119,CDU-III,1.0,2026-09-20T07:30:00
W-1122,ETP,0.7,2026-09-20T08:00:00
W-1122,ETP,0.7,2026-09-20T08:30:00
W-1122,ETP,1.1,2026-09-20T09:00:00
W-1122,ETP,0.8,2026-09-20T09:30:00
W-1122,ETP,1.1,2026-09-20T10:00:00
W-1122,ETP,0.6,2026-09-20T10:30:00
W-1122,ETP,2.1,2026-09-20T11:00:00
W-1122,ETP,3.8,2026-09-20T11:30:00
W-1122,ETP,1.0,2026-09-20T12:00:00
W-1122,ETP,0.6,2026-09-20T12:30:00
W-1122,ETP,0.7,2026-09-20T13:00:00
W-1122,ETP,1.3,2026-09-20T13:30:00
W-1122,ETP,0.9,2026-09-20T14:00:00
W-1122,ETP,0.6,2026-09-20T14:30:00
W-1122,ETP,0.8,2026-09-20T15:00:00
W-1122,ETP,1.1,2026-09-20T15:30:00
W-1125,TF,0.7,2026-09-20T16:00:00
W-1125,TF,0.3,2026-09-20T16:30:00
W-1125,TF,0.5,2026-09-20T17:00:00
W-1125,TF,0.3,2026-09-20T17:30:00
W-1125,TF,0.4,2026-09-20T18:00:00
W-1125,TF,0.5,2026-09-20T18:30:00
W-1125,TF,0.6,2026-09-20T19:00:00
W-1125,TF,0.3,2026-09-20T19:30:00
W-1125,TF,0.5,2026-09-20T20:00:00
W-1125,TF,0.6,2026-09-20T20:30:00
W-1125,TF,0.4,2026-09-20T21:00:00
W-1125,TF,0.7,2026-09-20T21:30:00
W-1125,TF,0.7,2026-09-20T22:00:00
W-1125,TF,0.5,2026-09-20T22:30:00
W-1125,TF,0.6,2026-09-20T23:00:00
W-1125,TF,0.7,2026-09-20T23:30:00
W-1128,SRU,3.2,2026-09-20T00:00:00
W-1128,SRU,4.1,2026-09-20T00:30:00
W-1128,SRU,17.9,2026-09-20T01:00:00
W-1128,SRU,14.4,2026-09-20T01:30:00
W-1128,SRU,22.2,2026-09-20T02:00:00
W-1128,SRU,4.7,2026-09-20T02:30:00
W-1128,SRU,2.4,2026-09-20T03:00:00
W-1128,SRU,10.8,2026-09-20T03:30:00
W-1128,SRU,6.0,2026-09-20T04:00:00
W-1128,SRU,12.3,2026-09-20T04:30:00
W-1128,SRU,16.3,2026-09-20T05:00:00
W-1128,SRU,3.5,2026-09-20T05:30:00
W-1128,SRU,4.8,2026-09-20T06:00:00
W-1128,SRU,3.7,2026-09-20T06:30:00
W-1128,SRU,4.0,2026-09-20T07:00:00
W-1128,SRU,3.8,2026-09-20T07:30:00
W-1131,ARU,3.2,2026-09-20T08:00:00
W-1131,ARU,2.6,2026-09-20T08:30:00
W-1131,ARU,4.8,2026-09-20T09:00:00
W-1131,ARU,3.4,2026-09-20T09:30:00
W-1131,ARU,4.5,2026-09-20T10:00:00
W-1131,ARU,4.0,2026-09-20T10:30:00
W-1131,ARU,13.1,2026-09-20T11:00:00
W-1131,ARU,2.8,2026-09-20T11:30:00
W-1131,ARU,5.4,2026-09-20T12:00:00
W-1131,ARU,2.7,2026-09-20T12:30:00
W-1131,ARU,15.8,2026-09-20T13:00:00
W-1131,ARU,7.0,2026-09-20T13:30:00
W-1131,ARU,7.7,2026-09-20T14:00:00
W-1131,ARU,4.1,2026-09-20T14:30:00
W-1131,ARU,2.0,2026-09-20T15:00:00
W-1131,ARU,3.2,2026-09-20T15:30:00
W-1134,SWS,2.8,2026-09-20T16:00:00
W-1134,SWS,2.9,2026-09-20T16:30:00
W-1134,SWS,5.1,2026-09-20T17:00:00
W-1134,SWS,5.7,2026-09-20T17:30:00
W-1134,SWS,3.5,2026-09-20T18:00:00
W-1134,SWS,4.5,2026-09-20T18:30:00
W-1134,SWS,4.2,2026-09-20T19:00:00
W-1134,SWS,2.2,2026-09-20T19:30:00
W-1134,SWS,4.0,2026-09-20T20:00:00
W-1134,SWS,17.6,2026-09-20T20:30:00
W-1134,SWS,9.5,2026-09-20T21:00:00
W-1134,SWS,12.0,2026-09-20T21:30:00
W-1134,SWS,5.4,2026-09-20T22:00:00
W-1134,SWS,4.8,2026-09-20T22:30:00
W-1134,SWS,2.3,2026-09-20T23:00:00
W-1134,SWS,3.0,2026-09-20T23:30:00
W-1137,DCU,2.2,2026-09-20T00:00:00
W-1137,DCU,3.6,2026-09-20T00:30:00
W-1137,DCU,2.1,2026-09-20T01:00:00
W-1137,DCU,1.5,2026-09-20T01:30:00
W-1137,DCU,3.0,2026-09-20T02:00:00
W-1137,DCU,2.1,2026-09-20T02:30:00
W-1137,DCU,2.6,2026-09-20T03:00:00
W-1137,DCU,2.0,2026-09-20T03:30:00
W-1137,DCU,2.2,2026-09-20T04:00:00
W-1137,DCU,2.5,2026-09-20T04:30:00
W-1137,DCU,2.7,2026-09-20T05:00:00
W-1137,DCU,3.0,2026-09-20T05:30:00
W-1137,DCU,2.6,2026-09-20T06:00:00
W-1137,DCU,2.0,2026-09-20T06:30:00
W-1137,DCU,3.2,2026-09-20T07:00:00
W-1137,DCU,2.2,2026-09-20T07:30:00
W-1140,HCU,2.1,2026-09-20T08:00:00
W-1140,HCU,2.0,2026-09-20T08:30:00
W-1140,HCU,1.1,2026-09-20T09:00:00
W-1140,HCU,2.1,2026-09-20T09:30:00
W-1140,HCU,1.9,2026-09-20T10:00:00
W-1140,HCU,5.7,2026-09-20T10:30:00
W-1140,HCU,1.7,2026-09-20T11:00:00
W-1140,HCU,1.5,2026-09-20T11:30:00
W-1140,HCU,1.5,2026-09-20T12:00:00
W-1140,HCU,2.0,2026-09-20T12:30:00
W-1140,HCU,2.1,2026-09-20T13:00:00
W-1140,HCU,1.9,2026-09-20T13:30:00
W-1140,HCU,2.0,2026-09-20T14:00:00
W-1140,HCU,1.7,2026-09-20T14:30:00
W-1140,HCU,1.4,2026-09-20T15:00:00
W-1140,HCU,6.2,2026-09-20T15:30:00
W-1143,DHDT,2.1,2026-09-20T16:00:00
W-1143,DHDT,1.0,2026-09-20T16:30:00
W-1143,DHDT,2.0,2026-09-20T17:00:00
W-1143,DHDT,1.2,2026-09-20T17:30:00
W-1143,DHDT,1.8,2026-09-20T18:00:00
W-1143,DHDT,2.1,2026-09-20T18:30:00
W-1143,DHDT,2.0,2026-09-20T19:00:00
W-1143,DHDT,1.2,2026-09-20T19:30:00
W-1143,DHDT,1.3,2026-09-20T20:00:00
W-1143,DHDT,2.1,2026-09-20T20:30:00
W-1143,DHDT,1.7,2026-09-20T21:00:00
W-1143,DHDT,1.6,2026-09-20T21:30:00
W-1143,DHDT,2.2,2026-09-20T22:00:00
W-1143,DHDT,2.0,2026-09-20T22:30:00
W-1143,DHDT,0.9,2026-09-20T23:00:00
W-1143,DHDT,1.4,2026-09-20T23:30:00
W-1146,CDU-III,1.3,2026-09-20T00:00:00
W-1146,CDU-III,1.1,2026-09-20T00:30:00
W-1146,CDU-III,1.5,2026-09-20T01:00:00
W-1146,CDU-III,0.9,2026-09-20T01:30:00
W-1146,CDU-III,1.5,2026-09-20T02:00:00
W-1146,CDU-III,1.1,2026-09-20T02:30:00
W-1146,CDU-III,1.7,2026-09-20T03:00:00
W-1146,CDU-III,1.0,2026-09-20T03:30:00
W-1146,CDU-III,3.9,2026-09-20T04:00:00
W-1146,CDU-III,2.6,2026-09-20T04:30:00
W-1146,CDU-III,2.1,2026-09-20T05:00:00
W-1146,CDU-III,1.6,2026-09-20T05:30:00
W-1146,CDU-III,1.0,2026-09-20T06:00:00
W-1146,CDU-III,1.3,2026-09-20T06:30:00
W-1146,CDU-III,0.7,2026-09-20T07:00:00
W-1146,CDU-III,1.1,2026-09-20T07:30:00
W-1149,ETP,0.8,2026-09-20T08:00:00
W-1149,ETP,4.9,2026-09-20T08:30:00
W-1149,ETP,1.1,2026-09-20T09:00:00
W-1149,ETP,0.9,2026-09-20T09:30:00
W-1149,ETP,0.8,2026-09-20T10:00:00
W-1149,ETP,1.1,2026-09-20T10:30:00
W-1149,ETP,1.3,2026-09-20T11:00:00
W-1149,ETP,1.0,2026-09-20T11:30:00
W-1149,ETP,1.2,2026-09-20T12:00:00
W-1149,ETP,1.2,2026-09-20T12:30:00
W-1149,ETP,0.6,2026-09-20T13:00:00
W-1149,ETP,0.6,2026-09-20T13:30:00
W-1149,ETP,0.9,2026-09-20T14:00:00
W-1149,ETP,0.7,2026-09-20T14:30:00
W-1149,ETP,1.2,2026-09-20T15:00:00
W-1149,ETP,0.9,2026-09-20T15:30:00
W-1152,TF,0.4,2026-09-20T16:00:00
W-1152,TF,0.6,2026-09-20T16:30:00
W-1152,TF,0.3,2026-09-20T17:00:00
W-1152,TF,0.6,2026-09-20T17:30:00
W-1152,TF,0.3,2026-09-20T18:00:00
W-1152,TF,0.5,2026-09-20T18:30:00
W-1152,TF,0.5,2026-09-20T19:00:00
W-1152,TF,0.7,2026-09-20T19:30:00
W-1152,TF,0.7,2026-09-20T20:00:00
W-1152,TF,0.3,2026-09-20T20:30:00
W-1152,TF,0.4,2026-09-20T21:00:00
W-1152,TF,0.7,2026-09-20T21:30:00
W-1152,TF,0.7,2026-09-20T22:00:00
W-1152,TF,0.5,2026-09-20T22:30:00
W-1152,TF,0.3,2026-09-20T23:00:00
W-1152,TF,0.6,2026-09-20T23:30:00
W-1155,SRU,20.8,2026-09-20T00:00:00
W-1155,SRU,4.5,2026-09-20T00:30:00
W-1155,SRU,2.8,2026-09-20T01:00:00
W-1155,SRU,4.4,2026-09-20T01:30:00
W-1155,SRU,3.5,2026-09-20T02:00:00
W-1155,SRU,3.0,2026-09-20T02:30:00
W-1155,SRU,2.4,2026-09-20T03:00:00
W-1155,SRU,12.4,2026-09-20T03:30:00
W-1155,SRU,15.2,2026-09-20T04:00:00
W-1155,SRU,4.5,2026-09-20T04:30:00
W-1155,SRU,5.2,2026-09-20T05:00:00
W-1155,SRU,2.4,2026-09-20T05:30:00
W-1155,SRU,6.1,2026-09-20T06:00:00
W-1155,SRU,6.1,2026-09-20T06:30:00
W-1155,SRU,6.3,2026-09-20T07:00:00
W-1155,SRU,2.6,2026-09-20T07:30:00
W-1158,ARU,4.8,2026-09-20T08:00:00
W-1158,ARU,3.1,2026-09-20T08:30:00
W-1158,ARU,3.2,2026-09-20T09:00:00
W-1158,ARU,4.8,2026-09-20T09:30:00
W-1158,ARU,3.3,2026-09-20T10:00:00
W-1158,ARU,2.8,2026-09-20T10:30:00
W-1158,ARU,4.1,2026-09-20T11:00:00
W-1158,ARU,2.0,2026-09-20T11:30:00
W-1158,ARU,3.5,2026-09-20T12:00:00
W-1158,ARU,2.0,2026-09-20T12:30:00
W-1158,ARU,5.0,2026-09-20T13:00:00
W-1158,ARU,4.6,2026-09-20T13:30:00
W-1158,ARU,4.8,2026-09-20T14:00:00
W-1158,ARU,5.4,2026-09-20T14:30:00
W-1158,ARU,3.5,2026-09-20T15:00:00
W-1158,ARU,14.1,2026-09-20T15:30:00
W-1161,SWS,4.3,2026-09-20T16:00:00
W-1161,SWS,5.0,2026-09-20T16:30:00
W-1161,SWS,5.3,2026-09-20T17:00:00
W-1161,SWS,3.6,2026-09-20T17:30:00
W-1161,SWS,13.9,2026-09-20T18:00:00
W-1161,SWS,6.9,2026-09-20T18:30:00
W-1161,SWS,2.3,2026-09-20T19:00:00
W-1161,SWS,4.2,2026-09-20T19:30:00
W-1161,SWS,14.8,2026-09-20T20:00:00
W-1161,SWS,3.1,2026-09-20T20:30:00
W-1161,SWS,3.5,2026-09-20T21:00:00
W-1161,SWS,4.3,2026-09-20T21:30:00
W-1161,SWS,5.7,2026-09-20T22:00:00
W-1161,SWS,3.7,2026-09-20T22:30:00
W-1161,SWS,2.6,2026-09-20T23:00:00
W-1161,SWS,3.5,2026-09-20T23:30:00
W-1164,DCU,1.7,2026-09-20T00:00:00
W-1164,DCU,3.5,2026-09-20T00:30:00
W-1164,DCU,3.2,2026-09-20T01:00:00
W-1164,DCU,2.0,2026-09-20T01:30:00
W-1164,DCU,3.1,2026-09-20T02:00:00
W-1164,DCU,1.9,2026-09-20T02:30:00
W-1164,DCU,6.0,2026-09-20T03:00:00
W-1164,DCU,2.4,2026-09-20T03:30:00
W-1164,DCU,2.4,2026-09-20T04:00:00
W-1164,DCU,2.1,2026-09-20T04:30:00
W-1164,DCU,1.6,2026-09-20T05:00:00
W-1164,DCU,2.5,2026-09-20T05:30:00
W-1164,DCU,2.0,2026-09-20T06:00:00
W-1164,DCU,3.0,2026-09-20T06:30:00
W-1164,DCU,1.7,2026-09-20T07:00:00
W-1164,DCU,3.6,2026-09-20T07:30:00
W-1167,HCU,2.2,2026-09-20T08:00:00
W-1167,HCU,1.8,2026-09-20T08:30:00
W-1167,HCU,2.4,2026-09-20T09:00:00
W-1167,HCU,1.7,2026-09-20T09:30:00
W-1167,HCU,1.0,2026-09-20T10:00:00
W-1167,HCU,6.6,2026-09-20T10:30:00
W-1167,HCU,3.2,2026-09-20T11:00:00
W-1167,HCU,2.1,2026-09-20T11:30:00
W-1167,HCU,1.6,2026-09-20T12:00:00
W-1167,HCU,1.4,2026-09-20T12:30:00
W-1167,HCU,1.6,2026-09-20T13:00:00
W-1167,HCU,2.2,2026-09-20T13:30:00
W-1167,HCU,1.4,2026-09-20T14:00:00
W-1167,HCU,1.5,2026-09-20T14:30:00
W-1167,HCU,1.9,2026-09-20T15:00:00
W-1167,HCU,1.9,2026-09-20T15:30:00
W-1170,DHDT,1.5,2026-09-20T16:00:00
W-1170,DHDT,1.7,2026-09-20T16:30:00
W-1170,DHDT,1.8,2026-09-20T17:00:00
W-1170,DHDT,1.6,2026-09-20T17:30:00
W-1170,DHDT,0.9,2026-09-20T18:00:00
W-1170,DHDT,1.5,2026-09-20T18:30:00
W-1170,DHDT,1.4,2026-09-20T19:00:00
W-1170,DHDT,1.6,2026-09-20T19:30:00
W-1170,DHDT,1.7,2026-09-20T20:00:00
W-1170,DHDT,1.8,2026-09-20T20:30:00
W-1170,DHDT,2.2,2026-09-20T21:00:00
W-1170,DHDT,2.1,2026-09-20T21:30:00
W-1170,DHDT,1.5,2026-09-20T22:00:00
W-1170,DHDT,1.7,2026-09-20T22:30:00
W-1170,DHDT,1.8,2026-09-20T23:00:00
W-1170,DHDT,2.0,2026-09-20T23:30:00
W-1176,ETP,0.7,2026-09-20T08:00:00
W-1176,ETP,1.2,2026-09-20T08:30:00
W-1176,ETP,0.8,2026-09-20T09:00:00
W-1176,ETP,0.8,2026-09-20T09:30:00
W-1176,ETP,1.1,2026-09-20T10:00:00
W-1176,ETP,1.2,2026-09-20T10:30:00
W-1176,ETP,0.6,2026-09-20T11:00:00
W-1176,ETP,1.0,2026-09-20T11:30:00
W-1176,ETP,0.6,2026-09-20T12:00:00
W-1176,ETP,0.8,2026-09-20T12:30:00
W-1176,ETP,1.3,2026-09-20T13:00:00
W-1176,ETP,1.3,2026-09-20T13:30:00
W-1176,ETP,0.7,2026-09-20T14:00:00
W-1176,ETP,0.7,2026-09-20T14:30:00
W-1176,ETP,1.3,2026-09-20T15:00:00
W-1176,ETP,2.7,2026-09-20T15:30:00
W-1182,SRU,5.0,2026-09-20T00:00:00
W-1182,SRU,5.8,2026-09-20T00:30:00
W-1182,SRU,4.6,2026-09-20T01:00:00
W-1182,SRU,4.4,2026-09-20T01:30:00
W-1182,SRU,2.8,2026-09-20T02:00:00
W-1182,SRU,17.3,2026-09-20T02:30:00
W-1182,SRU,5.3,2026-09-20T03:00:00
W-1182,SRU,4.6,2026-09-20T03:30:00
W-1182,SRU,2.9,2026-09-20T04:00:00
W-1182,SRU,4.3,2026-09-20T04:30:00
W-1182,SRU,7.4,2026-09-20T05:00:00
W-1182,SRU,12.9,2026-09-20T05:30:00
W-1182,SRU,4.6,2026-09-20T06:00:00
W-1182,SRU,3.7,2026-09-20T06:30:00
W-1182,SRU,4.8,2026-09-20T07:00:00
W-1182,SRU,3.3,2026-09-20T07:30:00
W-1185,ARU,3.2,2026-09-20T08:00:00
W-1185,ARU,2.7,2026-09-20T08:30:00
W-1185,ARU,5.0,2026-09-20T09:00:00
W-1185,ARU,4.9,2026-09-20T09:30:00
W-1185,ARU,4.8,2026-09-20T10:00:00
W-1185,ARU,5.4,2026-09-20T10:30:00
W-1185,ARU,4.0,2026-09-20T11:00:00
W-1185,ARU,3.4,2026-09-20T11:30:00
W-1185,ARU,2.3,2026-09-20T12:00:00
W-1185,ARU,13.4,2026-09-20T12:30:00
W-1185,ARU,13.2,2026-09-20T13:00:00
W-1185,ARU,3.5,2026-09-20T13:30:00
W-1185,ARU,3.6,2026-09-20T14:00:00
W-1185,ARU,2.6,2026-09-20T14:30:00
W-1185,ARU,3.6,2026-09-20T15:00:00
W-1185,ARU,3.3,2026-09-20T15:30:00
W-1191,DCU,3.5,2026-09-20T00:00:00
W-1191,DCU,2.2,2026-09-20T00:30:00
W-1191,DCU,1.5,2026-09-20T01:00:00
W-1191,DCU,2.1,2026-09-20T01:30:00
W-1191,DCU,2.8,2026-09-20T02:00:00
W-1191,DCU,1.4,2026-09-20T02:30:00
W-1191,DCU,1.4,2026-09-20T03:00:00
W-1191,DCU,2.6,2026-09-20T03:30:00
W-1191,DCU,2.9,2026-09-20T04:00:00
W-1191,DCU,2.0,2026-09-20T04:30:00
W-1191,DCU,2.7,2026-09-20T05:00:00
W-1191,DCU,3.0,2026-09-20T05:30:00
W-1191,DCU,1.7,2026-09-20T06:00:00
W-1191,DCU,2.8,2026-09-20T06:30:00
W-1191,DCU,2.6,2026-09-20T07:00:00
W-1191,DCU,2.5,2026-09-20T07:30:00
W-1197,DHDT,1.9,2026-09-20T16:00:00
W-1197,DHDT,1.3,2026-09-20T16:30:00
W-1197,DHDT,1.2,2026-09-20T17:00:00
W-1197,DHDT,1.2,2026-09-20T17:30:00
W-1197,DHDT,2.2,2026-09-20T18:00:00
W-1197,DHDT,1.8,2026-09-20T18:30:00
W-1197,DHDT,1.7,2026-09-20T19:00:00
W-1197,DHDT,1.6,2026-09-20T19:30:00
W-1197,DHDT,1.0,2026-09-20T20:00:00
W-1197,DHDT,1.2,2026-09-20T20:30:00
W-1197,DHDT,1.4,2026-09-20T21:00:00
W-1197,DHDT,1.4,2026-09-20T21:30:00
W-1197,DHDT,1.7,2026-09-20T22:00:00
W-1197,DHDT,1.0,2026-09-20T22:30:00
W-1197,DHDT,1.1,2026-09-20T23:00:00
W-1197,DHDT,1.5,2026-09-20T23:30:00
W-1200,CDU-III,1.5,2026-09-20T00:00:00
W-1200,CDU-III,0.8,2026-09-20T00:30:00
W-1200,CDU-III,1.2,2026-09-20T01:00:00
W-1200,CDU-III,1.3,2026-09-20T01:30:00
W-1200,CDU-III,1.5,2026-09-20T02:00:00
W-1200,CDU-III,1.6,2026-09-20T02:30:00
W-1200,CDU-III,3.1,2026-09-20T03:00:00
W-1200,CDU-III,1.2,2026-09-20T03:30:00
W-1200,CDU-III,1.2,2026-09-20T04:00:00
W-1200,CDU-III,0.7,2026-09-20T04:30:00
W-1200,CDU-III,1.0,2026-09-20T05:00:00
W-1200,CDU-III,1.3,2026-09-20T05:30:00
W-1200,CDU-III,1.0,2026-09-20T06:00:00
W-1200,CDU-III,1.2,2026-09-20T06:30:00
W-1200,CDU-III,1.3,2026-09-20T07:00:00
W-1200,CDU-III,0.9,2026-09-20T07:30:00
W-1203,ETP,0.5,2026-09-20T08:00:00
W-1203,ETP,0.6,2026-09-20T08:30:00
W-1203,ETP,0.9,2026-09-20T09:00:00
W-1203,ETP,0.9,2026-09-20T09:30:00
W-1203,ETP,0.7,2026-09-20T10:00:00
W-1203,ETP,0.6,2026-09-20T10:30:00
W-1203,ETP,0.7,2026-09-20T11:00:00
W-1203,ETP,0.9,2026-09-20T11:30:00
W-1203,ETP,1.2,2026-09-20T12:00:00
W-1203,ETP,0.5,2026-09-20T12:30:00
W-1203,ETP,0.6,2026-09-20T13:00:00
W-1203,ETP,1.2,2026-09-20T13:30:00
W-1203,ETP,1.1,2026-09-20T14:00:00
W-1203,ETP,1.2,2026-09-20T14:30:00
W-1203,ETP,1.1,2026-09-20T15:00:00
W-1203,ETP,1.0,2026-09-20T15:30:00
W-1206,TF,0.8,2026-09-20T16:00:00
W-1206,TF,0.5,2026-09-20T16:30:00
W-1206,TF,0.5,2026-09-20T17:00:00
W-1206,TF,0.4,2026-09-20T17:30:00
W-1206,TF,0.4,2026-09-20T18:00:00
W-1206,TF,0.6,2026-09-20T18:30:00
W-1206,TF,0.5,2026-09-20T19:00:00
W-1206,TF,0.7,2026-09-20T19:30:00
W-1206,TF,0.6,2026-09-20T20:00:00
W-1206,TF,0.7,2026-09-20T20:30:00
W-1206,TF,0.7,2026-09-20T21:00:00
W-1206,TF,0.4,2026-09-20T21:30:00
W-1206,TF,0.5,2026-09-20T22:00:00
W-1206,TF,0.4,2026-09-20T22:30:00
W-1206,TF,0.3,2026-09-20T23:00:00
W-1206,TF,0.6,2026-09-20T23:30:00
W-1209,SRU,5.8,2026-09-20T00:00:00
W-1209,SRU,5.5,2026-09-20T00:30:00
W-1209,SRU,5.7,2026-09-20T01:00:00
W-1209,SRU,5.1,2026-09-20T01:30:00
W-1209,SRU,5.5,2026-09-20T02:00:00
W-1209,SRU,3.6,2026-09-20T02:30:00
W-1209,SRU,4.7,2026-09-20T03:00:00
W-1209,SRU,5.9,2026-09-20T03:30:00
W-1209,SRU,4.4,2026-09-20T04:00:00
W-1209,SRU,2.5,2026-09-20T04:30:00
W-1209,SRU,5.9,2026-09-20T05:00:00
W-1209,SRU,4.7,2026-09-20T05:30:00
W-1209,SRU,4.8,2026-09-20T06:00:00
W-1209,SRU,14.9,2026-09-20T06:30:00
W-1209,SRU,10.1,2026-09-20T07:00:00
W-1209,SRU,18.6,2026-09-20T07:30:00
W-1212,ARU,6.8,2026-09-20T08:00:00
W-1212,ARU,8.0,2026-09-20T08:30:00
W-1212,ARU,2.7,2026-09-20T09:00:00
W-1212,ARU,4.1,2026-09-20T09:30:00
W-1212,ARU,4.5,2026-09-20T10:00:00
W-1212,ARU,3.7,2026-09-20T10:30:00
W-1212,ARU,5.0,2026-09-20T11:00:00
W-1212,ARU,13.8,2026-09-20T11:30:00
W-1212,ARU,4.5,2026-09-20T12:00:00
W-1212,ARU,5.0,2026-09-20T12:30:00
W-1212,ARU,4.7,2026-09-20T13:00:00
W-1212,ARU,7.0,2026-09-20T13:30:00
W-1212,ARU,12.8,2026-09-20T14:00:00
W-1212,ARU,5.3,2026-09-20T14:30:00
W-1212,ARU,3.6,2026-09-20T15:00:00
W-1212,ARU,4.7,2026-09-20T15:30:00
W-1215,SWS,3.0,2026-09-20T16:00:00
W-1215,SWS,3.2,2026-09-20T16:30:00
W-1215,SWS,2.9,2026-09-20T17:00:00
W-1215,SWS,4.0,2026-09-20T17:30:00
W-1215,SWS,5.5,2026-09-20T18:00:00
W-1215,SWS,2.8,2026-09-20T18:30:00
W-1215,SWS,4.4,2026-09-20T19:00:00
W-1215,SWS,2.3,2026-09-20T19:30:00
W-1215,SWS,17.8,2026-09-20T20:00:00
W-1215,SWS,12.4,2026-09-20T20:30:00
W-1215,SWS,4.4,2026-09-20T21:00:00
W-1215,SWS,3.7,2026-09-20T21:30:00
W-1215,SWS,3.7,2026-09-20T22:00:00
W-1215,SWS,5.5,2026-09-20T22:30:00
W-1215,SWS,4.6,2026-09-20T23:00:00
W-1215,SWS,4.4,2026-09-20T23:30:00
W-1218,DCU,2.9,2026-09-20T00:00:00
W-1218,DCU,3.3,2026-09-20T00:30:00
W-1218,DCU,5.1,2026-09-20T01:00:00
W-1218,DCU,5.0,2026-09-20T01:30:00
W-1218,DCU,1.6,2026-09-20T02:00:00
W-1218,DCU,1.7,2026-09-20T02:30:00
W-1218,DCU,1.5,2026-09-20T03:00:00
W-1218,DCU,2.3,2026-09-20T03:30:00
W-1218,DCU,1.9,2026-09-20T04:00:00
W-1218,DCU,2.9,2026-09-20T04:30:00
W-1218,DCU,1.6,2026-09-20T05:00:00
W-1218,DCU,1.5,2026-09-20T05:30:00
W-1218,DCU,8.1,2026-09-20T06:00:00
W-1218,DCU,2.7,2026-09-20T06:30:00
W-1218,DCU,2.9,2026-09-20T07:00:00
W-1218,DCU,3.6,2026-09-20T07:30:00
W-1221,HCU,2.5,2026-09-20T08:00:00
W-1221,HCU,4.9,2026-09-20T08:30:00
W-1221,HCU,1.3,2026-09-20T09:00:00
W-1221,HCU,1.7,2026-09-20T09:30:00
W-1221,HCU,2.5,2026-09-20T10:00:00
W-1221,HCU,5.2,2026-09-20T10:30:00
W-1221,HCU,2.6,2026-09-20T11:00:00
W-1221,HCU,1.6,2026-09-20T11:30:00
W-1221,HCU,2.7,2026-09-20T12:00:00
W-1221,HCU,2.0,2026-09-20T12:30:00
W-1221,HCU,2.9,2026-09-20T13:00:00
W-1221,HCU,3.8,2026-09-20T13:30:00
W-1221,HCU,2.2,2026-09-20T14:00:00
W-1221,HCU,2.6,2026-09-20T14:30:00
W-1221,HCU,2.7,2026-09-20T15:00:00
W-1221,HCU,2.5,2026-09-20T15:30:00
W-1224,DHDT,2.0,2026-09-20T16:00:00
W-1224,DHDT,2.1,2026-09-20T16:30:00
W-1224,DHDT,0.9,2026-09-20T17:00:00
W-1224,DHDT,1.5,2026-09-20T17:30:00
W-1224,DHDT,1.8,2026-09-20T18:00:00
W-1224,DHDT,1.4,2026-09-20T18:30:00
W-1224,DHDT,1.7,2026-09-20T19:00:00
W-1224,DHDT,1.9,2026-09-20T19:30:00
W-1224,DHDT,1.1,2026-09-20T20:00:00
W-1224,DHDT,1.0,2026-09-20T20:30:00
W-1224,DHDT,1.3,2026-09-20T21:00:00
W-1224,DHDT,1.3,2026-09-20T21:30:00
W-1224,DHDT,1.1,2026-09-20T22:00:00
W-1224,DHDT,2.0,2026-09-20T22:30:00
W-1224,DHDT,1.3,2026-09-20T23:00:00
W-1224,DHDT,1.7,2026-09-20T23:30:00
W-1227,CDU-III,0.8,2026-09-20T00:00:00
W-1227,CDU-III,0.8,2026-09-20T00:30:00
W-1227,CDU-III,1.6,2026-09-20T01:00:00
W-1227,CDU-III,1.7,2026-09-20T01:30:00
W-1227,CDU-III,4.2,2026-09-20T02:00:00
W-1227,CDU-III,1.2,2026-09-20T02:30:00
W-1227,CDU-III,1.1,2026-09-20T03:00:00
W-1227,CDU-III,3.0,2026-09-20T03:30:00
W-1227,CDU-III,3.1,2026-09-20T04:00:00
W-1227,CDU-III,2.5,2026-09-20T04:30:00
W-1227,CDU-III,0.7,2026-09-20T05:00:00
W-1227,CDU-III,1.0,2026-09-20T05:30:00
W-1227,CDU-III,1.8,2026-09-20T06:00:00
W-1227,CDU-III,0.8,2026-09-20T06:30:00
W-1227,CDU-III,1.2,2026-09-20T07:00:00
W-1227,CDU-III,1.3,2026-09-20T07:30:00
W-1230,ETP,0.7,2026-09-20T08:00:00
W-1230,ETP,1.3,2026-09-20T08:30:00
W-1230,ETP,1.3,2026-09-20T09:00:00
W-1230,ETP,1.1,2026-09-20T09:30:00
W-1230,ETP,0.5,2026-09-20T10:00:00
W-1230,ETP,1.0,2026-09-20T10:30:00
W-1230,ETP,3.8,2026-09-20T11:00:00
W-1230,ETP,0.9,2026-09-20T11:30:00
W-1230,ETP,1.1,2026-09-20T12:00:00
W-1230,ETP,0.9,2026-09-20T12:30:00
W-1230,ETP,0.6,2026-09-20T13:00:00
W-1230,ETP,0.5,2026-09-20T13:30:00
W-1230,ETP,1.3,2026-09-20T14:00:00
W-1230,ETP,0.9,2026-09-20T14:30:00
W-1230,ETP,1.3,2026-09-20T15:00:00
W-1230,ETP,1.1,2026-09-20T15:30:00
W-1233,TF,0.5,2026-09-20T16:00:00
W-1233,TF,0.4,2026-09-20T16:30:00
W-1233,TF,0.6,2026-09-20T17:00:00
W-1233,TF,0.7,2026-09-20T17:30:00
W-1233,TF,0.3,2026-09-20T18:00:00
W-1233,TF,0.5,2026-09-20T18:30:00
W-1233,TF,0.4,2026-09-20T19:00:00
W-1233,TF,0.7,2026-09-20T19:30:00
W-1233,TF,0.5,2026-09-20T20:00:00
W-1233,TF,0.3,2026-09-20T20:30:00
W-1233,TF,0.6,2026-09-20T21:00:00
W-1233,TF,0.5,2026-09-20T21:30:00
W-1233,TF,0.5,2026-09-20T22:00:00
W-1233,TF,0.5,2026-09-20T22:30:00
W-1233,TF,0.5,2026-09-20T23:00:00
W-1233,TF,0.6,2026-09-20T23:30:00
W-1101,SRU,5.3,2026-09-21T00:00:00
W-1101,SRU,6.3,2026-09-21T00:30:00
W-1101,SRU,3.3,2026-09-21T01:00:00
W-1101,SRU,4.3,2026-09-21T01:30:00
W-1101,SRU,4.6,2026-09-21T02:00:00
W-1101,SRU,4.3,2026-09-21T02:30:00
W-1101,SRU,7.4,2026-09-21T03:00:00
W-1101,SRU,5.1,2026-09-21T03:30:00
W-1101,SRU,19.9,2026-09-21T04:00:00
W-1101,SRU,6.3,2026-09-21T04:30:00
W-1101,SRU,4.7,2026-09-21T05:00:00
W-1101,SRU,6.1,2026-09-21T05:30:00
W-1101,SRU,2.8,2026-09-21T06:00:00
W-1101,SRU,3.3,2026-09-21T06:30:00
W-1101,SRU,4.5,2026-09-21T07:00:00
W-1101,SRU,15.7,2026-09-21T07:30:00
W-1104,ARU,3.8,2026-09-21T08:00:00
W-1104,ARU,5.3,2026-09-21T08:30:00
W-1104,ARU,12.0,2026-09-21T09:00:00
W-1104,ARU,20.5,2026-09-21T09:30:00
W-1104,ARU,12.1,2026-09-21T10:00:00
W-1104,ARU,3.6,2026-09-21T10:30:00
W-1104,ARU,4.6,2026-09-21T11:00:00
W-1104,ARU,4.2,2026-09-21T11:30:00
W-1104,ARU,3.6,2026-09-21T12:00:00
W-1104,ARU,3.7,2026-09-21T12:30:00
W-1104,ARU,5.1,2026-09-21T13:00:00
W-1104,ARU,4.5,2026-09-21T13:30:00
W-1104,ARU,2.9,2026-09-21T14:00:00
W-1104,ARU,5.8,2026-09-21T14:30:00
W-1104,ARU,6.2,2026-09-21T15:00:00
W-1104,ARU,6.2,2026-09-21T15:30:00
W-1107,SWS,5.2,2026-09-21T16:00:00
W-1107,SWS,6.2,2026-09-21T16:30:00
W-1107,SWS,15.2,2026-09-21T17:00:00
W-1107,SWS,16.8,2026-09-21T17:30:00
W-1107,SWS,3.3,2026-09-21T18:00:00
W-1107,SWS,5.8,2026-09-21T18:30:00
W-1107,SWS,2.6,2026-09-21T19:00:00
W-1107,SWS,6.6,2026-09-21T19:30:00
W-1107,SWS,3.1,2026-09-21T20:00:00
W-1107,SWS,2.7,2026-09-21T20:30:00
W-1107,SWS,6.2,2026-09-21T21:00:00
W-1107,SWS,5.1,2026-09-21T21:30:00
W-1107,SWS,2.8,2026-09-21T22:00:00
W-1107,SWS,2.7,2026-09-21T22:30:00
W-1107,SWS,3.0,2026-09-21T23:00:00
W-1107,SWS,5.3,2026-09-21T23:30:00
W-1110,DCU,4.0,2026-09-21T00:00:00
W-1110,DCU,2.6,2026-09-21T00:30:00
W-1110,DCU,2.9,2026-09-21T01:00:00
W-1110,DCU,2.2,2026-09-21T01:30:00
W-1110,DCU,4.1,2026-09-21T02:00:00
W-1110,DCU,3.3,2026-09-21T02:30:00
W-1110,DCU,3.3,2026-09-21T03:00:00
W-1110,DCU,2.3,2026-09-21T03:30:00
W-1110,DCU,2.9,2026-09-21T04:00:00
W-1110,DCU,4.4,2026-09-21T04:30:00
W-1110,DCU,9.8,2026-09-21T05:00:00
W-1110,DCU,4.2,2026-09-21T05:30:00
W-1110,DCU,3.1,2026-09-21T06:00:00
W-1110,DCU,3.2,2026-09-21T06:30:00
W-1110,DCU,1.9,2026-09-21T07:00:00
W-1110,DCU,1.8,2026-09-21T07:30:00
W-1113,HCU,2.3,2026-09-21T08:00:00
W-1113,HCU,2.6,2026-09-21T08:30:00
W-1113,HCU,2.4,2026-09-21T09:00:00
W-1113,HCU,7.1,2026-09-21T09:30:00
W-1113,HCU,3.7,2026-09-21T10:00:00
W-1113,HCU,3.2,2026-09-21T10:30:00
W-1113,HCU,2.8,2026-09-21T11:00:00
W-1113,HCU,2.6,2026-09-21T11:30:00
W-1113,HCU,3.0,2026-09-21T12:00:00
W-1113,HCU,3.1,2026-09-21T12:30:00
W-1113,HCU,3.2,2026-09-21T13:00:00
W-1113,HCU,1.8,2026-09-21T13:30:00
W-1113,HCU,8.1,2026-09-21T14:00:00
W-1113,HCU,6.2,2026-09-21T14:30:00
W-1113,HCU,6.0,2026-09-21T15:00:00
W-1113,HCU,2.1,2026-09-21T15:30:00
W-1116,DHDT,1.3,2026-09-21T16:00:00
W-1116,DHDT,2.2,2026-09-21T16:30:00
W-1116,DHDT,1.8,2026-09-21T17:00:00
W-1116,DHDT,1.5,2026-09-21T17:30:00
W-1116,DHDT,1.9,2026-09-21T18:00:00
W-1116,DHDT,1.8,2026-09-21T18:30:00
W-1116,DHDT,2.0,2026-09-21T19:00:00
W-1116,DHDT,1.6,2026-09-21T19:30:00
W-1116,DHDT,3.0,2026-09-21T20:00:00
W-1116,DHDT,1.9,2026-09-21T20:30:00
W-1116,DHDT,2.5,2026-09-21T21:00:00
W-1116,DHDT,1.9,2026-09-21T21:30:00
W-1116,DHDT,2.5,2026-09-21T22:00:00
W-1116,DHDT,2.4,2026-09-21T22:30:00
W-1116,DHDT,2.5,2026-09-21T23:00:00
W-1116,DHDT,1.5,2026-09-21T23:30:00
W-1119,CDU-III,1.8,2026-09-21T00:00:00
W-1119,CDU-III,1.9,2026-09-21T00:30:00
W-1119,CDU-III,1.5,2026-09-21T01:00:00
W-1119,CDU-III,2.0,2026-09-21T01:30:00
W-1119,CDU-III,2.0,2026-09-21T02:00:00
W-1119,CDU-III,1.6,2026-09-21T02:30:00
W-1119,CDU-III,1.6,2026-09-21T03:00:00
W-1119,CDU-III,1.6,2026-09-21T03:30:00
W-1119,CDU-III,0.9,2026-09-21T04:00:00
W-1119,CDU-III,1.3,2026-09-21T04:30:00
W-1119,CDU-III,1.2,2026-09-21T05:00:00
W-1119,CDU-III,1.1,2026-09-21T05:30:00
W-1119,CDU-III,1.4,2026-09-21T06:00:00
W-1119,CDU-III,1.5,2026-09-21T06:30:00
W-1119,CDU-III,1.7,2026-09-21T07:00:00
W-1119,CDU-III,1.8,2026-09-21T07:30:00
W-1122,ETP,1.2,2026-09-21T08:00:00
W-1122,ETP,0.8,2026-09-21T08:30:00
W-1122,ETP,0.9,2026-09-21T09:00:00
W-1122,ETP,1.2,2026-09-21T09:30:00
W-1122,ETP,3.2,2026-09-21T10:00:00
W-1122,ETP,1.2,2026-09-21T10:30:00
W-1122,ETP,0.9,2026-09-21T11:00:00
W-1122,ETP,0.7,2026-09-21T11:30:00
W-1122,ETP,0.7,2026-09-21T12:00:00
W-1122,ETP,1.0,2026-09-21T12:30:00
W-1122,ETP,0.6,2026-09-21T13:00:00
W-1122,ETP,1.1,2026-09-21T13:30:00
W-1122,ETP,1.4,2026-09-21T14:00:00
W-1122,ETP,1.6,2026-09-21T14:30:00
W-1122,ETP,0.8,2026-09-21T15:00:00
W-1122,ETP,1.2,2026-09-21T15:30:00
W-1125,TF,0.9,2026-09-21T16:00:00
W-1125,TF,2.2,2026-09-21T16:30:00
W-1125,TF,0.8,2026-09-21T17:00:00
W-1125,TF,0.4,2026-09-21T17:30:00
W-1125,TF,0.4,2026-09-21T18:00:00
W-1125,TF,0.5,2026-09-21T18:30:00
W-1125,TF,0.6,2026-09-21T19:00:00
W-1125,TF,0.5,2026-09-21T19:30:00
W-1125,TF,0.8,2026-09-21T20:00:00
W-1125,TF,0.4,2026-09-21T20:30:00
W-1125,TF,0.4,2026-09-21T21:00:00
W-1125,TF,0.8,2026-09-21T21:30:00
W-1125,TF,0.6,2026-09-21T22:00:00
W-1125,TF,0.7,2026-09-21T22:30:00
W-1125,TF,0.3,2026-09-21T23:00:00
W-1125,TF,0.7,2026-09-21T23:30:00
W-1128,SRU,5.4,2026-09-21T00:00:00
W-1128,SRU,4.9,2026-09-21T00:30:00
W-1128,SRU,4.1,2026-09-21T01:00:00
W-1128,SRU,6.5,2026-09-21T01:30:00
W-1128,SRU,6.2,2026-09-21T02:00:00
W-1128,SRU,14.0,2026-09-21T02:30:00
W-1128,SRU,15.3,2026-09-21T03:00:00
W-1128,SRU,21.5,2026-09-21T03:30:00
W-1128,SRU,9.9,2026-09-21T04:00:00
W-1128,SRU,5.4,2026-09-21T04:30:00
W-1128,SRU,6.6,2026-09-21T05:00:00
W-1128,SRU,5.6,2026-09-21T05:30:00
W-1128,SRU,3.3,2026-09-21T06:00:00
W-1128,SRU,6.7,2026-09-21T06:30:00
W-1128,SRU,14.4,2026-09-21T07:00:00
W-1128,SRU,20.6,2026-09-21T07:30:00
W-1134,SWS,3.6,2026-09-21T16:00:00
W-1134,SWS,3.8,2026-09-21T16:30:00
W-1134,SWS,3.4,2026-09-21T17:00:00
W-1134,SWS,6.3,2026-09-21T17:30:00
W-1134,SWS,2.9,2026-09-21T18:00:00
W-1134,SWS,5.2,2026-09-21T18:30:00
W-1134,SWS,3.5,2026-09-21T19:00:00
W-1134,SWS,10.5,2026-09-21T19:30:00
W-1134,SWS,10.9,2026-09-21T20:00:00
W-1134,SWS,2.6,2026-09-21T20:30:00
W-1134,SWS,3.2,2026-09-21T21:00:00
W-1134,SWS,6.1,2026-09-21T21:30:00
W-1134,SWS,4.7,2026-09-21T22:00:00
W-1134,SWS,6.6,2026-09-21T22:30:00
W-1134,SWS,2.6,2026-09-21T23:00:00
W-1134,SWS,4.7,2026-09-21T23:30:00
W-1137,DCU,3.9,2026-09-21T00:00:00
W-1137,DCU,1.6,2026-09-21T00:30:00
W-1137,DCU,3.8,2026-09-21T01:00:00
W-1137,DCU,3.2,2026-09-21T01:30:00
W-1137,DCU,4.2,2026-09-21T02:00:00
W-1137,DCU,3.2,2026-09-21T02:30:00
W-1137,DCU,2.9,2026-09-21T03:00:00
W-1137,DCU,4.2,2026-09-21T03:30:00
W-1137,DCU,3.9,2026-09-21T04:00:00
W-1137,DCU,3.1,2026-09-21T04:30:00
W-1137,DCU,1.8,2026-09-21T05:00:00
W-1137,DCU,2.4,2026-09-21T05:30:00
W-1137,DCU,3.9,2026-09-21T06:00:00
W-1137,DCU,3.3,2026-09-21T06:30:00
W-1137,DCU,2.3,2026-09-21T07:00:00
W-1137,DCU,1.6,2026-09-21T07:30:00
W-1140,HCU,7.5,2026-09-21T08:00:00
W-1140,HCU,7.5,2026-09-21T08:30:00
W-1140,HCU,2.6,2026-09-21T09:00:00
W-1140,HCU,2.6,2026-09-21T09:30:00
W-1140,HCU,2.9,2026-09-21T10:00:00
W-1140,HCU,3.8,2026-09-21T10:30:00
W-1140,HCU,7.0,2026-09-21T11:00:00
W-1140,HCU,4.0,2026-09-21T11:30:00
W-1140,HCU,3.4,2026-09-21T12:00:00
W-1140,HCU,7.8,2026-09-21T12:30:00
W-1140,HCU,2.5,2026-09-21T13:00:00
W-1140,HCU,1.6,2026-09-21T13:30:00
W-1140,HCU,1.7,2026-09-21T14:00:00
W-1140,HCU,1.4,2026-09-21T14:30:00
W-1140,HCU,2.4,2026-09-21T15:00:00
W-1140,HCU,3.0,2026-09-21T15:30:00
W-1143,DHDT,1.9,2026-09-21T16:00:00
W-1143,DHDT,2.3,2026-09-21T16:30:00
W-1143,DHDT,1.2,2026-09-21T17:00:00
W-1143,DHDT,1.2,2026-09-21T17:30:00
W-1143,DHDT,1.3,2026-09-21T18:00:00
W-1143,DHDT,2.0,2026-09-21T18:30:00
W-1143,DHDT,1.4,2026-09-21T19:00:00
W-1143,DHDT,1.2,2026-09-21T19:30:00
W-1143,DHDT,1.2,2026-09-21T20:00:00
W-1143,DHDT,1.1,2026-09-21T20:30:00
W-1143,DHDT,1.9,2026-09-21T21:00:00
W-1143,DHDT,2.2,2026-09-21T21:30:00
W-1143,DHDT,1.9,2026-09-21T22:00:00
W-1143,DHDT,4.3,2026-09-21T22:30:00
W-1143,DHDT,3.8,2026-09-21T23:00:00
W-1143,DHDT,5.9,2026-09-21T23:30:00
W-1146,CDU-III,1.2,2026-09-21T00:00:00
W-1146,CDU-III,1.0,2026-09-21T00:30:00
W-1146,CDU-III,1.0,2026-09-21T01:00:00
W-1146,CDU-III,1.1,2026-09-21T01:30:00
W-1146,CDU-III,1.8,2026-09-21T02:00:00
W-1146,CDU-III,1.8,2026-09-21T02:30:00
W-1146,CDU-III,1.4,2026-09-21T03:00:00
W-1146,CDU-III,1.6,2026-09-21T03:30:00
W-1146,CDU-III,2.0,2026-09-21T04:00:00
W-1146,CDU-III,1.7,2026-09-21T04:30:00
W-1146,CDU-III,1.7,2026-09-21T05:00:00
W-1146,CDU-III,2.0,2026-09-21T05:30:00
W-1146,CDU-III,1.3,2026-09-21T06:00:00
W-1146,CDU-III,2.1,2026-09-21T06:30:00
W-1146,CDU-III,1.3,2026-09-21T07:00:00
W-1146,CDU-III,1.2,2026-09-21T07:30:00
W-1149,ETP,1.4,2026-09-21T08:00:00
W-1149,ETP,0.7,2026-09-21T08:30:00
W-1149,ETP,1.3,2026-09-21T09:00:00
W-1149,ETP,0.6,2026-09-21T09:30:00
W-1149,ETP,1.3,2026-09-21T10:00:00
W-1149,ETP,0.7,2026-09-21T10:30:00
W-1149,ETP,3.0,2026-09-21T11:00:00
W-1149,ETP,2.1,2026-09-21T11:30:00
W-1149,ETP,0.9,2026-09-21T12:00:00
W-1149,ETP,1.3,2026-09-21T12:30:00
W-1149,ETP,1.4,2026-09-21T13:00:00
W-1149,ETP,0.7,2026-09-21T13:30:00
W-1149,ETP,1.3,2026-09-21T14:00:00
W-1149,ETP,1.3,2026-09-21T14:30:00
W-1149,ETP,0.8,2026-09-21T15:00:00
W-1149,ETP,0.9,2026-09-21T15:30:00
W-1152,TF,0.4,2026-09-21T16:00:00
W-1152,TF,0.8,2026-09-21T16:30:00
W-1152,TF,0.5,2026-09-21T17:00:00
W-1152,TF,0.6,2026-09-21T17:30:00
W-1152,TF,0.5,2026-09-21T18:00:00
W-1152,TF,0.8,2026-09-21T18:30:00
W-1152,TF,0.7,2026-09-21T19:00:00
W-1152,TF,0.4,2026-09-21T19:30:00
W-1152,TF,0.7,2026-09-21T20:00:00
W-1152,TF,0.8,2026-09-21T20:30:00
W-1152,TF,0.8,2026-09-21T21:00:00
W-1152,TF,0.6,2026-09-21T21:30:00
W-1152,TF,0.5,2026-09-21T22:00:00
W-1152,TF,0.3,2026-09-21T22:30:00
W-1152,TF,0.5,2026-09-21T23:00:00
W-1152,TF,0.4,2026-09-21T23:30:00
W-1155,SRU,3.2,2026-09-21T00:00:00
W-1155,SRU,6.5,2026-09-21T00:30:00
W-1155,SRU,7.3,2026-09-21T01:00:00
W-1155,SRU,2.9,2026-09-21T01:30:00
W-1155,SRU,6.4,2026-09-21T02:00:00
W-1155,SRU,7.1,2026-09-21T02:30:00
W-1155,SRU,4.8,2026-09-21T03:00:00
W-1155,SRU,12.4,2026-09-21T03:30:00
W-1155,SRU,5.7,2026-09-21T04:00:00
W-1155,SRU,18.5,2026-09-21T04:30:00
W-1155,SRU,10.4,2026-09-21T05:00:00
W-1155,SRU,10.1,2026-09-21T05:30:00
W-1155,SRU,6.3,2026-09-21T06:00:00
W-1155,SRU,5.9,2026-09-21T06:30:00
W-1155,SRU,3.6,2026-09-21T07:00:00
W-1155,SRU,5.5,2026-09-21T07:30:00
W-1158,ARU,5.0,2026-09-21T08:00:00
W-1158,ARU,3.9,2026-09-21T08:30:00
W-1158,ARU,2.7,2026-09-21T09:00:00
W-1158,ARU,3.7,2026-09-21T09:30:00
W-1158,ARU,4.0,2026-09-21T10:00:00
W-1158,ARU,5.0,2026-09-21T10:30:00
W-1158,ARU,2.7,2026-09-21T11:00:00
W-1158,ARU,16.8,2026-09-21T11:30:00
W-1158,ARU,4.6,2026-09-21T12:00:00
W-1158,ARU,4.8,2026-09-21T12:30:00
W-1158,ARU,2.4,2026-09-21T13:00:00
W-1158,ARU,13.6,2026-09-21T13:30:00
W-1158,ARU,10.5,2026-09-21T14:00:00
W-1158,ARU,3.0,2026-09-21T14:30:00
W-1158,ARU,5.2,2026-09-21T15:00:00
W-1158,ARU,5.7,2026-09-21T15:30:00
W-1161,SWS,3.0,2026-09-21T16:00:00
W-1161,SWS,4.6,2026-09-21T16:30:00
W-1161,SWS,6.3,2026-09-21T17:00:00
W-1161,SWS,4.4,2026-09-21T17:30:00
W-1161,SWS,6.5,2026-09-21T18:00:00
W-1161,SWS,6.8,2026-09-21T18:30:00
W-1161,SWS,3.3,2026-09-21T19:00:00
W-1161,SWS,5.9,2026-09-21T19:30:00
W-1161,SWS,5.5,2026-09-21T20:00:00
W-1161,SWS,8.9,2026-09-21T20:30:00
W-1161,SWS,5.5,2026-09-21T21:00:00
W-1161,SWS,2.8,2026-09-21T21:30:00
W-1161,SWS,3.4,2026-09-21T22:00:00
W-1161,SWS,2.8,2026-09-21T22:30:00
W-1161,SWS,21.3,2026-09-21T23:00:00
W-1161,SWS,3.0,2026-09-21T23:30:00
W-1164,DCU,2.5,2026-09-21T00:00:00
W-1164,DCU,2.7,2026-09-21T00:30:00
W-1164,DCU,3.9,2026-09-21T01:00:00
W-1164,DCU,2.6,2026-09-21T01:30:00
W-1164,DCU,2.3,2026-09-21T02:00:00
W-1164,DCU,2.9,2026-09-21T02:30:00
W-1164,DCU,4.2,2026-09-21T03:00:00
W-1164,DCU,2.9,2026-09-21T03:30:00
W-1164,DCU,1.7,2026-09-21T04:00:00
W-1164,DCU,4.1,2026-09-21T04:30:00
W-1164,DCU,8.2,2026-09-21T05:00:00
W-1164,DCU,11.7,2026-09-21T05:30:00
W-1164,DCU,4.8,2026-09-21T06:00:00
W-1164,DCU,1.6,2026-09-21T06:30:00
W-1164,DCU,6.0,2026-09-21T07:00:00
W-1164,DCU,8.4,2026-09-21T07:30:00
W-1167,HCU,2.3,2026-09-21T08:00:00
W-1167,HCU,1.8,2026-09-21T08:30:00
W-1167,HCU,2.1,2026-09-21T09:00:00
W-1167,HCU,3.2,2026-09-21T09:30:00
W-1167,HCU,1.7,2026-09-21T10:00:00
W-1167,HCU,1.8,2026-09-21T10:30:00
W-1167,HCU,2.3,2026-09-21T11:00:00
W-1167,HCU,1.3,2026-09-21T11:30:00
W-1167,HCU,1.7,2026-09-21T12:00:00
W-1167,HCU,1.2,2026-09-21T12:30:00
W-1167,HCU,1.8,2026-09-21T13:00:00
W-1167,HCU,2.5,2026-09-21T13:30:00
W-1167,HCU,1.6,2026-09-21T14:00:00
W-1167,HCU,2.4,2026-09-21T14:30:00
W-1167,HCU,4.0,2026-09-21T15:00:00
W-1167,HCU,6.7,2026-09-21T15:30:00
W-1170,DHDT,1.8,2026-09-21T16:00:00
W-1170,DHDT,1.1,2026-09-21T16:30:00
W-1170,DHDT,2.1,2026-09-21T17:00:00
W-1170,DHDT,2.6,2026-09-21T17:30:00
W-1170,DHDT,1.9,2026-09-21T18:00:00
W-1170,DHDT,1.6,2026-09-21T18:30:00
W-1170,DHDT,2.3,2026-09-21T19:00:00
W-1170,DHDT,1.8,2026-09-21T19:30:00
W-1170,DHDT,1.7,2026-09-21T20:00:00
W-1170,DHDT,1.7,2026-09-21T20:30:00
W-1170,DHDT,2.6,2026-09-21T21:00:00
W-1170,DHDT,1.1,2026-09-21T21:30:00
W-1170,DHDT,2.3,2026-09-21T22:00:00
W-1170,DHDT,1.2,2026-09-21T22:30:00
W-1170,DHDT,2.5,2026-09-21T23:00:00
W-1170,DHDT,1.4,2026-09-21T23:30:00
W-1173,CDU-III,1.4,2026-09-21T00:00:00
W-1173,CDU-III,1.2,2026-09-21T00:30:00
W-1173,CDU-III,1.8,2026-09-21T01:00:00
W-1173,CDU-III,2.0,2026-09-21T01:30:00
W-1173,CDU-III,2.0,2026-09-21T02:00:00
W-1173,CDU-III,1.6,2026-09-21T02:30:00
W-1173,CDU-III,2.4,2026-09-21T03:00:00
W-1173,CDU-III,2.8,2026-09-21T03:30:00
W-1173,CDU-III,1.4,2026-09-21T04:00:00
W-1173,CDU-III,1.9,2026-09-21T04:30:00
W-1173,CDU-III,1.1,2026-09-21T05:00:00
W-1173,CDU-III,1.0,2026-09-21T05:30:00
W-1173,CDU-III,1.8,2026-09-21T06:00:00
W-1173,CDU-III,1.4,2026-09-21T06:30:00
W-1173,CDU-III,1.6,2026-09-21T07:00:00
W-1173,CDU-III,1.9,2026-09-21T07:30:00
W-1176,ETP,1.3,2026-09-21T08:00:00
W-1176,ETP,3.4,2026-09-21T08:30:00
W-1176,ETP,1.1,2026-09-21T09:00:00
W-1176,ETP,1.0,2026-09-21T09:30:00
W-1176,ETP,1.0,2026-09-21T10:00:00
W-1176,ETP,0.9,2026-09-21T10:30:00
W-1176,ETP,1.2,2026-09-21T11:00:00
W-1176,ETP,3.0,2026-09-21T11:30:00
W-1176,ETP,1.3,2026-09-21T12:00:00
W-1176,ETP,1.1,2026-09-21T12:30:00
W-1176,ETP,1.4,2026-09-21T13:00:00
W-1176,ETP,0.9,2026-09-21T13:30:00
W-1176,ETP,1.4,2026-09-21T14:00:00
W-1176,ETP,1.0,2026-09-21T14:30:00
W-1176,ETP,1.6,2026-09-21T15:00:00
W-1176,ETP,0.9,2026-09-21T15:30:00
W-1182,SRU,23.5,2026-09-21T00:00:00
W-1182,SRU,5.2,2026-09-21T00:30:00
W-1182,SRU,6.2,2026-09-21T01:00:00
W-1182,SRU,3.2,2026-09-21T01:30:00
W-1182,SRU,2.9,2026-09-21T02:00:00
W-1182,SRU,5.0,2026-09-21T02:30:00
W-1182,SRU,6.4,2026-09-21T03:00:00
W-1182,SRU,6.7,2026-09-21T03:30:00
W-1182,SRU,4.1,2026-09-21T04:00:00
W-1182,SRU,4.1,2026-09-21T04:30:00
W-1182,SRU,6.1,2026-09-21T05:00:00
W-1182,SRU,5.0,2026-09-21T05:30:00
W-1182,SRU,4.0,2026-09-21T06:00:00
W-1182,SRU,5.5,2026-09-21T06:30:00
W-1182,SRU,5.6,2026-09-21T07:00:00
W-1182,SRU,3.2,2026-09-21T07:30:00
W-1185,ARU,6.0,2026-09-21T08:00:00
W-1185,ARU,6.2,2026-09-21T08:30:00
W-1185,ARU,3.4,2026-09-21T09:00:00
W-1185,ARU,5.1,2026-09-21T09:30:00
W-1185,ARU,14.8,2026-09-21T10:00:00
W-1185,ARU,7.9,2026-09-21T10:30:00
W-1185,ARU,18.6,2026-09-21T11:00:00
W-1185,ARU,3.5,2026-09-21T11:30:00
W-1185,ARU,2.7,2026-09-21T12:00:00
W-1185,ARU,4.4,2026-09-21T12:30:00
W-1185,ARU,5.7,2026-09-21T13:00:00
W-1185,ARU,3.9,2026-09-21T13:30:00
W-1185,ARU,3.1,2026-09-21T14:00:00
W-1185,ARU,6.0,2026-09-21T14:30:00
W-1185,ARU,4.7,2026-09-21T15:00:00
W-1185,ARU,5.4,2026-09-21T15:30:00
W-1188,SWS,4.1,2026-09-21T16:00:00
W-1188,SWS,16.2,2026-09-21T16:30:00
W-1188,SWS,12.0,2026-09-21T17:00:00
W-1188,SWS,9.6,2026-09-21T17:30:00
W-1188,SWS,3.3,2026-09-21T18:00:00
W-1188,SWS,6.2,2026-09-21T18:30:00
W-1188,SWS,5.1,2026-09-21T19:00:00
W-1188,SWS,5.7,2026-09-21T19:30:00
W-1188,SWS,4.7,2026-09-21T20:00:00
W-1188,SWS,3.9,2026-09-21T20:30:00
W-1188,SWS,6.0,2026-09-21T21:00:00
W-1188,SWS,6.5,2026-09-21T21:30:00
W-1188,SWS,6.0,2026-09-21T22:00:00
W-1188,SWS,16.8,2026-09-21T22:30:00
W-1188,SWS,7.2,2026-09-21T23:00:00
W-1188,SWS,3.2,2026-09-21T23:30:00
W-1191,DCU,3.0,2026-09-21T00:00:00
W-1191,DCU,3.5,2026-09-21T00:30:00
W-1191,DCU,3.1,2026-09-21T01:00:00
W-1191,DCU,3.6,2026-09-21T01:30:00
W-1191,DCU,3.1,2026-09-21T02:00:00
W-1191,DCU,2.0,2026-09-21T02:30:00
W-1191,DCU,2.2,2026-09-21T03:00:00
W-1191,DCU,2.7,2026-09-21T03:30:00
W-1191,DCU,2.4,2026-09-21T04:00:00
W-1191,DCU,3.3,2026-09-21T04:30:00
W-1191,DCU,1.6,2026-09-21T05:00:00
W-1191,DCU,2.5,2026-09-21T05:30:00
W-1191,DCU,4.1,2026-09-21T06:00:00
W-1191,DCU,3.5,2026-09-21T06:30:00
W-1191,DCU,2.2,2026-09-21T07:00:00
W-1191,DCU,3.0,2026-09-21T07:30:00
W-1194,HCU,2.3,2026-09-21T08:00:00
W-1194,HCU,2.0,2026-09-21T08:30:00
W-1194,HCU,2.9,2026-09-21T09:00:00
W-1194,HCU,1.7,2026-09-21T09:30:00
W-1194,HCU,3.1,2026-09-21T10:00:00
W-1194,HCU,2.8,2026-09-21T10:30:00
W-1194,HCU,2.3,2026-09-21T11:00:00
W-1194,HCU,2.2,2026-09-21T11:30:00
W-1194,HCU,2.5,2026-09-21T12:00:00
W-1194,HCU,3.2,2026-09-21T12:30:00
W-1194,HCU,2.4,2026-09-21T13:00:00
W-1194,HCU,1.9,2026-09-21T13:30:00
W-1194,HCU,2.0,2026-09-21T14:00:00
W-1194,HCU,3.0,2026-09-21T14:30:00
W-1194,HCU,3.1,2026-09-21T15:00:00
W-1194,HCU,1.4,2026-09-21T15:30:00
W-1200,CDU-III,1.9,2026-09-21T00:00:00
W-1200,CDU-III,1.7,2026-09-21T00:30:00
W-1200,CDU-III,1.2,2026-09-21T01:00:00
W-1200,CDU-III,0.9,2026-09-21T01:30:00
W-1200,CDU-III,2.1,2026-09-21T02:00:00
W-1200,CDU-III,1.2,2026-09-21T02:30:00
W-1200,CDU-III,1.2,2026-09-21T03:00:00
W-1200,CDU-III,1.4,2026-09-21T03:30:00
W-1200,CDU-III,1.2,2026-09-21T04:00:00
W-1200,CDU-III,1.6,2026-09-21T04:30:00
W-1200,CDU-III,0.9,2026-09-21T05:00:00
W-1200,CDU-III,1.7,2026-09-21T05:30:00
W-1200,CDU-III,2.0,2026-09-21T06:00:00
W-1200,CDU-III,1.1,2026-09-21T06:30:00
W-1200,CDU-III,1.0,2026-09-21T07:00:00
W-1200,CDU-III,1.2,2026-09-21T07:30:00
W-1203,ETP,1.5,2026-09-21T08:00:00
W-1203,ETP,1.1,2026-09-21T08:30:00
W-1203,ETP,1.4,2026-09-21T09:00:00
W-1203,ETP,1.1,2026-09-21T09:30:00
W-1203,ETP,1.6,2026-09-21T10:00:00
W-1203,ETP,1.2,2026-09-21T10:30:00
W-1203,ETP,1.4,2026-09-21T11:00:00
W-1203,ETP,1.2,2026-09-21T11:30:00
W-1203,ETP,1.5,2026-09-21T12:00:00
W-1203,ETP,0.8,2026-09-21T12:30:00
W-1203,ETP,0.7,2026-09-21T13:00:00
W-1203,ETP,0.7,2026-09-21T13:30:00
W-1203,ETP,1.2,2026-09-21T14:00:00
W-1203,ETP,0.9,2026-09-21T14:30:00
W-1203,ETP,0.6,2026-09-21T15:00:00
W-1203,ETP,1.3,2026-09-21T15:30:00
W-1209,SRU,3.7,2026-09-21T00:00:00
W-1209,SRU,5.7,2026-09-21T00:30:00
W-1209,SRU,10.3,2026-09-21T01:00:00
W-1209,SRU,7.2,2026-09-21T01:30:00
W-1209,SRU,3.8,2026-09-21T02:00:00
W-1209,SRU,3.4,2026-09-21T02:30:00
W-1209,SRU,3.7,2026-09-21T03:00:00
W-1209,SRU,3.5,2026-09-21T03:30:00
W-1209,SRU,4.4,2026-09-21T04:00:00
W-1209,SRU,3.5,2026-09-21T04:30:00
W-1209,SRU,4.3,2026-09-21T05:00:00
W-1209,SRU,6.9,2026-09-21T05:30:00
W-1209,SRU,4.8,2026-09-21T06:00:00
W-1209,SRU,6.0,2026-09-21T06:30:00
W-1209,SRU,3.1,2026-09-21T07:00:00
W-1209,SRU,3.6,2026-09-21T07:30:00
W-1212,ARU,2.9,2026-09-21T08:00:00
W-1212,ARU,2.5,2026-09-21T08:30:00
W-1212,ARU,2.5,2026-09-21T09:00:00
W-1212,ARU,5.2,2026-09-21T09:30:00
W-1212,ARU,3.8,2026-09-21T10:00:00
W-1212,ARU,5.5,2026-09-21T10:30:00
W-1212,ARU,5.3,2026-09-21T11:00:00
W-1212,ARU,4.9,2026-09-21T11:30:00
W-1212,ARU,4.2,2026-09-21T12:00:00
W-1212,ARU,6.1,2026-09-21T12:30:00
W-1212,ARU,2.7,2026-09-21T13:00:00
W-1212,ARU,3.3,2026-09-21T13:30:00
W-1212,ARU,6.1,2026-09-21T14:00:00
W-1212,ARU,3.9,2026-09-21T14:30:00
W-1212,ARU,3.4,2026-09-21T15:00:00
W-1212,ARU,2.5,2026-09-21T15:30:00
W-1215,SWS,5.8,2026-09-21T16:00:00
W-1215,SWS,6.8,2026-09-21T16:30:00
W-1215,SWS,5.6,2026-09-21T17:00:00
W-1215,SWS,3.6,2026-09-21T17:30:00
W-1215,SWS,4.7,2026-09-21T18:00:00
W-1215,SWS,5.3,2026-09-21T18:30:00
W-1215,SWS,2.9,2026-09-21T19:00:00
W-1215,SWS,3.4,2026-09-21T19:30:00
W-1215,SWS,5.3,2026-09-21T20:00:00
W-1215,SWS,4.9,2026-09-21T20:30:00
W-1215,SWS,5.5,2026-09-21T21:00:00
W-1215,SWS,6.8,2026-09-21T21:30:00
W-1215,SWS,4.8,2026-09-21T22:00:00
W-1215,SWS,3.4,2026-09-21T22:30:00
W-1215,SWS,3.7,2026-09-21T23:00:00
W-1215,SWS,3.5,2026-09-21T23:30:00
W-1218,DCU,3.8,2026-09-21T00:00:00
W-1218,DCU,1.8,2026-09-21T00:30:00
W-1218,DCU,11.6,2026-09-21T01:00:00
W-1218,DCU,5.7,2026-09-21T01:30:00
W-1218,DCU,3.1,2026-09-21T02:00:00
W-1218,DCU,2.0,2026-09-21T02:30:00
W-1218,DCU,8.9,2026-09-21T03:00:00
W-1218,DCU,9.4,2026-09-21T03:30:00
W-1218,DCU,1.9,2026-09-21T04:00:00
W-1218,DCU,2.5,2026-09-21T04:30:00
W-1218,DCU,4.2,2026-09-21T05:00:00
W-1218,DCU,3.4,2026-09-21T05:30:00
W-1218,DCU,2.0,2026-09-21T06:00:00
W-1218,DCU,2.2,2026-09-21T06:30:00
W-1218,DCU,4.2,2026-09-21T07:00:00
W-1218,DCU,2.9,2026-09-21T07:30:00
W-1221,HCU,3.0,2026-09-21T08:00:00
W-1221,HCU,3.0,2026-09-21T08:30:00
W-1221,HCU,3.0,2026-09-21T09:00:00
W-1221,HCU,2.2,2026-09-21T09:30:00
W-1221,HCU,3.1,2026-09-21T10:00:00
W-1221,HCU,3.0,2026-09-21T10:30:00
W-1221,HCU,2.2,2026-09-21T11:00:00
W-1221,HCU,2.8,2026-09-21T11:30:00
W-1221,HCU,2.0,2026-09-21T12:00:00
W-1221,HCU,2.0,2026-09-21T12:30:00
W-1221,HCU,1.2,2026-09-21T13:00:00
W-1221,HCU,2.2,2026-09-21T13:30:00
W-1221,HCU,3.1,2026-09-21T14:00:00
W-1221,HCU,2.9,2026-09-21T14:30:00
W-1221,HCU,1.5,2026-09-21T15:00:00
W-1221,HCU,2.6,2026-09-21T15:30:00
W-1227,CDU-III,1.0,2026-09-21T00:00:00
W-1227,CDU-III,1.3,2026-09-21T00:30:00
W-1227,CDU-III,5.2,2026-09-21T01:00:00
W-1227,CDU-III,1.0,2026-09-21T01:30:00
W-1227,CDU-III,1.1,2026-09-21T02:00:00
W-1227,CDU-III,1.7,2026-09-21T02:30:00
W-1227,CDU-III,0.9,2026-09-21T03:00:00
W-1227,CDU-III,2.1,2026-09-21T03:30:00
W-1227,CDU-III,1.1,2026-09-21T04:00:00
W-1227,CDU-III,1.8,2026-09-21T04:30:00
W-1227,CDU-III,1.1,2026-09-21T05:00:00
W-1227,CDU-III,1.5,2026-09-21T05:30:00
W-1227,CDU-III,1.3,2026-09-21T06:00:00
W-1227,CDU-III,1.6,2026-09-21T06:30:00
W-1227,CDU-III,1.8,2026-09-21T07:00:00
W-1227,CDU-III,2.1,2026-09-21T07:30:00
W-1230,ETP,1.3,2026-09-21T08:00:00
W-1230,ETP,0.9,2026-09-21T08:30:00
W-1230,ETP,1.3,2026-09-21T09:00:00
W-1230,ETP,1.1,2026-09-21T09:30:00
W-1230,ETP,1.6,2026-09-21T10:00:00
W-1230,ETP,1.2,2026-09-21T10:30:00
W-1230,ETP,0.9,2026-09-21T11:00:00
W-1230,ETP,0.9,2026-09-21T11:30:00
W-1230,ETP,0.8,2026-09-21T12:00:00
W-1230,ETP,2.6,2026-09-21T12:30:00
W-1230,ETP,1.0,2026-09-21T13:00:00
W-1230,ETP,1.2,2026-09-21T13:30:00
W-1230,ETP,1.2,2026-09-21T14:00:00
W-1230,ETP,1.0,2026-09-21T14:30:00
W-1230,ETP,0.8,2026-09-21T15:00:00
W-1230,ETP,5.0,2026-09-21T15:30:00
W-1233,TF,0.8,2026-09-21T16:00:00
W-1233,TF,0.3,2026-09-21T16:30:00
W-1233,TF,0.4,2026-09-21T17:00:00
W-1233,TF,0.8,2026-09-21T17:30:00
W-1233,TF,0.5,2026-09-21T18:00:00
W-1233,TF,0.5,2026-09-21T18:30:00
W-1233,TF,0.8,2026-09-21T19:00:00
W-1233,TF,0.4,2026-09-21T19:30:00
W-1233,TF,0.6,2026-09-21T20:00:00
W-1233,TF,0.5,2026-09-21T20:30:00
W-1233,TF,0.4,2026-09-21T21:00:00
W-1233,TF,0.7,2026-09-21T21:30:00
W-1233,TF,0.4,2026-09-21T22:00:00
W-1233,TF,0.4,2026-09-21T22:30:00
W-1233,TF,0.7,2026-09-21T23:00:00
W-1233,TF,0.5,2026-09-21T23:30:00
W-1101,SRU,3.1,2026-09-22T00:00:00
W-1101,SRU,2.6,2026-09-22T00:30:00
W-1101,SRU,2.8,2026-09-22T01:00:00
W-1101,SRU,5.7,2026-09-22T01:30:00
W-1101,SRU,2.8,2026-09-22T02:00:00
W-1101,SRU,6.9,2026-09-22T02:30:00
W-1101,SRU,4.2,2026-09-22T03:00:00
W-1101,SRU,5.0,2026-09-22T03:30:00
W-1101,SRU,3.4,2026-09-22T04:00:00
W-1101,SRU,4.2,2026-09-22T04:30:00
W-1101,SRU,2.2,2026-09-22T05:00:00
W-1101,SRU,2.8,2026-09-22T05:30:00
W-1101,SRU,4.0,2026-09-22T06:00:00
W-1101,SRU,3.4,2026-09-22T06:30:00
W-1101,SRU,4.1,2026-09-22T07:00:00
W-1101,SRU,14.9,2026-09-22T07:30:00
W-1107,SWS,5.0,2026-09-22T16:00:00
W-1107,SWS,2.4,2026-09-22T16:30:00
W-1107,SWS,5.0,2026-09-22T17:00:00
W-1107,SWS,4.9,2026-09-22T17:30:00
W-1107,SWS,3.4,2026-09-22T18:00:00
W-1107,SWS,4.0,2026-09-22T18:30:00
W-1107,SWS,4.7,2026-09-22T19:00:00
W-1107,SWS,4.2,2026-09-22T19:30:00
W-1107,SWS,3.7,2026-09-22T20:00:00
W-1107,SWS,2.9,2026-09-22T20:30:00
W-1107,SWS,2.7,2026-09-22T21:00:00
W-1107,SWS,3.1,2026-09-22T21:30:00
W-1107,SWS,3.6,2026-09-22T22:00:00
W-1107,SWS,9.7,2026-09-22T22:30:00
W-1107,SWS,7.1,2026-09-22T23:00:00
W-1107,SWS,3.6,2026-09-22T23:30:00
W-1110,DCU,1.4,2026-09-22T00:00:00
W-1110,DCU,3.0,2026-09-22T00:30:00
W-1110,DCU,1.3,2026-09-22T01:00:00
W-1110,DCU,1.9,2026-09-22T01:30:00
W-1110,DCU,2.5,2026-09-22T02:00:00
W-1110,DCU,2.2,2026-09-22T02:30:00
W-1110,DCU,7.3,2026-09-22T03:00:00
W-1110,DCU,3.1,2026-09-22T03:30:00
W-1110,DCU,1.7,2026-09-22T04:00:00
W-1110,DCU,1.9,2026-09-22T04:30:00
W-1110,DCU,1.5,2026-09-22T05:00:00
W-1110,DCU,2.6,2026-09-22T05:30:00
W-1110,DCU,1.5,2026-09-22T06:00:00
W-1110,DCU,1.8,2026-09-22T06:30:00
W-1110,DCU,1.9,2026-09-22T07:00:00
W-1110,DCU,2.5,2026-09-22T07:30:00
W-1113,HCU,0.9,2026-09-22T08:00:00
W-1113,HCU,1.8,2026-09-22T08:30:00
W-1113,HCU,1.9,2026-09-22T09:00:00
W-1113,HCU,1.2,2026-09-22T09:30:00
W-1113,HCU,1.7,2026-09-22T10:00:00
W-1113,HCU,1.9,2026-09-22T10:30:00
W-1113,HCU,1.5,2026-09-22T11:00:00
W-1113,HCU,1.0,2026-09-22T11:30:00
W-1113,HCU,1.8,2026-09-22T12:00:00
W-1113,HCU,2.2,2026-09-22T12:30:00
W-1113,HCU,4.6,2026-09-22T13:00:00
W-1113,HCU,5.7,2026-09-22T13:30:00
W-1113,HCU,1.4,2026-09-22T14:00:00
W-1113,HCU,2.4,2026-09-22T14:30:00
W-1113,HCU,2.3,2026-09-22T15:00:00
W-1113,HCU,1.9,2026-09-22T15:30:00
W-1116,DHDT,0.8,2026-09-22T16:00:00
W-1116,DHDT,1.7,2026-09-22T16:30:00
W-1116,DHDT,1.1,2026-09-22T17:00:00
W-1116,DHDT,1.7,2026-09-22T17:30:00
W-1116,DHDT,0.9,2026-09-22T18:00:00
W-1116,DHDT,2.0,2026-09-22T18:30:00
W-1116,DHDT,1.6,2026-09-22T19:00:00
W-1116,DHDT,1.2,2026-09-22T19:30:00
W-1116,DHDT,1.4,2026-09-22T20:00:00
W-1116,DHDT,1.6,2026-09-22T20:30:00
W-1116,DHDT,1.5,2026-09-22T21:00:00
W-1116,DHDT,1.8,2026-09-22T21:30:00
W-1116,DHDT,0.9,2026-09-22T22:00:00
W-1116,DHDT,0.9,2026-09-22T22:30:00
W-1116,DHDT,1.8,2026-09-22T23:00:00
W-1116,DHDT,1.5,2026-09-22T23:30:00
W-1119,CDU-III,0.7,2026-09-22T00:00:00
W-1119,CDU-III,0.6,2026-09-22T00:30:00
W-1119,CDU-III,1.6,2026-09-22T01:00:00
W-1119,CDU-III,1.0,2026-09-22T01:30:00
W-1119,CDU-III,0.8,2026-09-22T02:00:00
W-1119,CDU-III,0.8,2026-09-22T02:30:00
W-1119,CDU-III,1.4,2026-09-22T03:00:00
W-1119,CDU-III,0.7,2026-09-22T03:30:00
W-1119,CDU-III,0.7,2026-09-22T04:00:00
W-1119,CDU-III,0.6,2026-09-22T04:30:00
W-1119,CDU-III,1.1,2026-09-22T05:00:00
W-1119,CDU-III,1.6,2026-09-22T05:30:00
W-1119,CDU-III,0.7,2026-09-22T06:00:00
W-1119,CDU-III,1.0,2026-09-22T06:30:00
W-1119,CDU-III,0.9,2026-09-22T07:00:00
W-1119,CDU-III,1.0,2026-09-22T07:30:00
W-1122,ETP,0.7,2026-09-22T08:00:00
W-1122,ETP,0.7,2026-09-22T08:30:00
W-1122,ETP,0.6,2026-09-22T09:00:00
W-1122,ETP,1.1,2026-09-22T09:30:00
W-1122,ETP,0.5,2026-09-22T10:00:00
W-1122,ETP,0.5,2026-09-22T10:30:00
W-1122,ETP,0.9,2026-09-22T11:00:00
W-1122,ETP,1.2,2026-09-22T11:30:00
W-1122,ETP,0.6,2026-09-22T12:00:00
W-1122,ETP,1.2,2026-09-22T12:30:00
W-1122,ETP,0.5,2026-09-22T13:00:00
W-1122,ETP,0.5,2026-09-22T13:30:00
W-1122,ETP,1.2,2026-09-22T14:00:00
W-1122,ETP,0.7,2026-09-22T14:30:00
W-1122,ETP,1.1,2026-09-22T15:00:00
W-1122,ETP,0.8,2026-09-22T15:30:00
W-1125,TF,0.7,2026-09-22T16:00:00
W-1125,TF,0.6,2026-09-22T16:30:00
W-1125,TF,0.4,2026-09-22T17:00:00
W-1125,TF,0.3,2026-09-22T17:30:00
W-1125,TF,0.3,2026-09-22T18:00:00
W-1125,TF,0.7,2026-09-22T18:30:00
W-1125,TF,0.6,2026-09-22T19:00:00
W-1125,TF,0.5,2026-09-22T19:30:00
W-1125,TF,0.5,2026-09-22T20:00:00
W-1125,TF,0.6,2026-09-22T20:30:00
W-1125,TF,0.6,2026-09-22T21:00:00
W-1125,TF,0.5,2026-09-22T21:30:00
W-1125,TF,0.3,2026-09-22T22:00:00
W-1125,TF,0.3,2026-09-22T22:30:00
W-1125,TF,0.3,2026-09-22T23:00:00
W-1125,TF,0.3,2026-09-22T23:30:00
W-1128,SRU,3.9,2026-09-22T00:00:00
W-1128,SRU,2.7,2026-09-22T00:30:00
W-1128,SRU,2.9,2026-09-22T01:00:00
W-1128,SRU,5.7,2026-09-22T01:30:00
W-1128,SRU,3.7,2026-09-22T02:00:00
W-1128,SRU,4.5,2026-09-22T02:30:00
W-1128,SRU,4.6,2026-09-22T03:00:00
W-1128,SRU,3.3,2026-09-22T03:30:00
W-1128,SRU,3.3,2026-09-22T04:00:00
W-1128,SRU,10.5,2026-09-22T04:30:00
W-1128,SRU,14.1,2026-09-22T05:00:00
W-1128,SRU,11.5,2026-09-22T05:30:00
W-1128,SRU,4.5,2026-09-22T06:00:00
W-1128,SRU,5.3,2026-09-22T06:30:00
W-1128,SRU,5.5,2026-09-22T07:00:00
W-1128,SRU,3.1,2026-09-22T07:30:00
W-1131,ARU,2.9,2026-09-22T08:00:00
W-1131,ARU,3.5,2026-09-22T08:30:00
W-1131,ARU,3.1,2026-09-22T09:00:00
W-1131,ARU,4.6,2026-09-22T09:30:00
W-1131,ARU,3.1,2026-09-22T10:00:00
W-1131,ARU,2.5,2026-09-22T10:30:00
W-1131,ARU,2.5,2026-09-22T11:00:00
W-1131,ARU,3.9,2026-09-22T11:30:00
W-1131,ARU,4.3,2026-09-22T12:00:00
W-1131,ARU,3.1,2026-09-22T12:30:00
W-1131,ARU,2.4,2026-09-22T13:00:00
W-1131,ARU,8.4,2026-09-22T13:30:00
W-1131,ARU,3.5,2026-09-22T14:00:00
W-1131,ARU,2.8,2026-09-22T14:30:00
W-1131,ARU,3.0,2026-09-22T15:00:00
W-1131,ARU,2.6,2026-09-22T15:30:00
W-1134,SWS,12.9,2026-09-22T16:00:00
W-1134,SWS,9.9,2026-09-22T16:30:00
W-1134,SWS,16.2,2026-09-22T17:00:00
W-1134,SWS,4.3,2026-09-22T17:30:00
W-1134,SWS,14.8,2026-09-22T18:00:00
W-1134,SWS,4.1,2026-09-22T18:30:00
W-1134,SWS,4.4,2026-09-22T19:00:00
W-1134,SWS,2.4,2026-09-22T19:30:00
W-1134,SWS,3.7,2026-09-22T20:00:00
W-1134,SWS,3.3,2026-09-22T20:30:00
W-1134,SWS,3.1,2026-09-22T21:00:00
W-1134,SWS,14.7,2026-09-22T21:30:00
W-1134,SWS,2.5,2026-09-22T22:00:00
W-1134,SWS,3.6,2026-09-22T22:30:00
W-1134,SWS,3.1,2026-09-22T23:00:00
W-1134,SWS,2.8,2026-09-22T23:30:00
W-1143,DHDT,1.0,2026-09-22T16:00:00
W-1143,DHDT,0.9,2026-09-22T16:30:00
W-1143,DHDT,1.4,2026-09-22T17:00:00
W-1143,DHDT,0.9,2026-09-22T17:30:00
W-1143,DHDT,1.1,2026-09-22T18:00:00
W-1143,DHDT,1.4,2026-09-22T18:30:00
W-1143,DHDT,1.9,2026-09-22T19:00:00
W-1143,DHDT,1.0,2026-09-22T19:30:00
W-1143,DHDT,1.0,2026-09-22T20:00:00
W-1143,DHDT,4.3,2026-09-22T20:30:00
W-1143,DHDT,1.7,2026-09-22T21:00:00
W-1143,DHDT,1.4,2026-09-22T21:30:00
W-1143,DHDT,1.5,2026-09-22T22:00:00
W-1143,DHDT,1.3,2026-09-22T22:30:00
W-1143,DHDT,1.8,2026-09-22T23:00:00
W-1143,DHDT,1.9,2026-09-22T23:30:00
W-1146,CDU-III,0.8,2026-09-22T00:00:00
W-1146,CDU-III,1.4,2026-09-22T00:30:00
W-1146,CDU-III,0.6,2026-09-22T01:00:00
W-1146,CDU-III,1.4,2026-09-22T01:30:00
W-1146,CDU-III,1.0,2026-09-22T02:00:00
W-1146,CDU-III,0.6,2026-09-22T02:30:00
W-1146,CDU-III,1.3,2026-09-22T03:00:00
W-1146,CDU-III,0.8,2026-09-22T03:30:00
W-1146,CDU-III,1.0,2026-09-22T04:00:00
W-1146,CDU-III,1.8,2026-09-22T04:30:00
W-1146,CDU-III,1.0,2026-09-22T05:00:00
W-1146,CDU-III,1.5,2026-09-22T05:30:00
W-1146,CDU-III,1.1,2026-09-22T06:00:00
W-1146,CDU-III,4.2,2026-09-22T06:30:00
W-1146,CDU-III,4.2,2026-09-22T07:00:00
W-1146,CDU-III,3.8,2026-09-22T07:30:00
W-1149,ETP,0.6,2026-09-22T08:00:00
W-1149,ETP,1.0,2026-09-22T08:30:00
W-1149,ETP,0.5,2026-09-22T09:00:00
W-1149,ETP,0.8,2026-09-22T09:30:00
W-1149,ETP,0.9,2026-09-22T10:00:00
W-1149,ETP,1.2,2026-09-22T10:30:00
W-1149,ETP,0.7,2026-09-22T11:00:00
W-1149,ETP,0.5,2026-09-22T11:30:00
W-1149,ETP,1.6,2026-09-22T12:00:00
W-1149,ETP,1.7,2026-09-22T12:30:00
W-1149,ETP,1.1,2026-09-22T13:00:00
W-1149,ETP,0.5,2026-09-22T13:30:00
W-1149,ETP,1.1,2026-09-22T14:00:00
W-1149,ETP,0.5,2026-09-22T14:30:00
W-1149,ETP,1.0,2026-09-22T15:00:00
W-1149,ETP,0.9,2026-09-22T15:30:00
W-1152,TF,0.7,2026-09-22T16:00:00
W-1152,TF,0.4,2026-09-22T16:30:00
W-1152,TF,0.5,2026-09-22T17:00:00
W-1152,TF,0.5,2026-09-22T17:30:00
W-1152,TF,0.6,2026-09-22T18:00:00
W-1152,TF,0.6,2026-09-22T18:30:00
W-1152,TF,0.6,2026-09-22T19:00:00
W-1152,TF,0.6,2026-09-22T19:30:00
W-1152,TF,0.4,2026-09-22T20:00:00
W-1152,TF,0.7,2026-09-22T20:30:00
W-1152,TF,0.4,2026-09-22T21:00:00
W-1152,TF,0.4,2026-09-22T21:30:00
W-1152,TF,0.5,2026-09-22T22:00:00
W-1152,TF,0.4,2026-09-22T22:30:00
W-1152,TF,0.4,2026-09-22T23:00:00
W-1152,TF,0.3,2026-09-22T23:30:00
W-1155,SRU,5.2,2026-09-22T00:00:00
W-1155,SRU,4.0,2026-09-22T00:30:00
W-1155,SRU,5.3,2026-09-22T01:00:00
W-1155,SRU,5.5,2026-09-22T01:30:00
W-1155,SRU,3.1,2026-09-22T02:00:00
W-1155,SRU,2.9,2026-09-22T02:30:00
W-1155,SRU,2.7,2026-09-22T03:00:00
W-1155,SRU,5.1,2026-09-22T03:30:00
W-1155,SRU,3.5,2026-09-22T04:00:00
W-1155,SRU,5.4,2026-09-22T04:30:00
W-1155,SRU,5.3,2026-09-22T05:00:00
W-1155,SRU,2.5,2026-09-22T05:30:00
W-1155,SRU,11.1,2026-09-22T06:00:00
W-1155,SRU,10.7,2026-09-22T06:30:00
W-1155,SRU,6.5,2026-09-22T07:00:00
W-1155,SRU,2.4,2026-09-22T07:30:00
W-1158,ARU,4.2,2026-09-22T08:00:00
W-1158,ARU,2.8,2026-09-22T08:30:00
W-1158,ARU,3.2,2026-09-22T09:00:00
W-1158,ARU,3.7,2026-09-22T09:30:00
W-1158,ARU,4.6,2026-09-22T10:00:00
W-1158,ARU,2.8,2026-09-22T10:30:00
W-1158,ARU,2.2,2026-09-22T11:00:00
W-1158,ARU,4.5,2026-09-22T11:30:00
W-1158,ARU,3.6,2026-09-22T12:00:00
W-1158,ARU,4.0,2026-09-22T12:30:00
W-1158,ARU,4.3,2026-09-22T13:00:00
W-1158,ARU,1.9,2026-09-22T13:30:00
W-1158,ARU,1.9,2026-09-22T14:00:00
W-1158,ARU,1.8,2026-09-22T14:30:00
W-1158,ARU,4.5,2026-09-22T15:00:00
W-1158,ARU,2.8,2026-09-22T15:30:00
W-1161,SWS,5.0,2026-09-22T16:00:00
W-1161,SWS,4.1,2026-09-22T16:30:00
W-1161,SWS,2.1,2026-09-22T17:00:00
W-1161,SWS,3.8,2026-09-22T17:30:00
W-1161,SWS,3.3,2026-09-22T18:00:00
W-1161,SWS,11.4,2026-09-22T18:30:00
W-1161,SWS,3.9,2026-09-22T19:00:00
W-1161,SWS,2.1,2026-09-22T19:30:00
W-1161,SWS,2.7,2026-09-22T20:00:00
W-1161,SWS,8.2,2026-09-22T20:30:00
W-1161,SWS,5.0,2026-09-22T21:00:00
W-1161,SWS,3.6,2026-09-22T21:30:00
W-1161,SWS,11.7,2026-09-22T22:00:00
W-1161,SWS,6.9,2026-09-22T22:30:00
W-1161,SWS,3.1,2026-09-22T23:00:00
W-1161,SWS,4.8,2026-09-22T23:30:00
W-1164,DCU,6.6,2026-09-22T00:00:00
W-1164,DCU,8.5,2026-09-22T00:30:00
W-1164,DCU,3.2,2026-09-22T01:00:00
W-1164,DCU,3.2,2026-09-22T01:30:00
W-1164,DCU,2.8,2026-09-22T02:00:00
W-1164,DCU,2.7,2026-09-22T02:30:00
W-1164,DCU,5.9,2026-09-22T03:00:00
W-1164,DCU,5.4,2026-09-22T03:30:00
W-1164,DCU,6.4,2026-09-22T04:00:00
W-1164,DCU,2.2,2026-09-22T04:30:00
W-1164,DCU,1.7,2026-09-22T05:00:00
W-1164,DCU,2.7,2026-09-22T05:30:00
W-1164,DCU,2.2,2026-09-22T06:00:00
W-1164,DCU,2.1,2026-09-22T06:30:00
W-1164,DCU,2.0,2026-09-22T07:00:00
W-1164,DCU,2.5,2026-09-22T07:30:00
W-1167,HCU,2.1,2026-09-22T08:00:00
W-1167,HCU,1.7,2026-09-22T08:30:00
W-1167,HCU,1.6,2026-09-22T09:00:00
W-1167,HCU,2.5,2026-09-22T09:30:00
W-1167,HCU,2.3,2026-09-22T10:00:00
W-1167,HCU,2.2,2026-09-22T10:30:00
W-1167,HCU,1.4,2026-09-22T11:00:00
W-1167,HCU,1.4,2026-09-22T11:30:00
W-1167,HCU,2.8,2026-09-22T12:00:00
W-1167,HCU,1.9,2026-09-22T12:30:00
W-1167,HCU,4.3,2026-09-22T13:00:00
W-1167,HCU,5.4,2026-09-22T13:30:00
W-1167,HCU,2.0,2026-09-22T14:00:00
W-1167,HCU,1.1,2026-09-22T14:30:00
W-1167,HCU,1.6,2026-09-22T15:00:00
W-1167,HCU,2.4,2026-09-22T15:30:00
W-1170,DHDT,1.5,2026-09-22T16:00:00
W-1170,DHDT,1.6,2026-09-22T16:30:00
W-1170,DHDT,1.3,2026-09-22T17:00:00
W-1170,DHDT,1.9,2026-09-22T17:30:00
W-1170,DHDT,0.8,2026-09-22T18:00:00
W-1170,DHDT,1.9,2026-09-22T18:30:00
W-1170,DHDT,1.5,2026-09-22T19:00:00
W-1170,DHDT,1.1,2026-09-22T19:30:00
W-1170,DHDT,0.9,2026-09-22T20:00:00
W-1170,DHDT,1.0,2026-09-22T20:30:00
W-1170,DHDT,1.8,2026-09-22T21:00:00
W-1170,DHDT,1.2,2026-09-22T21:30:00
W-1170,DHDT,0.9,2026-09-22T22:00:00
W-1170,DHDT,1.1,2026-09-22T22:30:00
W-1170,DHDT,1.8,2026-09-22T23:00:00
W-1170,DHDT,0.8,2026-09-22T23:30:00
W-1173,CDU-III,1.3,2026-09-22T00:00:00
W-1173,CDU-III,1.2,2026-09-22T00:30:00
W-1173,CDU-III,0.9,2026-09-22T01:00:00
W-1173,CDU-III,0.6,2026-09-22T01:30:00
W-1173,CDU-III,1.3,2026-09-22T02:00:00
W-1173,CDU-III,1.0,2026-09-22T02:30:00
W-1173,CDU-III,1.1,2026-09-22T03:00:00
W-1173,CDU-III,1.0,2026-09-22T03:30:00
W-1173,CDU-III,1.4,2026-09-22T04:00:00
W-1173,CDU-III,1.2,2026-09-22T04:30:00
W-1173,CDU-III,3.0,2026-09-22T05:00:00
W-1173,CDU-III,2.0,2026-09-22T05:30:00
W-1173,CDU-III,4.1,2026-09-22T06:00:00
W-1173,CDU-III,1.2,2026-09-22T06:30:00
W-1173,CDU-III,0.8,2026-09-22T07:00:00
W-1173,CDU-III,1.0,2026-09-22T07:30:00
W-1176,ETP,1.0,2026-09-22T08:00:00
W-1176,ETP,1.1,2026-09-22T08:30:00
W-1176,ETP,4.5,2026-09-22T09:00:00
W-1176,ETP,3.9,2026-09-22T09:30:00
W-1176,ETP,2.4,2026-09-22T10:00:00
W-1176,ETP,0.5,2026-09-22T10:30:00
W-1176,ETP,0.5,2026-09-22T11:00:00
W-1176,ETP,0.8,2026-09-22T11:30:00
W-1176,ETP,0.9,2026-09-22T12:00:00
W-1176,ETP,1.0,2026-09-22T12:30:00
W-1176,ETP,1.1,2026-09-22T13:00:00
W-1176,ETP,0.6,2026-09-22T13:30:00
W-1176,ETP,1.2,2026-09-22T14:00:00
W-1176,ETP,0.6,2026-09-22T14:30:00
W-1176,ETP,1.1,2026-09-22T15:00:00
W-1176,ETP,0.5,2026-09-22T15:30:00
W-1182,SRU,16.7,2026-09-22T00:00:00
W-1182,SRU,17.3,2026-09-22T00:30:00
W-1182,SRU,15.3,2026-09-22T01:00:00
W-1182,SRU,4.9,2026-09-22T01:30:00
W-1182,SRU,3.8,2026-09-22T02:00:00
W-1182,SRU,2.6,2026-09-22T02:30:00
W-1182,SRU,3.1,2026-09-22T03:00:00
W-1182,SRU,2.1,2026-09-22T03:30:00
W-1182,SRU,3.9,2026-09-22T04:00:00
W-1182,SRU,5.3,2026-09-22T04:30:00
W-1182,SRU,5.1,2026-09-22T05:00:00
W-1182,SRU,3.3,2026-09-22T05:30:00
W-1182,SRU,5.6,2026-09-22T06:00:00
W-1182,SRU,17.1,2026-09-22T06:30:00
W-1182,SRU,4.0,2026-09-22T07:00:00
W-1182,SRU,2.6,2026-09-22T07:30:00
W-1185,ARU,1.8,2026-09-22T08:00:00
W-1185,ARU,3.8,2026-09-22T08:30:00
W-1185,ARU,2.9,2026-09-22T09:00:00
W-1185,ARU,4.6,2026-09-22T09:30:00
W-1185,ARU,4.0,2026-09-22T10:00:00
W-1185,ARU,3.9,2026-09-22T10:30:00
W-1185,ARU,2.0,2026-09-22T11:00:00
W-1185,ARU,4.0,2026-09-22T11:30:00
W-1185,ARU,3.5,2026-09-22T12:00:00
W-1185,ARU,1.9,2026-09-22T12:30:00
W-1185,ARU,3.1,2026-09-22T13:00:00
W-1185,ARU,4.0,2026-09-22T13:30:00
W-1185,ARU,4.2,2026-09-22T14:00:00
W-1185,ARU,4.6,2026-09-22T14:30:00
W-1185,ARU,1.9,2026-09-22T15:00:00
W-1185,ARU,4.0,2026-09-22T15:30:00
W-1188,SWS,4.7,2026-09-22T16:00:00
W-1188,SWS,4.4,2026-09-22T16:30:00
W-1188,SWS,2.9,2026-09-22T17:00:00
W-1188,SWS,3.0,2026-09-22T17:30:00
W-1188,SWS,2.7,2026-09-22T18:00:00
W-1188,SWS,4.6,2026-09-22T18:30:00
W-1188,SWS,2.7,2026-09-22T19:00:00
W-1188,SWS,8.3,2026-09-22T19:30:00
W-1188,SWS,9.1,2026-09-22T20:00:00
W-1188,SWS,19.0,2026-09-22T20:30:00
W-1188,SWS,5.0,2026-09-22T21:00:00
W-1188,SWS,4.0,2026-09-22T21:30:00
W-1188,SWS,3.1,2026-09-22T22:00:00
W-1188,SWS,3.1,2026-09-22T22:30:00
W-1188,SWS,2.6,2026-09-22T23:00:00
W-1188,SWS,2.1,2026-09-22T23:30:00
W-1191,DCU,3.1,2026-09-22T00:00:00
W-1191,DCU,1.9,2026-09-22T00:30:00
W-1191,DCU,1.7,2026-09-22T01:00:00
W-1191,DCU,3.1,2026-09-22T01:30:00
W-1191,DCU,2.4,2026-09-22T02:00:00
W-1191,DCU,5.1,2026-09-22T02:30:00
W-1191,DCU,6.9,2026-09-22T03:00:00
W-1191,DCU,2.8,2026-09-22T03:30:00
W-1191,DCU,1.8,2026-09-22T04:00:00
W-1191,DCU,3.0,2026-09-22T04:30:00
W-1191,DCU,1.3,2026-09-22T05:00:00
W-1191,DCU,1.5,2026-09-22T05:30:00
W-1191,DCU,2.2,2026-09-22T06:00:00
W-1191,DCU,2.3,2026-09-22T06:30:00
W-1191,DCU,2.8,2026-09-22T07:00:00
W-1191,DCU,3.1,2026-09-22T07:30:00
W-1194,HCU,1.0,2026-09-22T08:00:00
W-1194,HCU,2.0,2026-09-22T08:30:00
W-1194,HCU,2.1,2026-09-22T09:00:00
W-1194,HCU,4.1,2026-09-22T09:30:00
W-1194,HCU,5.5,2026-09-22T10:00:00
W-1194,HCU,1.2,2026-09-22T10:30:00
W-1194,HCU,2.0,2026-09-22T11:00:00
W-1194,HCU,2.0,2026-09-22T11:30:00
W-1194,HCU,1.8,2026-09-22T12:00:00
W-1194,HCU,1.3,2026-09-22T12:30:00
W-1194,HCU,2.3,2026-09-22T13:00:00
W-1194,HCU,2.3,2026-09-22T13:30:00
W-1194,HCU,1.8,2026-09-22T14:00:00
W-1194,HCU,1.0,2026-09-22T14:30:00
W-1194,HCU,2.2,2026-09-22T15:00:00
W-1194,HCU,1.7,2026-09-22T15:30:00
W-1197,DHDT,1.8,2026-09-22T16:00:00
W-1197,DHDT,1.5,2026-09-22T16:30:00
W-1197,DHDT,1.9,2026-09-22T17:00:00
W-1197,DHDT,1.7,2026-09-22T17:30:00
W-1197,DHDT,1.7,2026-09-22T18:00:00
W-1197,DHDT,0.8,2026-09-22T18:30:00
W-1197,DHDT,1.0,2026-09-22T19:00:00
W-1197,DHDT,0.9,2026-09-22T19:30:00
W-1197,DHDT,1.8,2026-09-22T20:00:00
W-1197,DHDT,1.9,2026-09-22T20:30:00
W-1197,DHDT,1.8,2026-09-22T21:00:00
W-1197,DHDT,1.1,2026-09-22T21:30:00
W-1197,DHDT,1.8,2026-09-22T22:00:00
W-1197,DHDT,1.4,2026-09-22T22:30:00
W-1197,DHDT,1.4,2026-09-22T23:00:00
W-1197,DHDT,1.6,2026-09-22T23:30:00
W-1203,ETP,0.8,2026-09-22T08:00:00
W-1203,ETP,1.0,2026-09-22T08:30:00
W-1203,ETP,0.7,2026-09-22T09:00:00
W-1203,ETP,0.6,2026-09-22T09:30:00
W-1203,ETP,1.2,2026-09-22T10:00:00
W-1203,ETP,1.1,2026-09-22T10:30:00
W-1203,ETP,1.0,2026-09-22T11:00:00
W-1203,ETP,0.8,2026-09-22T11:30:00
W-1203,ETP,0.5,2026-09-22T12:00:00
W-1203,ETP,0.5,2026-09-22T12:30:00
W-1203,ETP,0.8,2026-09-22T13:00:00
W-1203,ETP,0.6,2026-09-22T13:30:00
W-1203,ETP,0.6,2026-09-22T14:00:00
W-1203,ETP,0.6,2026-09-22T14:30:00
W-1203,ETP,1.0,2026-09-22T15:00:00
W-1203,ETP,0.7,2026-09-22T15:30:00
W-1206,TF,0.3,2026-09-22T16:00:00
W-1206,TF,0.3,2026-09-22T16:30:00
W-1206,TF,0.4,2026-09-22T17:00:00
W-1206,TF,0.3,2026-09-22T17:30:00
W-1206,TF,0.4,2026-09-22T18:00:00
W-1206,TF,0.3,2026-09-22T18:30:00
W-1206,TF,0.3,2026-09-22T19:00:00
W-1206,TF,0.4,2026-09-22T19:30:00
W-1206,TF,0.3,2026-09-22T20:00:00
W-1206,TF,0.4,2026-09-22T20:30:00
W-1206,TF,0.4,2026-09-22T21:00:00
W-1206,TF,0.6,2026-09-22T21:30:00
W-1206,TF,0.5,2026-09-22T22:00:00
W-1206,TF,0.3,2026-09-22T22:30:00
W-1206,TF,0.4,2026-09-22T23:00:00
W-1206,TF,0.3,2026-09-22T23:30:00
W-1209,SRU,4.7,2026-09-22T00:00:00
W-1209,SRU,10.5,2026-09-22T00:30:00
W-1209,SRU,17.3,2026-09-22T01:00:00
W-1209,SRU,12.9,2026-09-22T01:30:00
W-1209,SRU,5.2,2026-09-22T02:00:00
W-1209,SRU,4.8,2026-09-22T02:30:00
W-1209,SRU,10.1,2026-09-22T03:00:00
W-1209,SRU,15.9,2026-09-22T03:30:00
W-1209,SRU,2.2,2026-09-22T04:00:00
W-1209,SRU,4.5,2026-09-22T04:30:00
W-1209,SRU,3.2,2026-09-22T05:00:00
W-1209,SRU,2.4,2026-09-22T05:30:00
W-1209,SRU,4.6,2026-09-22T06:00:00
W-1209,SRU,2.8,2026-09-22T06:30:00
W-1209,SRU,4.0,2026-09-22T07:00:00
W-1209,SRU,4.5,2026-09-22T07:30:00
W-1215,SWS,3.9,2026-09-22T16:00:00
W-1215,SWS,4.8,2026-09-22T16:30:00
W-1215,SWS,3.6,2026-09-22T17:00:00
W-1215,SWS,3.5,2026-09-22T17:30:00
W-1215,SWS,3.3,2026-09-22T18:00:00
W-1215,SWS,2.1,2026-09-22T18:30:00
W-1215,SWS,4.8,2026-09-22T19:00:00
W-1215,SWS,4.3,2026-09-22T19:30:00
W-1215,SWS,14.3,2026-09-22T20:00:00
W-1215,SWS,15.2,2026-09-22T20:30:00
W-1215,SWS,13.4,2026-09-22T21:00:00
W-1215,SWS,14.0,2026-09-22T21:30:00
W-1215,SWS,4.9,2026-09-22T22:00:00
W-1215,SWS,2.0,2026-09-22T22:30:00
W-1215,SWS,5.1,2026-09-22T23:00:00
W-1215,SWS,2.2,2026-09-22T23:30:00
W-1218,DCU,1.3,2026-09-22T00:00:00
W-1218,DCU,2.3,2026-09-22T00:30:00
W-1218,DCU,2.0,2026-09-22T01:00:00
W-1218,DCU,2.0,2026-09-22T01:30:00
W-1218,DCU,2.9,2026-09-22T02:00:00
W-1218,DCU,2.3,2026-09-22T02:30:00
W-1218,DCU,1.6,2026-09-22T03:00:00
W-1218,DCU,3.2,2026-09-22T03:30:00
W-1218,DCU,1.7,2026-09-22T04:00:00
W-1218,DCU,2.9,2026-09-22T04:30:00
W-1218,DCU,1.9,2026-09-22T05:00:00
W-1218,DCU,3.1,2026-09-22T05:30:00
W-1218,DCU,1.2,2026-09-22T06:00:00
W-1218,DCU,1.9,2026-09-22T06:30:00
W-1218,DCU,2.1,2026-09-22T07:00:00
W-1218,DCU,2.4,2026-09-22T07:30:00
W-1224,DHDT,1.0,2026-09-22T16:00:00
W-1224,DHDT,1.3,2026-09-22T16:30:00
W-1224,DHDT,1.5,2026-09-22T17:00:00
W-1224,DHDT,0.9,2026-09-22T17:30:00
W-1224,DHDT,1.1,2026-09-22T18:00:00
W-1224,DHDT,0.8,2026-09-22T18:30:00
W-1224,DHDT,1.3,2026-09-22T19:00:00
W-1224,DHDT,0.8,2026-09-22T19:30:00
W-1224,DHDT,1.1,2026-09-22T20:00:00
W-1224,DHDT,1.5,2026-09-22T20:30:00
W-1224,DHDT,1.5,2026-09-22T21:00:00
W-1224,DHDT,1.3,2026-09-22T21:30:00
W-1224,DHDT,1.3,2026-09-22T22:00:00
W-1224,DHDT,0.9,2026-09-22T22:30:00
W-1224,DHDT,1.4,2026-09-22T23:00:00
W-1224,DHDT,1.2,2026-09-22T23:30:00
W-1227,CDU-III,1.0,2026-09-22T00:00:00
W-1227,CDU-III,1.0,2026-09-22T00:30:00
W-1227,CDU-III,1.5,2026-09-22T01:00:00
W-1227,CDU-III,1.6,2026-09-22T01:30:00
W-1227,CDU-III,1.6,2026-09-22T02:00:00
W-1227,CDU-III,0.6,2026-09-22T02:30:00
W-1227,CDU-III,1.3,2026-09-22T03:00:00
W-1227,CDU-III,1.6,2026-09-22T03:30:00
W-1227,CDU-III,1.0,2026-09-22T04:00:00
W-1227,CDU-III,0.6,2026-09-22T04:30:00
W-1227,CDU-III,2.1,2026-09-22T05:00:00
W-1227,CDU-III,0.8,2026-09-22T05:30:00
W-1227,CDU-III,0.8,2026-09-22T06:00:00
W-1227,CDU-III,1.2,2026-09-22T06:30:00
W-1227,CDU-III,1.5,2026-09-22T07:00:00
W-1227,CDU-III,1.2,2026-09-22T07:30:00
W-1230,ETP,1.0,2026-09-22T08:00:00
W-1230,ETP,0.5,2026-09-22T08:30:00
W-1230,ETP,1.0,2026-09-22T09:00:00
W-1230,ETP,4.0,2026-09-22T09:30:00
W-1230,ETP,0.6,2026-09-22T10:00:00
W-1230,ETP,1.1,2026-09-22T10:30:00
W-1230,ETP,0.9,2026-09-22T11:00:00
W-1230,ETP,0.8,2026-09-22T11:30:00
W-1230,ETP,1.1,2026-09-22T12:00:00
W-1230,ETP,1.1,2026-09-22T12:30:00
W-1230,ETP,0.6,2026-09-22T13:00:00
W-1230,ETP,1.0,2026-09-22T13:30:00
W-1230,ETP,0.7,2026-09-22T14:00:00
W-1230,ETP,1.2,2026-09-22T14:30:00
W-1230,ETP,0.6,2026-09-22T15:00:00
W-1230,ETP,0.8,2026-09-22T15:30:00
W-1233,TF,0.4,2026-09-22T16:00:00
W-1233,TF,0.3,2026-09-22T16:30:00
W-1233,TF,0.5,2026-09-22T17:00:00
W-1233,TF,0.6,2026-09-22T17:30:00
W-1233,TF,0.4,2026-09-22T18:00:00
W-1233,TF,0.4,2026-09-22T18:30:00
W-1233,TF,0.4,2026-09-22T19:00:00
W-1233,TF,0.6,2026-09-22T19:30:00
W-1233,TF,0.4,2026-09-22T20:00:00
W-1233,TF,0.5,2026-09-22T20:30:00
W-1233,TF,0.6,2026-09-22T21:00:00
W-1233,TF,0.5,2026-09-22T21:30:00
W-1233,TF,0.4,2026-09-22T22:00:00
W-1233,TF,0.3,2026-09-22T22:30:00
W-1233,TF,0.4,2026-09-22T23:00:00
W-1233,TF,0.3,2026-09-22T23:30:00
W-1101,SRU,6.4,2026-09-23T00:00:00
W-1101,SRU,4.0,2026-09-23T00:30:00
W-1101,SRU,6.3,2026-09-23T01:00:00
W-1110,DCU,3.8,2026-09-23T00:00:00
W-1110,DCU,1.9,2026-09-23T00:30:00
W-1110,DCU,2.7,2026-09-23T01:00:00
W-1128,SRU,6.3,2026-09-23T00:00:00
W-1128,SRU,6.4,2026-09-23T00:30:00
W-1128,SRU,4.4,2026-09-23T01:00:00
W-1146,CDU-III,2.1,2026-09-23T00:00:00
W-1146,CDU-III,1.4,2026-09-23T00:30:00
W-1146,CDU-III,1.9,2026-09-23T01:00:00
W-1155,SRU,5.9,2026-09-23T00:00:00
W-1155,SRU,5.6,2026-09-23T00:30:00
W-1155,SRU,4.0,2026-09-23T01:00:00
W-1164,DCU,2.6,2026-09-23T00:00:00
W-1164,DCU,3.7,2026-09-23T00:30:00
W-1164,DCU,2.2,2026-09-23T01:00:00
W-1173,CDU-III,1.3,2026-09-23T00:00:00
W-1173,CDU-III,2.0,2026-09-23T00:30:00
W-1173,CDU-III,0.9,2026-09-23T01:00:00
W-1182,SRU,4.6,2026-09-23T00:00:00
W-1182,SRU,5.4,2026-09-23T00:30:00
W-1182,SRU,3.0,2026-09-23T01:00:00
W-1218,DCU,2.5,2026-09-23T00:00:00
W-1218,DCU,2.6,2026-09-23T00:30:00
W-1218,DCU,2.1,2026-09-23T01:00:00
W-1227,CDU-III,1.8,2026-09-23T00:00:00
W-1227,CDU-III,0.8,2026-09-23T00:30:00
W-1227,CDU-III,1.7,2026-09-23T01:00:00
